"text","text_en","cmp_code","eu_code"
"8ο Συνέδριο θέλουμε την Πατρίδα μας πίσω","8th Congress we want our Homeland back","H",NA
"ΠΟΛΙΤΙΚΕΣ ΘΕΣΕΙΣ","POLITICAL POSITIONS","H",NA
"Για την Χρυσή Αυγή του Ελληνισμού","For the Golden Dawn of Hellenism","H",NA
"Προτάσεις για τη λύση του ελληνικού προβλήματος,","Proposals for the solution of the Greek problem,","606.1",NA
"την ανάταξη της εθνικής μας οικονομίας,","the recovery of our national economy,","408",NA
"την δημογραφική άνθηση","the demographic boom","000",NA
"και τη γεωπολιτική αναβάθμιση του Ελληνισμού","and the geopolitical upgrading of Hellenism","109",NA
"Η  ΘΕΣΗ ΤΗΣ  ΕΛΛΑΔΟΣ - ΓΕΝΙ ΚΕΣ  ΑΡΧ ΕΣ","THE POSITION OF GREECE - GENERAL PRINCIPLES","H",NA
"Κατά την ιστορική διαχρονία του ελληνικού γεωγραφικού χώρου, οι ακόλουθες στρατηγικές επιταγές οριοθετούν το πλαίσιο επιβίωσης του Λαού μας: Εξασφάλιση του ελέγχου στο Αιγαίο πέλαγος, και στις νήσους Κερκύρα, Κρήτη και Ρόδο.","Throughout the historical span of the Greek geographical space, the following strategic imperatives have defined the framework for the survival of our People: Securing control of the Aegean Sea and the islands of Corfu, Crete and Rhodes.","606.1",NA
"Προστασία και διασφάλιση της κοιλάδας του Αξιού.","Protecting and safeguarding the Axios valley.","606.1",NA
"Παγίωση της εθνικής κυριαρχίας στο εσωτερικό της χώρας με εξάλειψη διαλυτικών - αποσχιστικών κέντρων και των αντεθνικών τους δράσεων.","Consolidation of national sovereignty within the country by eliminating divisive - separatist centres and their anti-national actions.","606.1",NA
"Σταθερή και δίκαια φορολογική πολιτική.","A stable and fair tax policy.","503",NA
"Συγκέντρωση εθνικού κεφαλαίου με κεντρικό αναπτυξιακό συντονισμό, με παράλληλη ανάπτυξη περιφερειακών κέντρων.","Concentration of national capital with central development coordination, while developing regional centres.","410",NA
"Επέκταση του ελέγχου και της επιρροής στην Κύπρο, ώστε να εξασφαλιστεί η κυριαρχία μας στην Ανατολική Μεσόγειο.","Extending control and influence in Cyprus to ensure our sovereignty in the Eastern Mediterranean.","101",NA
"Η Χρυσή Αυγή πιστεύει και επιδιώκει την ειρηνική συμβίωση και συνεργασία με τους γειτονικούς λαούς.","Golden Dawn believes in and seeks peaceful coexistence and cooperation with neighbouring peoples.","106",NA
"Όμως η Ειρήνη, τόσο η κοινωνική, όσο και αυτή μεταξύ των Εθνών, εδράζεται στον αμοιβαίο σεβασμό του Διεθνούς Δικαίου καθώς και της αξιοπρέπειας εκάστου Έθνους.","But peace, both social and between nations, is based on mutual respect for international law and the dignity of each nation.","106",NA
"Η  Τουρκία  είναι  η  κυρίαρχη  σε  βάρος  μας  κρατική  απειλή  και αναμφισβήτητα αποτελεί μία ανερχόμενη γεωπολιτική δύναμη, ενώ με έκδηλη επεκτατική πρόθεση επεκτείνει την επιρροή της στα Βαλκάνια, την Μέση Ανατολή και τον Καύκασο.","Turkey is the dominant state threat against us and is undoubtedly a rising geopolitical power, and with obvious expansionist intent it is extending its influence in the Balkans, the Middle East and the Caucasus.","102",NA
"Η Ελλάς πρέπει να  μάθει πώς να επιζεί στηριζόμενη στα γεωπολιτικά μέσα της","Greece must learn how to survive by relying on its geopolitical resources","109",NA
"ή να εφεύρει έναν τρόπο να καταστεί αναγκαία  σε μία ή περισσότερες μεγάλες δυνάμεις,",", or to invent a way to become necessary to one or more great powers,","109",NA
"ή να αναζητήσει μία διαρκή «ειρήνη υποταγής» με την Τουρκία, δηλαδή να συναινέσει στην ολοσχερή αυτοαπαξίωση και ιστορική αυτοκτονία της.","or to seek a permanent ""peace of submission"" with Turkey, i.e. to consent to its total self-disarmament and historical suicide.","102",NA
"Είτε έτσι είτε αλλιώς, τα αμέσως επόμενα χρόνια θα είναι εξόχως καθοριστικά για την Ελληνική Ιστορία.","Either way, the years to come will be extremely decisive for Greek history.","601.1",NA
"Το «πακέτο διάσωσης» από το Διεθνές Νομισματικό Ταμείο και την Ευρωπαϊκή Ένωση παρεσχέθη με επισυναπτόμενα πλέγματα βαρείας λιτότητας, τα οποία οδήγησαν σημαντικό μέρος του πληθυσμού σε ραγδαία πτωχοποίηση.","The ""rescue package"" from the International Monetary Fund and the European Union was provided with attached grids of severe austerity, which led a significant part of the population to rapid impoverishment.","103.2",NA
"Τα   αντιλαϊκά   μέτρα   των   ΔΝΤ-ΕΕ,   ήτοι   το   εκάστοτε «Μνημόνιο», αποδυναμώνουν την κεντρική διαχείριση της κυβέρνησης και υπονομεύουν τον έλεγχό της.","The anti-people's measures of the IMF-EU, i.e. the ""Memorandum"", weaken the central administration of the government and undermine its control.","110",NA
"Η συνέχισή τους θα αναγκάσει την  Ελλάδα να αντιμετωπίσει μια ολοκληρωτική κατάρρευση του πολιτικού ελέγχου και έκλυση κοινωνικής βίας.","Their continuation will force Greece to face a total collapse of political control and an outbreak of social violence.","110",NA
"Ο μόνος δρόμος σωτηρίας απαιτεί καταγγελία του χρέους.","The only way of salvation requires the cancellation of the debt.","414",NA
"Για πρώτη φορά από την εθνεγερτική δεκαετία του 1820, η Πατρίδα είναι πραγματικά μόνη της, μάλιστα δε απέναντι σε σωρεία δυσθεώρητων και αλληλοτροφοδοτούμενων προβλημάτων :","For the first time since the nationalist decade of the 1820s, the Homeland is truly alone, and facing a number of immense and mutually reinforcing problems :","109",NA
"1. Η Ελλάς είναι εσωτερικά αποδυναμωμένη λόγω παρατεινόμενης ύφεσης, ανεργίας και κατάρρευσης του βιοτικού επιπέδου.","1. Greece is internally weakened by a prolonged recession, unemployment and a collapse in living standards.","504",NA
"2. Στην Πατρίδα μας ήδη ζει τεράστιος αριθμός λαθρομεταναστών,","2. Our country is already home to a huge number of illegal immigrants,","601.2",NA
"η παρουσία των οποίων εγκυμονεί θανάσιμους κινδύνους για την κοινωνική συνοχή,","whose presence poses deadly risks to social cohesion,","601.2",NA
"για την δημόσια και εθνική ασφάλεια.","public and national security.","605.1",NA
"3. Το κράτος διοικείται από ένα επικινδύνως ανεπαρκές, εθνοαποδομητικό πολιτικό σύστημα.","3. The state is governed by a dangerously inefficient, ethnically deconstructive political system.","608.1",NA
"4. Η ανακάλυψη τεραστίων ενεργειακών αποθεμάτων εντός της ελληνικής ΑΟΖ  εγκυμονεί  τεράστιες  εντάσεις  ή  και  βίαιες  συγκρούσεις  για  την κατανομή τους.","4. The discovery of huge energy reserves within the Greek EEZ poses huge tensions or even violent conflicts over their distribution.","606.1",NA
"5. Ο μεγαλύτερος κίνδυνος για την γεωστρατηγική σταθερότητα στο Αιγαίο και την Ανατολική Μεσόγειο είναι η αναθεωρητική πολιτική της Τουρκίας η οποία φιλοδοξεί να ηγεμονεύσει στην Νοτιοανατολική Μεσόγειο.","5. The greatest danger for geostrategic stability in the Aegean and the Eastern Mediterranean is the revisionist policy of Turkey, which aspires to hegemony in the Southeastern Mediterranean.","102",NA
"Η εσωτερική αποσταθεροποίηση της Τουρκίας προσαυξάνει τον κίνδυνο εξαγωγής της κρίσης προς Δυσμάς.","Turkey's internal destabilisation increases the risk of the crisis spilling over into Dismas.","102",NA
"6. Επίσης, δεν πρέπει να υποτιμάται η περίπτωση εκδήλωσης περαιτέρω συγκρουσιακών τάσεων και ενεργειών από τα δύο άλλα, απροκάλυπτα αναθεωρητικά εις βάρος της Ελλάδος κράτη, την Αλβανία και τα Σκόπια.","6. Also, the possibility of further confrontational tendencies and actions by the two other, overtly revisionist states, Albania and Skopje, against Greece, should not be underestimated.","109",NA
"Το μικρό τους μέγεθος είναι αντιστρόφως ανάλογο προς την ανθελληνική τους επιθετικότητα και τις βλέψεις τους.","Their small size is inversely proportional to their anti-Hellenic aggression and ambitions.","109",NA
"Με την τουρκοαμερικανική συνδρομή έφθασαν να διαθέτουν ένοπλες δυνάμεις όχι κατά πολύ μικρότερες από τις ελληνικές.","With Turkish-American assistance they came to have armed forces not much smaller than the Greek armed forces.","109",NA
"Επιπλέον,   στην   ελληνοσκοπιανή   και   στην   ελληνοαλβανική μεθόριο καταργήθηκαν από τις τελευταίες ξενόδουλες  κυβερνήσεις οι εκεί υπάρχοντες στρατιωτικοί μας σχηματισμοί.","Moreover, on the Greek-Scopian and Greek-Albanian border, our existing military formations there were abolished by the last foreign governments.","109",NA
"7. Ο μέγιστος κίνδυνος είναι να συνδυασθούν μεταξύ τους και να συντονισθούν οι τρεις προαναφερθέντες αναθεωρητισμοί εις βάρος της Ελλάδος.","7. The greatest danger is that the three aforementioned revisionisms will be combined and coordinated to the detriment of Greece.","109",NA
"Η  ΠΟΛΙΤΙΚΗ  ΚΑΤΑΣΤΑΣΗ","THE POLITICAL SITUATION","H",NA
"Βιώνουμε το τέλος της «Μεταπολίτευσης», τις τελευταίες πράξεις ενός δράματος, που οδήγησε την Πατρίδα μας στην ζοφερή οικονομική καταστροφή, διέλυσε τον εθνικό και κοινωνικό ιστό της χώρας, συνέτριψε τα ελληνικά ήθη και επεχείρησε να ξεριζώσει τις παραδοσιακές αξίες.","We are experiencing the end of ""Metapolitics"", the last acts of a drama that led our country to a grim economic disaster, destroyed the national and social fabric of the country, crushed Greek morals and attempted to uproot traditional values.","305.1",NA
"Η Μεταπολίτευση ξεκίνησε με μία εθνική τραγωδία, την «Κυπριακή Καταστροφή» του 1974 που απετέλεσε ταυτόχρονα και εθνική προδοσία, χωρίς ποτέ οι προδότες να περάσουν από δίκη και να λογοδοτήσουν.","The post-independence period began with a national tragedy, the ""Cyprus Catastrophe"" of 1974, which was at the same time a national betrayal, without the traitors ever being tried and held accountable.","601.1",NA
"Οι ίδιοι ξενόδουλοι πολιτικοί έσπρωξαν την Πατρίδα μας στην τότε Ε.Ο.Κ.","The same foreign politicians pushed our country into the then E.O.C.","305.1",NA
"και υποσχέθηκαν στον λαό εύκολο χρήμα και κατανάλωση χωρίς μέτρο.","and promised the people easy money and consumption without moderation.","305.1",NA
"Για να τηρήσουν τις υποσχέσεις αυτές, συνέχιζαν δανειζόμενοι με τοκογλυφικούς όρους και δημιουργώντας μία τεράστια «φούσκα» δημοσίου χρέους.","In order to keep these promises, they continued to borrow on usurious terms and create a huge public debt bubble.","305.1",NA
"Η    Μεταπολίτευση  βασίστηκε  στην  κυριαρχία  μιας  έντονα  κρατικιστικής «πολιτικής οικονομίας» των παροχών και του ρουσφετιού.","The post-communist period was based on the dominance of a strongly statist ""political economy"" of benefits and bribery.","305.1",NA
"Αποδυναμώθηκε και εξοντώθηκε συστηματικά η παραγωγική οικονομία,καθώς ήταν πολύ ευκολότερο να ευημερεί ο εθελόδουλος πολίτης- κομματικός χειροκροτητής,","The productive economy was systematically weakened and eliminated, as it was much easier for the willing citizen-party applauder to prosper","305.1",NA
"μέσω της άμεσης ή έμμεσης κερδοφόρας σχέσης του με το κομματικό κράτος, παρά με την συμμετοχή του στην παραγωγή πραγματικού πλούτου.","through his direct or indirect profitable relationship with the party state than through his participation in the production of real wealth.","304",NA
"Η εθνική κυριαρχία της Ελλάδος έχει περιοριστεί δραματικά.","Greece's national sovereignty has been dramatically reduced.","109",NA
"Ενδεικτικά αναφέρουμε την προς τούτο κυνική ομολογία της Προέδρου της Βουλής Άννας Ψαρούδα-Μπενάκη το 2005, το καθεστώς των μνημονίων και την υπαγωγή  στο  Αγγλικό  δίκαιο,","Indicatively, we mention the cynical confession of the Speaker of the Parliament Anna Psarouda-Benaki in 2005, the status of the memoranda and the subordination to English law,","304",NA
"καθώς  και  την  σταδιακή  επιβολή  γκρίζων ζωνών στο Αιγαίο.","as well as the gradual imposition of grey zones in the Aegean.","304",NA
"Η «κρίση της οικονομίας», δηλαδή το τέλος του πλουτισμού,  ξεδιάλυνε την ομίχλη που θόλωνε την κρίση και νάρκωνε την συνείδηση των Ελλήνων.","The ""crisis of the economy"", i.e. the end of enrichment, cleared the fog that clouded the crisis and dulled the conscience of the Greeks.","601.1",NA
"Η Χρυσή Αυγή έγινε ελπίδα και σύνθημα στο στόμα εκατοντάδων χιλιάδων, ίσως και εκατομμυρίων συμπατριωτών μας.","Golden Dawn became a hope and a slogan in the mouths of hundreds of thousands, perhaps millions of our compatriots.","305.1",NA
"Η Χρυσή Αυγή όμως, είναι πολύ περισσότερο από πολιτικό κόμμα.","But Golden Dawn is much more than a political party.","305.1",NA
"Η ΧΡΥΣΗ ΑΥΓΗ ΕΙΝΑΙ Η ΜΟΝΗ ΕΛΠΙΔΑ ΕΠΙΒΙΩΣΗΣ ΤΟΥ ΕΛΛΗΝΙΣΜΟΥ στους ΔΥΣΚΟΛΟΥΣ ΚΑΙΡΟΥΣ ΠΟΥ ΕΡΧΟΝΤΑΙ.","The GOLDEN WING IS THE ONLY HOPE OF SURVIVING GREECE IN THE DIFFICULT WEATHER THAT IS COMING.","305.1",NA
"Είναι η φυσική έκφραση του Έθνους που περνά απαράλλακτη μέσα από χιλιάδες χρόνια Ιστορίας στο Σήμερα, για να συνεγείρει τον Έλληνα, να αφυπνίσει την συνείδησή του και να τον οδηγήσει στο πεπρωμένο του.","It is the natural expression of the Nation that passes unchanged through thousands of years of history to the present day, to inspire the Greek, to awaken his conscience and lead him to his destiny.","601.1",NA
"ΟΙ ΥΠΑΙΤΙΟΙ ΤΗΣ ΚΑΤΑΣΤΡΟΦΗΣ ΔΕΝ ΕΙΝΑΙ ΔΥΝΑΤΟΝ   ΝΑ ΦΕΡΟΥΝ ΤΗΝ ΚΑΘΑΡΣΗ.","THE PERPETRATORS OF THE DISASTER CANNOT POSSIBLY BRING ABOUT THE CLEANSING.","305.1",NA
"Ο ελληνικός λαός πρέπει να αντιληφθεί ότι πρέπει να μοχθήσει εποικοδομητικά προκειμένου να επιτευχθούν η ανάπτυξη και η ευημερία της Πατρίδας μας.","The Greek people must understand that they must work constructively in order to achieve the development and prosperity of our country.","606.2",NA
"Το δόγμα της Χρυσής Αυγής για την Εθνική Πολιτική Ασφαλείας και την Εξωτερική Πολιτική αποτυπώνεται στο «Στρατηγικό Βάθος Αρχιπελάγους».","Golden Dawn's doctrine on National Security Policy and Foreign Policy is reflected in the ""Strategic Depth of the Archipelago"".","109",NA
"Η Ελλάς διαθέτει ένα τεράστιο στρατηγικό βάθος, που μπορεί να της εξασφαλίσει  ανεξάντλητη  ισχύ  και  διεθνή  επιρροή  :","Greece has a huge strategic depth, which can ensure inexhaustible power and international influence:","109",NA
"Είναι  ο  χώρος  του Αιγαίου και η νοτιοανατολική θαλάσσια προέκτασή του, που φθάνει έως και την μεγαλόνησο Κύπρο.","it is the Aegean Sea and its south-eastern maritime extension, which reaches as far as the great island of Cyprus.","109",NA
"Η γεωπολιτική αξία της εν λόγω περιοχής και οι αναξιοποίητες ακόμη πλουτοπαραγωγικές πηγές τις οποίες περικλείει, μπορούν να λύσουν τα σύγχρονα οικονομικά προβλήματα του κράτους μας,","The geopolitical value of this region and the still untapped resources it encloses can solve the modern economic problems of our state,","109",NA
"αλλά και να του χαρίσουν περίοπτη θέση στη διεθνή οικονομική και στρατηγική σκακιέρα.","but also give it a prominent position in the international economic and strategic chessboard.","109",NA
"Πρωτίστως η Ελλάς πρέπει να ξαναγίνει Κράτος ελεύθερο και κυρίαρχο,","First and foremost, Greece must become a free and sovereign state again,","109",NA
"και να πάψει να αποτελεί ένα θλιβερό κι αδύναμο προτεκτοράτο ξένων δυνάμεων.","and cease to be a sad and weak protectorate of foreign powers.","109",NA
"Το παρόν έντυπο περιέχει συνοπτικά τις πολιτικές μας προτάσεις για εθνική ανάσταση και ανάταση.","This brochure contains a summary of our policy proposals for national resurrection and revival.","305.1",NA
"Ειδικότερα για τα επιβιωτικά ζητήματα της Εθνικής Άμυνας – Ασφάλειας, Αγροτικής Παραγωγής και Υγείας, οι προτάσεις παρατίθενται εκτενέστερα.","Specifically for the survival issues of National Defence - Security, Agricultural Production and Health, the proposals are set out in more detail.","305.1",NA
"Στόχος μας είναι να σταθεί και πάλι ορθός ο Ελληνισμός και να αποκτήσει την διεθνή θέση που του αρμόζει, ως κεντρική δύναμη στον γεωπολιτικά ευαίσθητο χώρο της Ανατολικής Μεσογείου.","Our goal is for Hellenism to stand upright again and gain the international position it deserves as a central power in the geopolitically sensitive area of the Eastern Mediterranean.","601.1",NA
"AOZ –  ΥΔΡΟΓΟΝΑΝΘΡΑΚΕΣ  - 12 ΝΑΥΤΙΚΑ  MIΛΙΑ  - ΚΥΠΡΟΣ","AOZ - HYDROCARBONS - 12 NAUTICAL MILES - CYPRUS","H",NA
"Στόχος της Χρυσής Αυγής είναι η άμεση χάραξη των ορίων της Ελληνικής ΑΟΖ, με βάση την «Αρχή της μέσης γραμμής» και λαμβάνοντας ως ενιαίο σύνολο τα θαλάσσια όρια της Ελλάδος με την Τουρκία, από τις εκβολές του Έβρου μέχρι και το Καστελόριζο.","Golden Dawn's goal is the immediate delineation of the boundaries of the Greek EEZ, based on the ""Principle of the Middle Line"" and taking as a whole the maritime boundaries of Greece with Turkey, from the mouth of Evros to Kastelorizo.","109",NA
"Η επιλογή αυτή είναι εφικτή, και θα ενισχύσει ουσιαστικά την θέση της χώρας μας σε ένα ευρύτερο γεωστρατηγικό πλαίσιο.","This option is feasible, and will substantially strengthen our country's position in a wider geostrategic context.","109",NA
"Η Ελλάς ευρίσκεται σε έναν γεωπολιτικό κόμβο.","Greece is located at a geopolitical hub.","109",NA
"Ενώνει   την   Δύση  με  τον   μεγαλύτερο   ενεργειακό   αποταμιευτήρα   του πλανήτη.","It connects the West with the largest energy reservoir on the planet.","109",NA
"Η Μέση Ανατολή έχει βυθιστεί σε μια μαύρη τρύπα ασάφειας όσον αφορά στην μελλοντική της πορεία.","The Middle East has been plunged into a black hole of ambiguity as to its future course.","109",NA
"Η ενεργειακά πτωχή Ευρώπη σύντομα θα αντιμετωπίσει πρόβλημα ενεργειακής αυτάρκειας.","Energy-poor Europe will soon face a problem of energy self-sufficiency.","109",NA
"Μια κεραυνοβόλος ανακήρυξη της ελληνικής ΑΟΖ ακολουθούμενη από την εξόρυξη των ελληνικών  ενεργειακών  κοιτασμάτων,  αναβαθμίζει  άμεσα  τον  ρόλο  της Ελλάδος και το ειδικό βάρος της έναντι των ΗΠΑ, της Ρωσίας, αλλά και της Δυτικής Ευρώπης.","A lightning declaration of the Greek EEZ followed by the extraction of Greek energy deposits, directly upgrades the role of Greece and its special weight vis-à-vis the US, Russia and Western Europe.","109",NA
"Καταφανές προαπαιτούμενο για τα παραπάνω είναι οι ισχυρές Ένοπλες Δυνάμεις.","An obvious prerequisite for the above is a strong Armed Forces.","104",NA
"Με δεδομένο ότι η Ελλάς την στιγμή αυτή, δεν διαθέτει την απαραίτητη τεχνογνωσία έρευνας και εξόρυξης υδρογονανθράκων, ένα σημαντικό αντισταθμιστικό όφελος από την χώρα προέλευσης και συμφερόντων της εταιρείας η οποία θα αναλάβει την εργασία,  πρέπει να είναι η στρατηγική συμμαχία και η συνακόλουθη προστασία των ελληνικών υποθαλασσίων οικοπέδων.","Given that Greece does not have the necessary expertise in hydrocarbon exploration and extraction at this time, an important compensatory benefit from the country of origin and interests of the company that will undertake the work must be the strategic alliance and the consequent protection of Greek subsea land.","109",NA
"Η επιλογή της εν λόγω εταιρείας, πέραν του μονεταριστικού οφέλους, (ήτοι του ποσοστού των κερδών που θα αποκομίζει το Ελληνικό Δημόσιο), πρέπει επίσης να διενεργηθεί σύμφωνα με τις γεωπολιτικές αρχές που προαναφέραμε.","The selection of this company, apart from the monetarist benefit (i.e. the percentage of profits that the Greek State will gain), must also be carried out in accordance with the geopolitical principles mentioned above.","109",NA
"Έτσι, ο μόνος δρόμος που θα απομείνει στην Τουρκία είναι η επίσημη εναντίωση στην Σύμβαση εξόρυξης-εκμετάλλευσης, γεγονός βεβαίως που θα συνιστά de facto αναγνώρισή της.","Thus, the only way left for Turkey is to formally oppose the Mining Convention, which would of course constitute a de facto recognition of the Convention.","102",NA
"Δεν πρέπει να μας διαφεύγει το γεγονός ότι η Τουρκία επιμένει σε ανεπίσημους δρόμους, γιατί γνωρίζει ότι η απόφαση του Διεθνούς Δικαστηρίου επί του ζητήματος της οριοθέτησης ΑΟΖ θα είναι θετική για την Ελλάδα.","We should not miss the fact that Turkey insists on unofficial routes, because it knows that the decision of the International Court of Justice on the issue of the delimitation of the EEZ will be positive for Greece.","102",NA
"Με την υπογραφή το 1982 της «Διεθνούς Σύμβασης των Ηνωμένων Εθνών για το Δίκαιο της Θαλάσσης», που περιελάμβανε δικαίωμα της επεκτάσεως των ελληνικών χωρικών υδάτων στα 12 ναυτικά μίλια, η Τουρκία δήλωσε πως θεωρεί την εν λόγω επέκταση «αιτία πολέμου» (casus belli), αν την υιοθετούσε η Ελλάδα.","With the signing in 1982 of the ""United Nations International Convention on the Law of the Sea"", which included the right to extend Greek territorial waters to 12 nautical miles, Turkey declared that it considered this extension to be a ""cause of war"" (casus belli) if Greece adopted it.","102",NA
"Επί 33 συναπτά έτη και παρά το γεγονός ότι, για την κατοχύρωση των εθνικών μας κυριαρχικών δικαιωμάτων έχει χυθεί αίμα Ελλήνων Ηρώων, όπως οι Ήρωες Ιπτάμενοι του Πολεμικού μας Ναυτικού, Έκτωρ  Γιαλοψός,  Παναγιώτης  Βλαχάκος  και  Χριστόδουλος  Καραθανάσης, στο επεισόδιο των Ιμίων, η λαγόκαρδη ελληνική διπλωματία έχει σιωπηρώς αποδεχθεί την δημιουργία «γκρίζων ζωνών» στο Αιγαίο.","For 33 consecutive years and despite the fact that, in order to safeguard our national sovereign rights, the blood of Greek heroes, such as the Heroes of our Navy, Hector Gialopsos, Panagiotis Vlachakos and Christodoulos Karathanasis, has been spilled in the Imia incident, Greek diplomacy has tacitly accepted the creation of ""grey zones"" in the Aegean.","601.1",NA
"Αντί να καταγγείλει ευθέως τις τουρκικές απειλές και να εφαρμόσει άμεσα τις προσταγές του Διεθνούς  Δικαίου,  οι  ξενόδουλες  κι  ενδοτικές  κυβερνήσεις  της  Ελλάδος, εκχωρούν εθνική κυριαρχία και ελληνικά εδάφη.","Instead of directly denouncing Turkish threats and immediately implementing the dictates of International Law, the foreign and submissive governments of Greece are ceding national sovereignty and Greek territories.","102",NA
"Στόχος της Χρυσής Αυγής είναι η άμεση έναρξη της διαδικασίας εξόρυξης των ελληνικών ενεργειακών κοιτασμάτων, με βάση το Δίκαιο της Θάλασσας.","Golden Dawn's goal is the immediate start of the extraction process of Greek energy deposits, based on the Law of the Sea.","109",NA
"Συνεπώς, πρώτη και κύρια στρατηγική κίνηση είναι η καταγγελία στο Συμβούλιο Ασφαλείας του ΟΗΕ του τουρκικού casus belli και η άμεση επέκταση των χωρικών μας υδάτων στα 12 ναυτικά μίλια.","Therefore, the first and main strategic move is the denunciation of the Turkish casus belli to the UN Security Council and the immediate extension of our territorial waters to 12 nautical miles.","109",NA
"Το βήμα αυτό καθιστά το Αιγαίο κλειστή ελληνική θάλασσα και μας δίνει τη δυνατότητα ελέγχου   της   ναυσιπλοΐας   στα   Στενά   των   Δαρδανελίων.","This step makes the Aegean Sea a closed Greek sea and gives us the ability to control navigation in the Dardanelles Straits.","109",NA
"Καθοριστικός παράγων για τις εξελίξεις στο επίπεδο αυτό είναι η Ρωσία, της οποίας τα συμφέροντα ταυτίζονται με τις ελληνικές θέσεις.","The decisive factor for developments at this level is Russia, whose interests are identical with the Greek position.","107",NA
"Η ταύτιση αυτή δύναται να μετεξελιχθεί σε μείζονα ενεργειακή και αμυντική συμφωνία, με στόχο την εξάλειψη της τουρκικής απειλής.","This identification may evolve into a major energy and defence agreement, with the aim of eliminating the Turkish threat.","102",NA
"Εφαρμογή του «Δόγματος του Ενιαίου Αμυντικού Χώρου (ΔΕΑΧ) Ελλάδος – Κύπρου», το οποίο σε συνδυασμό με τις εφαπτόμενες ΑΟΖ των δύο κρατών, θα ισοδυναμεί με de facto Ένωση της μαρτυρικής Μεγαλονήσου με την Ελλάδα.","Implementation of the ""Doctrine of the Common Defence Area (DCA) between Greece and Cyprus"", which in combination with the adjacent EEZs of the two states, will be equivalent to a de facto union of the martyred Megalonos with Greece.","109",NA
"ΠΟΛΙΤΙΚΗ  ΖΩΗ  - ΕΚΛΟΓΙΚΟ  ΣΥΣΤΗΜΑ","POLITICAL LIFE - ELECTORAL SYSTEM","H",NA
"Κατάργηση   της   βουλευτικής   ασυλίας   και   του   νόμου   περί   ευθύνης υπουργών.","Abolition of parliamentary immunity and the law on the responsibility of ministers.","204",NA
"Δήμευση περιουσίας όσων καταδικάζονται για διασπάθιση δημοσίου χρήματος.","Confiscation of property of those convicted of misappropriation of public funds.","605.1",NA
"Καθιέρωση της απλής αναλογικής στον εκλογικό νόμο.","Introduction of the simple proportional representation in the electoral law.","204",NA
"Η απλή και ανόθευτη αναλογική είναι το μόνο εκλογικό σύστημα που σέβεται και υλοποιεί τη διάταξη της παραγράφου 2 του άρθρου 1 του Συντάγματος, με το οποίο ‘‘θεμέλιο   του   πολιτεύματος   είναι   η   λαϊκή   κυριαρχία’’.","The simple and unadulterated proportional representation is the only electoral system that respects and implements the provision of paragraph 2 of Article 1 of the Constitution, according to which ""the foundation of the constitution is popular sovereignty"".","204",NA
"Με   την   απλή αναλογική αποτυπώνεται πιστά η βούληση του εκλογικού σώματος, αφού με αυτό το εκλογικό σύστημα κάθε κόμμα παίρνει τις έδρες που αναλογούν στο ποσοστό των έγκυρων ψηφοδελτίων που λαμβάνει στις εκλογές.","Simple proportional representation faithfully reflects the will of the electorate, since with this electoral system each party gets the seats that correspond to the percentage of valid ballots it receives in the elections.","204",NA
"Μείωση των βουλευτών σε διακόσιους.","Reduction of the number of MPs to two hundred.","204",NA
"Δικαίωμα εκλογής των βουλευτών έως δύο πλήρεις κοινοβουλευτικές θητείες ή αθροιστικά 8 χρόνια.","Members of Parliament may be elected for up to two full parliamentary terms or a cumulative total of 8 years.","204",NA
"Με αυτόν τον τρόπο το φαινόμενο των επαγγελματιών της πολιτικής θα εξαλειφθεί,","In this way, the phenomenon of political professionals will be eliminated,","304",NA
"αφού οι πολιτευόμενοι θα γνωρίζουν ότι η ενασχόληση με τα κοινά σε επίπεδο κεντρικής εξουσίας οριοθετείται χρονικά.","since politicians will know that involvement in public affairs at the level of central government is limited in time.","204",NA
"Οι βουλευτές και τα μέλη της κυβέρνησης θα επιστρέφουν στην επαγγελματική τους δραστηριότητα μετά το πέρας της συγκεκριμένης περιόδου.","Members of parliament and members of the government will return to their professional activity after the end of the period.","204",NA
"Ο Πρωθυπουργός δύναται να είναι και βουλευτής, όχι όμως οι Υπουργοί και οι Υφυπουργοί (διάκριση εξουσιών), οι οποίοι ορίζονται βάσει των γνώσεων και της εμπειρίας τους.","The Prime Minister may be a Member of Parliament, but not the Ministers and Deputy Ministers (separation of powers), who are appointed on the basis of their knowledge and experience.","204",NA
"Εκλογή Προέδρου της Δημοκρατίας απ’ ευθείας από τον Λαό.","Election of the President of the Republic directly by the People.","202.4",NA
"ΕΘΝΙΚΗ ΟΙΚΟΝΟΜΙΑ– ΜΝ ΗΜΟΝΙΑ - ΧΡΕΟΣ","NATIONAL ECONOMY - NATIONALITY - DEBT","H",NA
"Oι μνημονιακές κυβερνήσεις δεν εξυπηρετούν τα συμφέροντα της χώρας.","Memorandum governments do not serve the interests of the country.","304",NA
"Η πολιτική των μνημονίων απεδείχθη καταστροφική,","The policy of the memoranda has proved to be disastrous,","304",NA
"προκάλεσε οικονομική και κοινωνική καταστροφή,","causing economic and social destruction, a","304",NA
"επέφερε δραματική συρρίκνωση του Ακαθάριστου Εθνικού Προϊόντος,","dramatic contraction of the Gross National Product, an","304",NA
"άνευ προηγουμένου αύξηση της ανεργίας (στο 25,2% τον Ιούνιο του 2015, το υψηλότερο ποσοστό στην Ε.Ε.)","unprecedented increase in unemployment (25.2% in June 2015, the highest rate in the EU)","304",NA
"και εκτίναξη των χρεών σε επίπεδα μη αντιμετωπίσιμα.","and an explosion of debts to unmanageable levels.","304",NA
"Το ΔΝΤ προέβλεψε ότι το χρέος της Ελλάδας το 2017 θα ανέλθει σχεδόν στο 200% του ΑΕΠ.","The IMF predicted that Greece's debt in 2017 will reach almost 200% of GDP.","103.2",NA
"H Χρυσή Αυγή, σταθερή στην θέση της περί μονομερούς καταγγελίας του Μνημονίου,","Golden Dawn, firm in its position on the unilateral denunciation of the Memorandum, unlike","110",NA
"σε αντίθεση με την αριστερά που για ψηφοθηρικούς λόγους χρησιμοποίησε την μνημονιακή ορολογία περί «επαναδιαπραγμάτευσης» η οποία οδήγησε στην υπογραφή και τρίτου «προοδευτικού» Μνημονίου,","the left, which for electoral reasons used the Memorandum terminology of ""renegotiation"" which led to the signing of the third ""progressive"" Memorandum,","304",NA
"στοχεύει στον άμεσο λογιστικό έλεγχο του δημοσίου χρέους και την άμεση διαγραφή του παράνομου και επαχθούς χρέους που πληρώνει ο ελληνικός λαός.","aims at the immediate audit of the public debt and the immediate cancellation of the illegal and burdensome debt paid by the Greek people.","408",NA
"«1% βιομηχανική ανάπτυξη αξίζει εκατό φορές περισσότερο από 1% τουριστική ανάπτυξη ή καταναλωτική επέκταση, διότι η πρώτη και μόνο συμβάλει στην αυτάρκεια της Πατρίδας».Παναγιώτης Κονδύλης (1943-1998)","""1% industrial growth is worth a hundred times more than 1% tourism growth or consumer expansion, because the former alone contributes to the self-sufficiency of the Homeland"".Panagiotis Kondylis (1943-1998)","000",NA
"-Ο Γενικός Γραμματέας της Χρυσής Αυγής εδήλωσε σε συνέντευξή του τον Σεπτέμβριο του 2015 ότι η Ελλάδα για να σταθεί στα πόδια της «πρέπει να επιστρέψει στην εθνική παραγωγή.","-The General Secretary of Golden Dawn stated in an interview in September 2015 that Greece ""must return to national production in order to stand on its feet.","410",NA
"Εάν ο Έλληνας έχει εθνική οικονομία, τότε έχει και την πολυτέλεια να επιλέξει ποιο από τα δύο νομίσματα (ευρώ ή εθνικό νόμισμα) θα προτιμήσει.","If the Greek has a national economy, then he has the luxury of choosing which of the two currencies (euro or national currency) he prefers.","601.1",NA
"Η δική μας επιλογή είναι η χώρα να έχει ένα εθνικό νόμισμα, αλλά προηγουμένως θα πρέπει να έχει και εθνική οικονομία.","Our choice is for the country to have a national currency, but first it must have a national economy.","414",NA
"Μην ξεχνάμε ότι το ευρώ το έχουμε πληρώσει με την καταστροφή της βιομηχανικής και της αγροτικής παραγωγής, κα με τις μίζες στους Ευρωπαίους και ενταύθα πολιτικούς συνεργάτες».","Let's not forget that we have paid for the euro with the destruction of industrial and agricultural production, and with the kickbacks to Europeans and their political partners.""","110",NA
"Η   Χρυσή   Αυγή  υποστηρίζει   ένα   μοντέλο   οικονομικής   ανάπτυξης  που βασίζεται στις έννοιες της εργασίας και της παραγωγής.","Golden Dawn supports a model of economic development based on the concepts of labour and production.","410",NA
"Ενθαρρύνει την ιδιωτική πρωτοβουλία, υπό τον όρο ότι αυτή δεν εκδηλώνεται αντίθετα προς το εθνικό συμφέρον και θεωρεί απαραίτητη την παραμονή υπό κρατική διαχείριση και έλεγχο, των επιχειρήσεων στρατηγικού ενδιαφέροντος.","It encourages private initiative, provided that it does not run counter to the national interest, and considers it essential that enterprises of strategic interest remain under state management and control.","401",NA
"Το τραπεζικό σύστημα και η οικονομική δραστηριότητα πρέπει να διευκολύνουν και να στηρίζουν την εργασία, την παραγωγή και την κοινωνική δικαιοσύνη.","Banking and economic activity must facilitate and support work, production and social justice.","416.2",NA
"Πρώτος στόχος η αυτάρκεια σε όλα τα βασικά είδη διαβιώσεως του λαού.","The first objective is self-sufficiency in all the basic means of subsistence of the people.","406",NA
"ΤΡΟΦΙΜΑ, ΦΑΡΜΑΚΑ, ΚΑΥΣΙΜΑ ΚΑΙ ΟΠΛΑ χρειάζεται ένα κράτος για να επιβιώσει, να παραμείνει ελεύθερο και να δημιουργήσει.","A state needs FOOD, DRUGS, FUEL AND GARBAGE to survive, remain free and create.","406",NA
"Σε  πρώτο  στάδιο  η  Χρυσή  Αυγή  στοχεύει  στην  ενίσχυση  και  τον επιστημονικό προγραμματισμό της γεωργικής και κτηνοτροφικής μας παραγωγής,  ώστε να καλύπτουμε πλήρως τις  εσωτερικές μας ανάγκες σε κύρια είδη διατροφής.","In the first stage, Golden Dawn aims to strengthen and scientifically plan our agricultural and livestock production, so that we can fully cover our internal needs in basic foodstuffs.","703.1",NA
"Η ΕΛΛΑΣ ΕΙΝΑΙ ΜΙΑ ΠΛΟΥΣΙΑ ΧΩΡΑ.","GREECE IS A RICH COUNTRY.","606.1",NA
"Παρ’ όλο που στις τέσσαρες τελευταίες δεκαετίες καταστράφηκε η εθνική μας παραγωγή, η γεωργία και η κτηνοτροφία μας,","Although our national production, agriculture and livestock farming have been destroyed in the last four decades,","703.1",NA
"εάν η Ελλάς λειτουργήσει ως ανεξάρτητο κράτος και όχι ως προτεκτοράτο ξένων δυνάμεων, μπορεί και πάλι να παράγει και να γίνει μία πλούσια και δυνατή χώρα.","if Greece functions as an independent state and not as a protectorate of foreign powers, it can again produce and become a rich and strong country.","109",NA
"Μπορούμε να ξεκινήσουμε και πάλι.","We can start again.","703.1",NA
"Ναι στην Εθνική Παραγωγή!","Yes to National Production!","703.1",NA
"Τ Ο  ΚΑΤΟΧΙΚΟ ΔΑΝΕΙΟ","THE OCCUPATION LOAN","H",NA
"Κατά την διάρκεια της τριπλής κατοχής οι γερμανικός στρατός ελάμβανε χρήματα υπό μορφή δανείου από την Τράπεζα της Ελλάδος, προσθέτοντας μια   επιπλέον   οικονομική   επιβάρυνση   στην   Πατρίδα   μας,   εκτός   των κατασχέσεων  και  των  καταστροφών  που  υπέστη ο  Ελληνισμός.","During the triple occupation, the German army received money in the form of a loan from the Bank of Greece, adding an additional financial burden to our Homeland, in addition to the confiscations and destruction suffered by Hellenism.","109",NA
"Όμως  το χρέος τους αυτό οι Γερμανοί το αναγνώρισαν και μάλιστα πριν την λήξη του πολέμου ξεκίνησαν να το αποπληρώνουν.","But the Germans recognized this debt and even before the end of the war they started to repay it.","109",NA
"Στην Διάσκεψη Ειρήνης των Παρισίων, το 1946, το κατοχικό χρέος της Γερμανίας προς την Ελλάδα ανήρχετο σε 100 δισ. ευρώ.","At the Paris Peace Conference in 1946, Germany's occupation debt to Greece amounted to 100 billion euros.","109",NA
"Από τότε έπαυσε το άτοκο της οφειλής και με την προσθήκη ενός συμβολικού επιτοκίου, το χρέος σήμερα ανέρχεται σε 510  δισ.  ευρώ.","Since then, the interest-free nature of the debt has ceased, and with the addition of a token interest rate, the debt now stands at €510 billion.","109",NA
"Άλλες  εκτιμήσεις  έγκριτων  ευρωπαίων  οικονομολόγων κάνουν λόγο για 575 δισεκατομμύρια ευρώ (Jacques Delpla, «Les Echos» 23/6/11).","Other estimates by reputable European economists put the figure at €575 billion (Jacques Delpla, ""Les Echos"" 23/6/11).","109",NA
"Η Χρυσή Αυγή στοχεύει στην διεκδίκηση του κατοχικού δανείου από την γερμανική κυβέρνηση, η οποία άλλωστε ευθύνεται σε μεγάλο βαθμό για την «φούσκα»  του  ελληνικού  χρέους.","Golden Dawn aims to claim the occupation loan from the German government, which is largely responsible for the Greek debt bubble.","109",NA
"Τα  «εύκολα  δανεικά»  της  Ε.Ε.  που ελάμβανε η Ελλάς τις τελευταίες δεκαετίες έδωσαν ζωή στη γερμανική εξαγωγική βιομηχανία και μέχρι σήμερα αποπληρώνονται με τοκογλυφικούς όρους.","The ""easy loans"" of the EU that Greece received in the last decades gave life to the German export industry and are still being repaid on usurious terms.","109",NA
"Μόνο μία αληθινά εθνική ηγεσία μπορεί να διεκδικήσει τα δίκαια της Ελλάδος και τον συμψηφισμό του χρέους μας προς την Γερμανία με το κατοχικό δάνειο.","Only a truly national leadership can claim the rights of Greece and the offsetting of our debt to Germany against the occupation loan.","305.1",NA
"ΕΞΩΤΕΡΙΚΗ ΠΟΛΙΤΙΚΗ","FOREIGN POLICY","H",NA
"Η Ελλάς αποτελεί τμήμα της Δακτυλίου Γης η οποία λειτουργεί ως ανάχωμα των καθοδικών προς την Μεσόγειο τάσεων της εκάστοτε Ευρασιατικής Χερσαίας Δυνάμεως, όπως αυτή νοείται, από αγγλοαμερικανικής πλευράς, ως «δυνητικώς ομοιογενής στρατηγική απειλή».","Greece is part of the Earth Ring which functions as a buffer against the downward trends towards the Mediterranean of the Eurasian Land Power, as it is understood, from the Anglo-American point of view, as a ""potentially homogeneous strategic threat"".","109",NA
"Αυτή η ανάγνωση των ισορροπιών της διεθνούς ισχύος κατά τον Αμερικανό καθηγητή Διεθνών Σχέσεων στο Πανεπιστήμιο Yale, γεωπολιτικό Nicholas John Spykman, αποτελεί τον βασικό άξονα της γεωστρατηγικής αντιλήψεως της διεθνούς πραγματικότητος από αμερικανικής πλευράς, ανεξαρτήτως πολιτικής τοποθετήσεως.","This reading of the balance of international power, according to the American professor of International Relations at Yale University, geopolitician Nicholas John Spykman, constitutes the basic axis of the geostrategic perception of international reality from the American side, regardless of its political position.","109",NA
"Δεδομένου ότι οι Η.Π.Α καθορίζουν και τις κύριες ευρωπαϊκές στρατηγικές επιλογές στον τομέα της Άμυνας και της Ασφάλειας, και εφόσον οι Η.Π.Α εξακολουθήσουν να αποτελούν τον κύριο ρυθμιστή των πραγμάτων στην ΝΑ Μεσόγειο, η γεωστρατηγική αντίληψη του ελλαδικού χώρου, όπως και η Αμυντική Πολιτική της χώρας μας, οφείλει να παρακολουθεί και να λαμβάνει υπόψη την αντίληψη των Η.Π.Α για τον ευρύτερο Μεσογειακό Χώρο και, συνακόλουθα, τις μείζονες στρατηγικές επιλογές τους.","Given that the U.S.A. determines the main European strategic choices in the field of Defence and Security, and if the U.S.A. continues to be the main regulator in the SE Mediterranean, the geostrategic perception of the Greek space, as well as our country's Defence Policy, must monitor and take into account the U.S.A.'s perception of the wider Mediterranean area and, consequently, its major strategic choices.","109",NA
"Η δυναμική της χωροθεσίας της Ελλάδος από γεωπολιτικής απόψεως, ουδέποτε ευνόησε την ουδετερότητα.","The dynamics of Greece's geopolitical location has never favoured neutrality.","109",NA
"Οι ισχυροί παίκτες του Διεθνούς Συστήματος ποτέ δεν θα αφήσουν έξω από τους υπολογισμούς τους έναν τέτοιο χώρο.","The powerful players of the International System will never leave such a space out of their calculations.","109",NA
"Από το μοιραίο θέρος του 1974, μέχρι και την κρίση των Ιμίων το 1996, η Πατρίδα   μας   έχει   υποστεί   τεράστιες   απώλειες   από   την   δράση   των ατλαντικών δυνάμεων.","Since the fateful summer of 1974, up to the Imia crisis in 1996, our Homeland has suffered enormous losses from the action of the Atlantic powers.","109",NA
"Μία στροφή κατ’ αρχάς επενδυτική και ενεργειακή του γεωπολιτικού μας προσανατολισμού, θα ήταν μία κίνηση που οπωσδήποτε θα ευνοούσε το εθνικό συμφέρον.","A shift in our geopolitical orientation, first of all in terms of investment and energy, would be a move that would certainly favour the national interest.","109",NA
"Η γεωπολιτική θεωρία δείχνει ότι μία θαλάσσια δύναμη, όπως είναι η Ελλάδα, πρέπει να συνεργάζεται με μία χερσαία δύναμη, ώστε να λειτουργεί συμπληρωματικά προς αυτήν.","Geopolitical theory shows that a maritime power, such as Greece, must cooperate with a land power in order to function in a complementary way.","109",NA
"Η ιστορική εμπειρία μας δείχνει πως όποτε εμπιστευτήκαμε τους λεγόμενους δυτικούς «συμμάχους» μας δυστυχήσαμε,  διότι αυτοί είχαν κάθε συμφέρον να επιθυμούν μιαν Ελλάδα που θα υφίσταται ανήμπορη στην κρίσιμη αυτή γωνιά της ΝΑ Μεσογείου, ώστε  να  είναι  ο  εξ  ανάγκης  υπηρέτης  τους.","Our historical experience shows that whenever we trusted our so-called Western ""allies"" we were unhappy, because they had every interest in wanting a Greece that would be helpless in this critical corner of the South-Eastern Mediterranean, so that it would be their servant by necessity.","109",NA
"Σε  οικονομικό  επίπεδο,  η εμπειρία της επαχθούς λιτότητας και των ανθρωποκτόνων μνημονίων, μας δείχνει σαφέστατα ότι διεξάγεται ένας ανηλεής οικονομικός πόλεμος με απώτερο  σκοπό  τον  καθολικό  έλεγχο  της  χώρας  μας  από  τις  Δυτικές δυνάμεις, μέσω του ΔΝΤ και της ΕΚΤ.","At the economic level, the experience of the onerous austerity and the homicidal memoranda clearly shows us that a ruthless economic war is being waged with the ultimate goal of the total control of our country by the Western powers, through the IMF and the ECB.","103.2",NA
"Με βάση τα σημερινά δεδομένα, η ευρωατλαντική «δυτική συμμαχία», υπό την  αιγίδα  του  ΝΑΤΟ,  επιχειρεί  μία  περικύκλωση  της  Ρωσίας, εγκαθιδρύοντας στην ρωσική περιφέρεια στρατιωτικές βάσεις και αντιπυραυλική ομπρέλα.","On the basis of the current data, the Euro-Atlantic ""Western alliance"", under the auspices of NATO, is attempting to encircle Russia, establishing military bases and an anti-missile umbrella on the Russian periphery.","109",NA
"Η συγκεκριμένη γεωπολιτική συγκυρία, κατά την οποία οι ΗΠΑ υφίστανται   ήττες από την Ρωσία, με τις αμερικανικές οικονομικές δυνάμεις να χρηματοδοτούν δύο γεωπολιτικά δρώμενα στην Συρία   και   στην   ευρύτερη   Μέση   Ανατολή,","The current geopolitical context, in which the US is suffering defeats at the hands of Russia, with the US economic powers financing two geopolitical events in Syria and the wider Middle East,","109",NA
"καταδεικνύει   ότι   είναι   ο κατάλληλος χρόνος για την έναρξη αυτής της στροφής.","shows that it is the right time to begin this shift.","109",NA
"Η αποσταθεροποίηση της Μέσης Ανατολής και της Ουκρανίας δείχνουν ξεκάθαρα ότι η μεγάλη θαλάσσια δύναμη, οι ΗΠΑ, επιθυμεί να ελέγξει τις εν λόγω περιοχές.","The destabilisation of the Middle East and Ukraine clearly show that the great maritime power, the US, wishes to control these regions.","109",NA
"Η έξοδος προς τις θερμές θάλασσες, που οι Αμερικανοί ξοδεύουν δισεκατομμύρια δολάρια για να αποτρέψουν και οι Ρώσοι δισεκατομμύρια ρούβλια για να επιτύχουν, βρίσκεται στον ζωτικό χώρο της Ελλάδος.","The exit to the warm seas, which the Americans are spending billions of dollars to prevent and the Russians billions of rubles to achieve, is in Greece's vital space.","109",NA
"Από το μοιραίο θέρος του 1974, μέχρι και την κρίση των Ιμίων το 1996, η Πατρίδα   μας   έχει   υποστεί   τεράστιες   απώλειες   από   την   δράση   των ατλαντικών δυνάμεων.","Since the fateful summer of 1974, up to the Imia crisis in 1996, our Homeland has suffered enormous losses from the action of the Atlantic powers.","109",NA
"Μία στροφή κατ’ αρχάς επενδυτική και ενεργειακή του γεωπολιτικού μας προσανατολισμού, ένα άνοιγμα στον ρωσικό παράγοντα  ο  οποίος  παραμένει  100%  αποκλεισμένος  από  τον  ελλαδικό χώρο, θα ήταν μία κίνηση που οπωσδήποτε θα ευνοούσε το εθνικό συμφέρον.","A shift in our geopolitical orientation, first of all in terms of investment and energy, an opening up to the Russian factor, which remains 100% excluded from Greece, would be a move that would definitely favour the national interest.","109",NA
"Στο ενεργειακό πεδίο, η Ρωσία προμηθεύει την Ε.Ε. και τις χώρες της Βαλτικής  με  περισσότερο  από  το  50%  του  πετρελαίου  και  του  φυσικού αερίου που καταναλώνουν,","In the energy field, Russia supplies the EU and the Baltic countries with more than 50% of the oil and gas they consume,","101",NA
"αλλά διαθέτει και την τεχνογνωσία εξορύξεως των υδρογονανθράκων και την στρατιωτική ισχύ για την προστασία των κοιτασμάτων.","but it also has the know-how to extract hydrocarbons and the military power to protect the deposits.","101",NA
"Τα παραπάνω δεδομένα, με γνώμονα την κλιμακούμενη τουρκική προκλητικότητα και την δόλια απροθυμία των Δυτικών να επιτρέψουν την ανακήρυξη της ελληνικής ΑΟΖ, καθιστούν την Ρωσία ένα πολύτιμο σύμμαχο,","The above data, in light of the escalating Turkish provocativeness and the deceitful reluctance of the West to allow the declaration of the Greek EEZ, make Russia a valuable ally,","101",NA
"ο οποίος μπορεί να  εξασφαλίσει την ηρεμία στο Αιγαίο ύστερα  από  την  κεραυνοβόλα  ανακήρυξη  της  Ελληνικής  ΑΟΖ  και  την εκκίνηση της εξόρυξης και εκμετάλλευσης των υδρογονανθράκων μας.","which can ensure calm in the Aegean after the declaration of the Greek EEZ at first sight and the start of the extraction and exploitation of our hydrocarbons.","101",NA
"ΜΕΤΑΦΟΡΕΣ -ΝΑΥΤΙΛΙΑ","TRANSPORT - TOURISM","H",NA
"H χώρα μας αποτελεί το κλειδί στο Ευρωπαϊκό δίκτυο μεταφορών.","Our country is the key to the European transport network.","411",NA
"Με την ευρωπαϊκή λιμενική πολιτική να αποκτά μεγάλη ένταση και με την ένταξη 25 ελληνικών λιμένων στο διευρωπαϊκό λιμενικό δίκτυο (ΤΕΝ-Τ), μπορούμε να αποκτήσουμε μια νέα δυναμική στο διεθνές εμπόριο.","With the European port policy gaining great intensity and with the inclusion of 25 Greek ports in the trans-European port network (TEN-T), we can gain a new dynamic in international trade.","407",NA
"Η Χρυσή Αυγή προτείνει:Δημιουργία δικτύου για τους λιμένες Θεσσαλονίκης–Καβάλας– Αλεξανδρουπόλεως, σε σύνδεση με το σιδηροδρομικό μας δίκτυο, σε συνεργασία με την ρωσική κρατική σιδηροδρομική εταιρεία και ανάπτυξη του σιδηροδρομικού διαδρόμου Sea 2 Sea (Καβάλα–Αλεξανδρούπολη– Βουλγαρία–Ρωσία), με την ταυτόχρονη σύνδεση του δικτύου Μόσχα–Καζάν.","Golden Dawn proposes:The creation of a network for the ports of Thessaloniki-Kavala-Alexandroupolis, in connection with our railway network, in cooperation with the Russian state railway company and the development of the Sea 2 Sea railway corridor (Kavala-Alexandroupolis-Bulgaria-Russia), with the simultaneous connection of the Moscow-Kazan network.","411",NA
"Οι  Ρώσοι  θα  μπορούν  να  επενδύσουν  σε  ελληνικούς  λιμένες, αναπτύσσοντας σύγχρονα διαμετακομιστικά κέντρα.","Russians will be able to invest in Greek ports, developing modern transit centres.","101",NA
"Έτσι δυνητικά μπορούμε  να  αναδειχθούμε  σε  περιφερειακό  εμπορικό  κέντρο, λαμβάνοντας υπόψη την μικρή απόσταση των λιμανιών μας από τα σύνορά μας.","So we can potentially become a regional commercial centre, taking into account the short distance of our ports from our borders.","411",NA
"Οι  λιμένες  Θεσσαλονίκης  –  Καβάλας  –  Αλεξανδρουπόλεως  έχουν συνάμα μείζον ενεργειακό ενδιαφέρον,","The ports of Thessaloniki - Kavala - Alexandroupolis are also of major energy interest,","411",NA
"αφού στην Θεσσαλονίκη υπάρχουν οι  εγκαταστάσεις  των  ΕΛΠΕ,","since in Thessaloniki there are the facilities of HELPE,","411",NA
"στην Καβάλα  δραστηριοποιείται η  «KAVALA OIL»","in Kavala ""KAVALA OIL"" is active","411",NA
"και για το λιμάνι της Αλεξανδρουπόλεως υπάρχει η εκπεφρασμένη πρόθεση των Ρώσων να εγκαταστήσουν πλωτή δεξαμενή αποθήκευσης φυσικού αερίου LPG–LNG.","and for the port of Alexandroupolis there is the expressed intention of the Russians to install a floating LPG-LNG storage tank.","411",NA
"Η Ρωσία επιθυμεί την ύπαρξη προβλήτας ελλιμενισμού με δυνατότητες εφοδιασμού και επισκευαστικής βάσης στη Μεσόγειο.","Russia wants a docking pier with supply and repair capabilities in the Mediterranean.","411",NA
"Τα δρώμενα στην Συρία της έχουν στερήσει αυτήν την δυνατότητα.","The events in Syria have deprived it of this possibility.","411",NA
"Έτσι οι λιμένες της Βορείου Ελλάδας αποκτούν μεγάλη αξία και σε αυτόν τον τομέα, όπως και η Σύρος, η οποία   διαθέτει   δυνατότητα   ελλιμενισμού   και   διαθέτει   τα   ναυπηγεία Νεωρίων Σύρου,","So the ports of Northern Greece are becoming of great value in this sector, as is Syros, which has docking facilities and has the Syros Nerion shipyards,","411",NA
"όπου η Ρωσία είχε εκδηλώσει ενδιαφέρον αγοράς ή ενοικίασης.","where Russia had expressed an interest in buying or leasing.","411",NA
"Η στρατηγική συμμαχία με τη Ρωσία, της εξασφαλίζει την σύνδεση από και προς Ασία, με κύριο άξονα το Αιγαίο και τη Μαύρη Θάλασσα, μέσω Ευξείνου Πόντου, εξασφαλίζοντας στην Ελλάδα κομβικό ρόλο στη γεωπολιτική σκακιέρα, και την εξουδετέρωση των απειλών του τουρκικού παράγοντος στην Θράκη.","The strategic alliance with Russia ensures the connection to and from Asia, with the Aegean and the Black Sea as the main axis, through the Black Sea, via the Black Sea, ensuring Greece a key role in the geopolitical chessboard, and the neutralization of the threats of the Turkish factor in Thrace.","102",NA
"Τα περισσότερα ελληνικά πλοία έχουν ‘‘σημαίες ευκαιρίας’’ για να αποφύγουν τη γραφειοκρατία και τη φορολόγηση τους.","Most Greek ships have ""flags of convenience"" to avoid bureaucracy and taxation.","109",NA
"Αυτό έχει σαν αποτέλεσμα οι ξένες σημαίες να κερδίζουν από την ελληνόκτητη ναυτιλία.","This results in foreign flags gaining from Greek-owned shipping.","109",NA
"Η Μεγάλη  Βρετανία  για  να  σταματήσει  την  απώλεια  εσόδων  του  κράτους έδωσε ανεξαρτησία σε τρία νησιά (Guernsey, Jersey, Isle of Man), κρατώντας τα χρήματα της ναυτιλίας των.","Great Britain to stop the loss of state revenue gave independence to three islands (Guernsey, Jersey, Isle of Man), keeping their shipping money.","000",NA
"Η Ελλάδα μπορεί να κάνει το ίδιο δίνοντας ειδικό καθεστώς σε νησιά μας όπως η Ύδρα και η Χίος που έχουν μακροχρόνια ναυτική παράδοση.","Greece can do the same by giving special status to our islands such as Hydra and Chios, which have a long maritime tradition.","402",NA
"Αυτό θα αποφέρει χρήματα στην χώρα","This will bring money to the country","410",NA
"και νέες θέσεις εργασίας σε Έλληνες.","and new jobs for Greeks.","701",NA
"ΑΓΡΟΤΙΚΟΣ ΤΟΜΕΑΣ","AGRICULTURAL SECTOR","H",NA
"Η αγροτική μας παραγωγή παραμένει όμηρος εγχώριων και ξένων πλουτοκρατικών συμφερόντων,","Our agricultural production remains hostage to domestic and foreign plutocratic interests,","703.1",NA
"τα οποία δεν θέλουν την Ελλάδα αυτάρκη, αφ’ ενός,","which do not want Greece to be self-sufficient, on the one hand,","304",NA
"και εφ΄ ετέρου επιθυμούν την εκμετάλλευση της ελληνικής γης προς ίδιον όφελος.","and on the other hand, they wish to exploit Greek land for their own benefit.","304",NA
"Η Χρυσή Αυγή επιδιώκει την επίτευξη της επισιτιστικής αυτάρκειας του ελληνικού λαού και την συναρτά με την ισχυρή ανάκαμψη του γεωργικού τομέα, ενός τομέα στρατηγικού εθνικού ενδιαφέροντος, υιοθετώντας μια εθνική πολιτική,","Golden Dawn seeks to achieve food self-sufficiency for the Greek people and links it to the strong recovery of the agricultural sector, a sector of strategic national interest, by adopting a national policy","703.1",NA
"διάφορη της καταστροφικής πολιτικής της ΕΕ και των πολυεθνικών  που οδήγησαν δολίως στον σταδιακό θάνατο της ελληνικής παραδοσιακής γεωργίας, κτηνοτροφίας και αλιείας.","different from the destructive policy of the EU and the multinationals that have fraudulently led to the gradual death of Greek traditional agriculture, livestock farming and fishing.","110",NA
"Οι θεμελιώδεις προτάσεις της Χρυσής Αυγής για αναδιάταξη του αγροτικού τομέα είναι: Εκπαίδευση της νεολαίας στην σταδιακή «επιστροφή στη γη» και στις συμφυείς με την γεωργία αξίες όπως αυτή της υγιεινής διατροφής, μέσω της βιωματικής διδασκαλίας στην δημοτική εκπαίδευση, με παράλληλη δημιουργία και αναβάθμιση γεωργικών Σχολών και Ινστιτούτων.","The fundamental proposals of Golden Dawn for the reorganization of the agricultural sector are: Education of the youth in the gradual ""return to the land"" and the values inherent to agriculture, such as healthy nutrition, through experiential teaching in primary education, while creating and upgrading agricultural schools and institutes.","703.1",NA
"Τα ζευγάρια και οι άνεργοι, θα αντιμετωπίσουν δραστικά την εξελισσόμενη «κρίση» ευεργετούμενοι από    οικονομικά και φορολογικά κίνητρα.","Couples and the unemployed will face the evolving ""crisis"" drastically, benefiting from financial and tax incentives.","703.1",NA
"Ενδεικτικά, θα πιστώνονται  την προνομιακή ανάθεση  εκμετάλλευσης γαιών οι οποίες παραμένουν αχρησιμοποίητες και ακαλλιέργητες,","Indicatively, they will be credited with the preferential assignment of land that remains unused and uncultivated, they","703.1",NA
"θα τους παρέχονται από το κράτος οι δομές, η τεχνογνωσία και τα εργαλεία που είναι   απαραίτητα   για   την   καλλιέργεια,","will be provided by the state with the structures, know-how and tools necessary for cultivation,","411",NA
"αλλά   και   την   ανακατασκευή ακινήτων των χωριών της υπαίθρου,","but also the reconstruction of properties in rural villages, in","410",NA
"ώστε να τους εξασφαλιστεί μια αξιοπρεπής και άνετη οικογενειακή και κοινωνική ζωή (αγροτικά κτίρια, δημόσιες υπηρεσίες, καταστήματα, ταχυδρομεία, σχολεία και εκκλησίες).","order to ensure a decent and comfortable family and social life (rural buildings, public services, shops, post offices, schools and churches).","503",NA
"Έμφαση στις ακριτικές περιοχές των συνόρων μας, στην Θράκη και στις νήσους του Ανατολικού Αιγαίου.","Emphasis on the peripheral regions of our borders, Thrace and the islands of the East Aegean.","703.1",NA
"Προώθηση  και  προστασία  των  ελληνικών  προϊόντων  διατροφής  στο εγχώριο και διεθνές εμπόριο.","Promotion and protection of Greek food products in domestic and international trade.","703.1",NA
"Αυστηρός έλεγχος της ποιότητας και της προέλευσης     –     με          γενικευμένη     χρήση     ετικέτας     πιστοποίησης «προστατευόμενης ονομασίας προέλευσης», εύκολα αντιληπτής από τον καταναλωτή.","Strict quality and origin control - with the widespread use of a ""protected designation of origin"" certification label, easily recognisable to the consumer.","703.1",NA
"Τα ελληνικά προϊόντα θα φέρουν  αναλυτική αναγραφή του τόπου προέλευσης, των πρώτων υλών, των τεχνικών και της διαδικασίας παραγωγής τους, ώστε να εμπνέουν την εμπιστοσύνη.","Greek products will bear a detailed indication of their place of origin, raw materials, techniques and production process in order to inspire confidence.","703.1",NA
"Κίνητρο για την εξαγωγή των ελληνικών προϊόντων μέσω μιας  εκτεταμένης πολιτικής  διακρατικών  εμπορικών  συμφωνιών  με  στόχο  την  ευρύτερη δυνατή προώθηση τους.","Incentive for the export of Greek products through an extensive policy of transnational trade agreements aimed at their widest possible promotion.","703.1",NA
"Περαιτέρω επιδότηση της αγροτικής παραγωγής από το ειδικό ταμείο που θα συσταθεί από την εκμετάλλευση των ελληνικών υδρογονανθράκων.","Further subsidies for agricultural production from the special fund to be set up from the exploitation of Greek hydrocarbons.","703.1",NA
"Επανίδρυση Αγροτικής Τράπεζας υπό την αιγίδα του κράτους ως εργαλείο χρηματοδότησης των αγροτικών επενδύσεων με χαμηλό επιτόκιο.","Re-establishment of an Agricultural Bank under the auspices of the state as a low-interest financing tool for agricultural investments.","703.1",NA
"Επανεξέταση, ρύθμιση με 5ετή περίοδο χάριτος, διαγραφή τόκων και διαγραφή χρεών των Ελλήνων αγροτών, αλιέων, μελισσοκόμων και κτηνοτρόφων ώστε να δοθεί νέα ώθηση στην ελληνική αγροτική οικονομία.","Review, regulation with a 5-year grace period, cancellation of interest and cancellation of debts of Greek farmers, fishermen, beekeepers and livestock farmers in order to give a new impetus to the Greek agricultural economy.","703.1",NA
"Μείωση του ΦΠΑ στο 9% όλων των ζώντων ζώων, των ζωοτροφών, των γεωργικών και κτηνοτροφικών υπηρεσιών.","Reduce VAT to 9% on all live animals, animal feed, agricultural and livestock services.","703.1",NA
"Επαναφορά του συντελεστή φορολογίας αγροτών εισοδήματος στο 13%.","Restoring the farm income tax rate to 13%.","703.1",NA
"Οργάνωση της παραγωγής σε τοπικό επίπεδο με την θέσπιση ομάδων παραγωγών οι οποίοι θα παράγουν προϊόντα που ευδοκιμούν στην περιοχή τους εφαρμόζοντας την βιολογική γεωργία και λοιπές μεθόδους αειφόρου αναπτύξεως.","Organising production at the local level by establishing producer groups that will produce products that thrive in their area by applying organic farming and other sustainable development methods.","703.1",NA
"Ποιοτικός έλεγχος σε ειδικά εργαστήρια για τυχόν υπολείμματα γεωργικών φαρμάκων","Quality control in special laboratories for any residues of pesticides in","703.1",NA
"με σκοπό την διασφάλιση της ποιότητας των αγροτικών, νωπών, αποξηραμένων και κονσερβοποιημένων προϊόντων,","order to ensure the quality of agricultural, fresh, dried and canned products","703.1",NA
"και την εξασφάλιση της δημόσιας υγείας.","and to ensure public health.","504",NA
"Άμεση σύνδεση αγροτικής παραγωγής και κατανάλωσης.","Direct link between agricultural production and consumption.","703.1",NA
"Φραγμός στην κερδοσκοπική  ασυδοσία  των  μεσαζόντων.","Stopping the speculative impunity of intermediaries.","406",NA
"Σύσταση  συμφωνιών συνεργασίας μεταξύ αγροτικών παραγωγών και εμπορικών επιχειρήσεων, για την μέγιστη εφικτή προστασία των αμοιβαίων συμφερόντων τους.","Establishment of cooperation agreements between agricultural producers and commercial enterprises, for the maximum possible protection of their mutual interests.","703.1",NA
"Σχηματισμός «Εθνικού Μητρώου Αγροτών», χωρίς μεσάζοντες,","Formation of a ""National Register of Farmers"", without intermediaries, in","703.1",NA
"ώστε να προμηθεύονται εφόδια (λιπάσματα και εδαφοβελτιωτικά) από το πλούσιο υπέδαφος της πατρίδας μας,","order to obtain supplies (fertilizers and soil conditioners) from the rich subsoil of our country,","703.1",NA
"ώστε να μειωθεί το κόστος παραγωγής,","in order to reduce the cost of production,","703.1",NA
"και, μετά την εξόρυξη των ελληνικών υδρογονανθράκων, αφορολόγητο πετρέλαιο ελληνικής παραγωγής.","and, after the extraction of Greek hydrocarbons, tax-free oil of Greek production.","703.1",NA
"Ενίσχυση αγροτικών δράσεων όπως η ιδιοπαραγωγή ζωοτροφών, η προετοιμασία χωραφιών για καλλιέργειες, η ορθολογική χρήση του νερού, η ανακύκλωση  των  υπολειμμάτων  της  αγροτικής  παραγωγής  για  την παραγωγή βιολογικών λιπασμάτων, κλπ.","Supporting agricultural actions such as the self-production of animal feed, the preparation of fields for cultivation, the rational use of water, the recycling of agricultural production residues for the production of organic fertilisers, etc.","703.1",NA
"Οργανωμένη λειτουργία πιστοποιημένων τραπεζών ελληνικών σπόρων με σκοπό την αναπαραγωγή, αναδιανομή και αξιοποίησή τους στην ελληνική παραγωγή.","Organized operation of certified banks of Greek seeds for their reproduction, redistribution and utilization in Greek production.","703.1",NA
"Επιβολή υψηλών δασμών σε εισαγόμενα λιπάσματα και σπόρους.","Impose high tariffs on imported fertilisers and seeds.","703.1",NA
"Αυστηροί έλεγχοι κατά την εισαγωγή αφυδατωμένης παγοκολόνας/μούστου/ντομάτας/χυμών και υποχρεωτική εμφανής αναγραφή των στοιχείων προέλευσης, αναλογίας κλπ σε προϊόντα στα οποία εμπεριέχονται.","Strict controls on the importation of dehydrated ice cream/smoothies/tomatoes/juices and mandatory prominent labelling of the origin, proportion etc. on products in which they are contained.","703.1",NA
"Ενίσχυση αμπελουργών για αναμπέλωση με επιλεγμένες ποικιλίες και με σύγχρονες μεθόδους καλλιέργειας φιλικές προς την φύση και τον άνθρωπο.","Supporting vine growers for replanting with selected varieties and modern cultivation methods that are friendly to nature and man.","703.1",NA
"Θέσπιση  μηχανισμού  καταγραφής  και  ελέγχου  εθνικής  παραγωγής  με σκοπό την ρύθμιση των επιπέδων εισαγωγών σε συνάρτηση με την εθνική επάρκεια ανά είδος και κλάδο.","Establish a mechanism to record and control national production in order to regulate import levels in relation to national sufficiency by species and sector.","703.1",NA
"Υποστήριξη όλων των αγροτών από γεωπόνους.","Support for all farmers by agronomists.","703.1",NA
"Αξιοποίηση των ορυκτών μας για την παραγωγή βιολογικών λιπασμάτων και εδαφολογική χαρτογράφηση από ελληνικά πανεπιστήμια των γεωργικών περιοχών για την κατάρτιση προγραμμάτων λίπανσης και εφοδίων για φυτοπροστασία.","Utilization of our minerals for the production of organic fertilizers and soil mapping by Greek universities of agricultural areas for the preparation of fertilization programs and supplies for plant protection.","703.1",NA
"Ενδυνάμωση  της  εγχώριας  βιομηχανίας  παραγωγής  λιπασμάτων","Strengthening the domestic fertilizer production industry","703.1",NA
"ώστε αυτά να είναι προσαρμοσμένα στα ελληνικά εδάφη και καλλιέργειες,","so that they are adapted to Greek soils and crops,","703.1",NA
"και ταυτόχρονα ανταγωνιστικά σε ποιότητα και τιμή έναντι των εισαγόμενων.","and at the same time competitive in quality and price compared to imported ones.","703.1",NA
"Προστασία του ελληνικού περιβάλλοντος από τα φυτοφάρμακα των πολυεθνικών κολοσσών:","Protection of the Greek environment from the pesticides of the multinational giants:","501",NA
"Μεθοδευμένη στροφή στη βιολογική γεωργία με σκοπό την προστασία του περιβάλλοντος της πατρίδας μας και την διακοπή της απώλειας συναλλάγματος.","A gradual shift to organic agriculture in order to protect the environment of our country and stop the loss of foreign exchange.","501",NA
"Απαγόρευση των Γενετικά Τροποποιημένων Οργανισμών και κατάργηση της σχετικής νομοθεσίας που τους επιτρέπει ή τους ανέχεται,","Banning Genetically Modified Organisms and repealing the relevant legislation that allows or tolerates them,","501",NA
"με παντοειδή υποστήριξη της ιδέας της οργανικής και βιολογικής βιοποικιλότητας.","with all-out support for the idea of organic and biological biodiversity.","501",NA
"Υποχρεωτική αναγραφή της ένδειξης «Γενετικά τροποποιημένα» ή «χωρίς γενετικά τροποποιημένους οργανισμούς» σε όλα τα εισαγόμενα τρόφιμα και προϊόντα.","Mandatory labelling of ""Genetically Modified"" or ""Non-GMO"" on all imported foods and products.","703.1",NA
"Επιβολή δασμών σε όλα τα προϊόντα που προέρχονται από το εξωτερικό, εκτός των χωρών με τις οποίες η Ελλάς διατηρεί στενές διμερείς συμφωνίες.","Imposition of tariffs on all products from abroad, except for countries with which Greece has close bilateral agreements.","406",NA
"Πλήρης απαγόρευση εισαγωγής αγαθών από τις χώρες που καταφεύγουν σε  δουλοκτητική  εργασία     ή  που  δεν  τηρούν  τους  βασικούς  κανόνες υγιεινής.","A complete ban on the import of goods from countries that resort to slave labour or that do not respect basic hygiene rules.","406",NA
"Υποχρεωτική καθιέρωση της ανακύκλωσης των υπολειμμάτων της αγροτικής  παραγωγής   για   την   παραγωγή   βιολογικών   λιπασμάτων  σε τοπικές εγκαταστάσεις ανακύκλωσης, με στόχο την αειφορία σε εθνικό επίπεδο, δρώντας σε τοπικό επίπεδο.","Mandatory introduction of the recycling of agricultural residues for the production of organic fertilizers in local recycling facilities, aiming for sustainability at national level by acting at local level.","416.2",NA
"Δημιουργία  συνεταιρισμών υλοτόμων με επιστημονικό προγραμματισμό και αυστηρούς ελέγχους.","Creation of logger cooperatives with scientific planning and strict controls.","501",NA
"Αναδάσωση περιοχών που υλοτομούνται προς αποκατάσταση του φυσικού περιβάλλοντος.","Reforestation of logged areas to restore the natural environment.","501",NA
"Οικονομική και τεχνική ενίσχυση σε παλιούς κτηνοτρόφους για τον εκσυγχρονισμό των μονάδων τους και των νέων κτηνοτρόφων για την δημιουργία μονάδων εκτροφής ζώων με βάση σύγχρονα πρότυπα προσαρμοσμένα στην ελληνική πραγματικότητα.","Financial and technical support to old farmers for the modernisation of their units and to new farmers for the creation of livestock units based on modern standards adapted to the Greek reality.","703.1",NA
"Υποστήριξη όλων των κτηνοτρόφων από κτηνιάτρους.","Support for all farmers by veterinarians.","703.1",NA
"Μητρώο καταγραφής αρχέγονων ελληνικών φυλών ζώων με σκοπό την επιβίωσή τους, με οικονομική και τεχνική βοήθεια για την αναπαραγωγή τους.","A register of primitive Greek animal breeds for their survival, with financial and technical assistance for their reproduction.","703.1",NA
"Αυστηρός περιορισμός στον χαρακτηρισμό του φρέσκου γάλακτος στις 5 ημέρες.","Strict limitation of the characterisation of fresh milk to 5 days.","703.1",NA
"Αυστηρός ποιοτικός έλεγχος στις εισαγωγές γάλακτος και γάλακτος σε σκόνη.","Strict quality control on imports of milk and milk powder.","406",NA
"Ενίσχυση των ελληνικών βιομηχανιών.","Strengthening Greek industries.","703.1",NA
"Χαρτογράφηση  και  βελτίωση  βοσκοτόπων,  εξασφάλιση  δικτύου ηλεκτρισμού και ύδρευσης, φυτεύσεις κτηνοτροφικών φυτών, κλπ, με βάση τις πραγματικές ανάγκες των Ελλήνων κτηνοτρόφων.","Mapping and improvement of pastures, securing electricity and water supply, planting of fodder plants, etc., based on the real needs of Greek farmers.","703.1",NA
"Θέσπιση ειδικού τμήματος στο υπουργείο Ανάπτυξης για την προστασία των ελληνικών προϊόντων (ΠΟΠ, ελληνοποιήσεις, κλπ.)","Establishment of a special department in the Ministry of Development for the protection of Greek products (PDO, domestication, etc.)","703.1",NA
"Ενίσχυση της βυρσοδεψίας για εκμετάλλευση δερμάτων.","Strengthening of tanning for the exploitation of hides.","703.1",NA
"Ενίσχυση του τομέα επεξεργασίας του μαλλιού των αιγοπροβάτων.","Strengthen the sheep and goat wool processing sector.","703.1",NA
"Στήριξη της μελισσοκομίας και της εμπορίας μελισσοκομικών προϊόντων.","Support for beekeeping and the marketing of beekeeping products.","703.1",NA
"Εμφανής αναγραφή της προέλευσης του μελιού που πωλείται στην Ελλάδα.","Prominent indication of the origin of honey sold in Greece.","703.1",NA
"Ενίσχυση  των  Ελλήνων  αλιέων  τόσον  στις  καθημερινές  ανάγκες  τους (εφόδια, αναβάθμιση σκαφών), όσο και στην προστασία των αλιεύσιμων εκτάσεων.","Supporting Greek fishermen both in their daily needs (equipment, upgrading of vessels) and in the protection of fishable areas.","703.1",NA
"ΤΟΥΡΙΣΜΟΣ","TOURISM","H",NA
"Η  οικονομική  ανάκαμψη  της  χώρας  μας  δεν  μπορεί  να  αγνοήσει  την ανάπτυξη του μοναδικού τοπίου της κληρονομιάς μας, τόσο του φυσικού όσο και του πολιτιστικού – με τον τουρισμό.","The economic recovery of our country cannot ignore the development of our unique heritage landscape, both natural and cultural - through tourism.","601.1",NA
"Οι προτάσεις μας για άμεση εφαρμογή:Ενίσχυση της ιστορικής, καλλιτεχνικής και περιβαλλοντικής κληρονομιάς σε τοπικό επίπεδο.","Our proposals for immediate implementation:Strengthening the historical, artistic and environmental heritage at local level.","601.1",NA
"Άνοιγμα των πυλών του ελληνικού τουρισμού, με σκοπό την προώθηση της εικόνας της χώρας μας, ακόμη ελάχιστα γνωστής σε πολλούς παγκοσμίως.","Opening the gates of Greek tourism, in order to promote the image of our country, still little known to many worldwide.","601.1",NA
"Βελτίωση και προσαρμογή των υποδομών για τουρισμό όλο τον χρόνο, χειμερινό, αρχαιολογικό και θρησκευτικό τουρισμό.","Improvement and adaptation of infrastructure for year-round, winter, archaeological and religious tourism.","410",NA
"Προώθηση του αγροτουρισμού με δημιουργία πρότυπων επισκέψιμων αγροτοκτηνοτροφικών μονάδων","Promotion of agrotourism by creating model farm and cattle units open to visitors","703.1",NA
"Προώθηση τοπικών προϊόντων σε τουριστικά καταλύματα.","Promotion of local products in tourist accommodation.","703.1",NA
"ΥΓΕΙΑ – ΚΟΙΝΩΝΙΚΗ  ΠΡΟΝΟΙΑ","HEALTH - SOCIAL WELFARE","H",NA
"Λογιστικός έλεγχος στα δημόσια νοσοκομεία","Accounting control in public hospitals","504",NA
"Προνομιακή  μεταχείριση  της  εγχώριας  φαρμακοβιομηχανίας  και προώθηση φαρμάκων που παράγονται στην Ελλάδα για τα δημόσια νοσοκομεία.","Preferential treatment of the domestic pharmaceutical industry and promotion of medicines produced in Greece for public hospitals.","406",NA
"Η Χρυσή Αυγή διακρίνει ριζικά την Ελληνική Φαρμακοβιομηχανία  από  τους  πολυεθνικούς  φαρμακευτικούς  κολοσσούς και την θεωρεί ως έναν από τους ισχυρούς κλάδους της οικονομίας με εξαγωγικό προσανατολισμό.","Golden Dawn radically distinguishes the Greek pharmaceutical industry from the multinational pharmaceutical giants and considers it as one of the strong export-oriented sectors of the economy.","406",NA
"Οι Ελληνικές Βιομηχανίες φαρμάκων και ιατρικού-νοσηλευτικού υλικού θα τυγχάνουν  ουσιωδών  φορολογικών  ελαφρύνσεων","The Greek pharmaceutical and medical-nursing equipment industries will benefit from substantial tax relief","402",NA
"εάν  απασχολούν  κατά 80%  τουλάχιστον  Έλληνες  και  κατά  20%  το  πλείστο,  εργαζόμενους  από χώρες της Ευρωπαϊκής Ένωσης (προτείνεται να προτιμώνται οι Έλληνες)","if they employ at least 80% Greek and 20% mostly Greek workers from European Union countries (it is proposed to give preference to Greeks)","402",NA
"και ταυτοχρόνως οφείλουν να είναι φορολογικά και ασφαλιστικά ενήμερες.","and at the same time they must be up to date with their tax and social security payments.","402",NA
"Παροχή κινήτρων για την ίδρυση νέων βιομηχανιών παραγωγής προϊόντων βιοτεχνολογίας υψηλής ποιότητας με εξαγωγικό προσανατολισμό.","Provide incentives for the establishment of new export-oriented industries producing high quality biotechnology products.","411",NA
"Παροχή υψηλού επιπέδου υπηρεσιών υγείας σε όλους τους Έλληνες.","Providing high quality health services to all Greeks.","504",NA
"Πάταξη της παραοικονομίας που οδηγεί στο κλείσιμο των Ελληνικών επιχειρήσεων και  σε κατάργηση των θέσεων εργασίας, ενώ ταυτοχρόνως στερεί τα έσοδα από τα ασφαλιστικά ταμεία.","Fighting the informal economy that leads to the closure of Greek businesses and the elimination of jobs, while at the same time depriving the social security funds of revenue.","403",NA
"Διασφάλιση ενός τριτοβάθμιου και μικτού (κρατικού και πανεπιστημιακού) νοσοκομείου σε κάθε υγειονομική περιφέρεια που θα ταυτίζεται με την διοικητική περιφέρεια.","Ensure a tertiary and mixed (state and university) hospital in each health region that is identical to the administrative region.","504",NA
"Νομοθετική ρύθμιση της λειτουργικής σύνδεσης ιδιωτών ιατρών και δευτεροβάθμιων νοσοκομείων.","Legislative regulation of the functional link between private doctors and secondary hospitals.","504",NA
"Συγκρότηση νέων πινάκων διαγνωστικών εξετάσεων και ιατρικών πράξεων με βάση τα σύγχρονα διεθνή επιστημονικά δεδομένα.","Compilation of new tables of diagnostic tests and medical procedures based on the latest international scientific data.","504",NA
"Η κοστολόγησή τους θα στηρίζεται στην τρέχουσα Ελληνική και διεθνή οικονομική πραγματικότητα.","Their costing will be based on the current Greek and international economic reality.","504",NA
"Οι πίνακες αυτοί θα είναι δεσμευτικοί για τον ΕΟΠΥΥ και για όλα τα νοσοκομεία του ΕΣΥ, καθώς και τους συμβεβλημένους φορείς με το Δημόσιο ή τον ΕΟΠΥΥ.","These tables will be binding for the EOPYY and for all hospitals of the NHS, as well as for the institutions contracted with the State or the EOPYY.","504",NA
"Καθιέρωση προληπτικού διαγνωστικού ελέγχου ανά ομάδα πληθυσμού ανάλογα με την προβλέψιμη νοσηρότητα και τους ειδικούς κινδύνους που τεκμηριώνονται από επιδημιολογικά δεδομένα.","Establish screening by population group according to the predicted morbidity and specific risks documented by epidemiological data.","504",NA
"Checkup ανά ηλικία, ανά φύλο και ανά κατηγορία εργαζομένων.","Checkup by age, by gender and by employee category.","504",NA
"Οι εξετάσεις προληπτικής ιατρικής θα χορηγούνται δωρεάν από την πολιτεία και θα αφορούν εξίσου ασφαλισμένους και ανασφάλιστους Έλληνες.","Preventive medical examinations will be provided free of charge by the state and will apply equally to insured and uninsured Greeks.","504",NA
"Προγραμματισμός προμηθειών,  με ευθύνη των διοικήσεων των Νοσοκομείων  και  με  άξονα  αναφοράς  την  στατιστική  μελέτη  των πραγματικά αναλωθέντων φαρμάκων και υλικών κατά τον προηγηθέντα χρόνο.","Procurement planning, under the responsibility of the Hospital administrations and with the statistical study of the actual consumption of drugs and materials in the previous year as a reference.","504",NA
"Σύσταση «Οργανισμού Υγείας Ανασφάλιστων, Απόρων και Πτωχών» με επείγουσα νομοθετική ρύθμιση.","Establishment of a ""Health Agency for the Uninsured, the Poor and the Indigent"" by urgent legislation.","504",NA
"Ως δικαιούχοι των παροχών περίθαλψης θα εγγράφονται οι αποδεδειγμένα πτωχεύσαντες, άνεργοι και ανασφάλιστοι Έλληνες, με αντικειμενικά και ευκόλως ελέγξιμα κριτήρια.","The beneficiaries of the health care benefits will be the demonstrably bankrupt, unemployed and uninsured Greeks, according to objective and easily verifiable criteria.","504",NA
"Στον Οργανισμό θα εντάσσονται και οι πολύτεκνοι άποροι Έλληνες.","The Agency will also include needy Greeks with many children.","504",NA
"Οι πίνακες δικαιούχων θα συγκροτούνται από τους Δήμους.","The lists of beneficiaries will be established by the municipalities.","504",NA
"Ανά Περιφέρεια θα υπάρχει επιτροπή διαχείρισης των χορηγούμενων πόρων, η σύσταση της οποίας θα καθορισθεί με κοινή υπουργική απόφαση Υπουργών Υγείας και Οικονομικών.","Each Region will have a committee for the management of the allocated funds, the composition of which will be determined by a joint ministerial decision of the Ministers of Health and Finance.","504",NA
"Ο ΟΑΑΠ θα προσφέρει πρωτοβάθμια και δευτεροβάθμια περίθαλψη.","The OAP will provide primary and secondary care.","504",NA
"Η αμοιβή των συμβεβλημένων ιατρών θα γίνεται με βάση την αρχή της πάγιας μηνιαίας αντιμισθίας η οποία θα αναγνωρίζεται από το Δημόσιο ως έχουσα κοινωνικό χαρακτήρα και δεν θα φορολογείται.","The remuneration of contracted doctors will be based on the principle of a fixed monthly fee which will be recognised by the State as having a social character and will not be taxed.","504",NA
"Άμεση στελέχωση και προμήθεια απαραίτητου εξοπλισμού των επαρχιακών νοσοκομείων ώστε οι σοβαρές χειρουργικές επεμβάσεις και η παρακολούθηση των βαρέως πασχόντων να μην είναι απαραίτητο να καταλήγουν στα μεγάλα αστικά κέντρα.","Immediate staffing and supply of necessary equipment to provincial hospitals so that serious surgical operations and the monitoring of the seriously ill do not have to end up in large urban centres.","504",NA
"Δημιουργία  και  επαναλειτουργία  παιδιατρικών  κλινών  και  κλινών Μονάδων Εντατικής Θεραπείας (Μ.Ε.Θ.) νεογνών και παιδιών στα πλαίσια όλων των παθολογικών τομέων των δευτεροβάθμιων νοσοκομείων, ώστε να μην διακομίζονται συνήθεις ή απλές περιπτώσεις προς τα «Νοσοκομεία Παίδων» τα οποία θα προσλάβουν σαφώς τριτοβάθμιο χαρακτήρα.","The creation and reopening of paediatric and intensive care unit (ICU) beds for newborns and children in all the pathology departments of secondary hospitals, so that ordinary or simple cases are not referred to the ""Children's Hospitals"" which will clearly take on a tertiary character.","504",NA
"Ειδικά οικονομικά και επιστημονικά κίνητρα για γιατρούς και νοσηλευτές υψηλής εξειδίκευσης προκειμένου να εγκατασταθούν και να εργαστούν σε απομακρυσμένα επαρχιακά ή νησιωτικά νοσοκομεία.","Special financial and scientific incentives for highly qualified doctors and nurses to settle and work in remote provincial or island hospitals.","504",NA
"Για την εξυπηρέτηση των νησιωτών μας, θα ιδρυθούν δυο πλωτά νοσοκομεία πλήρους οργάνωσης ως δευτεροβάθμια νοσοκομεία, υπό την αιγίδα των Ενόπλων Δυνάμεων (ΓΕΝ).","To serve our islanders, two fully organised floating hospitals will be established as secondary hospitals, under the auspices of the Armed Forces (GEN).","504",NA
"Στα πλοία - νοσοκομεία θα υπηρετούν ιατροί  του  ΕΣΥ  με  ολιγόμηνες  αποσπάσεις  από  τα  νοσοκομεία  όπου  θα έχουν την οργανική τους θέση και Στρατιωτικοί Ιατροί που θα χορηγούνται με ολιγόμηνες αποσπάσεις από το ΓΕΝ.","The ships - hospitals will be staffed by doctors of the NHS with short-term secondments from the hospitals where they will have their organic position and Military Doctors who will be assigned with short-term secondments from the General Staff.","504",NA
"Ως βοηθητικό ιατρικό προσωπικό δύνανται να υπηρετούν και ιατροί υπόχρεοι υπηρεσίας υπαίθρου.","Medical auxiliaries may include doctors who are obliged to serve in the field.","504",NA
"Οργάνωση ειδικής στρατιωτικής υπηρεσίας αεροδιακομιδών και πλοιοδιακομιδών με αξιοποίηση των μονάδων του Στρατού.","Organisation of a special military air and boat evacuation service using the Army's units.","504",NA
"Καθορίζονται τουλάχιστον 5 σημεία στάθμευσης και εκκίνησης των ελικοπτέρων καθώς και τα 7 σημεία καταλήξεως των αεροδιακομιζόμενων σε Αθήνα, Θεσσαλονίκη, Πάτρα, Ηράκλειο, Ρόδο, Καβάλα και Αλεξανδρούπολη.","At least 5 helicopter parking and launching points and the 7 points of arrival of air passengers in Athens, Thessaloniki, Patras, Heraklion, Rhodes, Kavala and Alexandroupolis are defined.","504",NA
"Ο δευτεροβάθμιος και τριτοβάθμιος ιδιωτικός νοσηλευτικός τομέας θα ενισχυθεί ώστε να λειτουργεί αποσυμφορώντας το ΕΣΥ,","The secondary and tertiary private nursing sector will be strengthened to operate in a way that reduces the burden on the NHS,","504",NA
"μέσω ανάληψης της νοσηλείας ή συγκεκριμένων ιατρικών πράξεων βάσει προσυμφωνημένου κοστολογίου, που δεν θα αποκλίνει σημαντικά από το ισχύον κοστολόγιο του ΕΣΥ.","by taking over hospitalisation or specific medical procedures on the basis of a pre-agreed cost schedule, which will not deviate significantly from the current NHS cost schedule.","504",NA
"Δυνατότητα επικουρικής εφημερίας ιδιωτικών κλινικών εν παραλλήλω προς τα νοσοκομεία του ΕΣΥ.","Possibility of auxiliary on-call service of private clinics in parallel to NHS hospitals.","504",NA
"Αναδιάρθρωση και ενοποίηση κλινικών των Ιδρυμάτων χρονίως πασχόντων  ώστε  οι  χρόνια  πάσχοντες  να  έχουν  πρόσβαση  σε  ειδικές ιατρικές, νοσηλευτικές, φυσιοθεραπευτικές και ψυχιατρικές υπηρεσίες.","Restructuring and consolidation of clinics of the institutions for the chronically ill so that the chronically ill have access to special medical, nursing, physiotherapy and psychiatric services.","504",NA
"Ιδιαίτερο βάρος σε ζητήματα καθαριότητας και σίτισης.","Particular emphasis on cleaning and feeding issues.","504",NA
"Θεσμοθετείται  η  συμμετοχή  στα  διοικητικά  συμβούλια  των  ιδρυμάτων χρονίως  πασχόντων  των  σωματείων  συμπαράστασης  και  των  συλλόγων συγγενών, όπως και των εκπροσώπων της ιατρικής και νοσηλευτικής υπηρεσίας.","Participation in the boards of directors of institutions for the chronically ill of support associations and relatives' associations, as well as representatives of the medical and nursing service, is established.","504",NA
"Η   κατ’   οίκον   νοσηλεία   των   πασχόντων  γερόντων   ή   άλλων   χρόνιων ασθενών, ειδικά των παιδιών που έχουν χρόνιες αναπηρίες όπως και των χρόνιων ψυχοπαθών, επιβαρύνει σημαντικά και συχνά αποδιοργανώνει ποικιλοτρόπως τις οικογένειες των ασθενών.","The home care of the elderly or other chronically ill patients, especially children with chronic disabilities and chronic psychopaths, places a significant burden and often disrupts the patients' families in many ways.","504",NA
"Η ζωή τόσο για τους πάσχοντες όσο   και   για   τους   συγγενείς   τους   συχνά   καθίσταται   βασανιστική.","Life for both sufferers and their relatives is often excruciating.","504",NA
"Οι επιτροπές κοινωνικών λειτουργών και ψυχολόγων, με την καθοδήγηση και την συνεχή συνεργασία με τις επιστημονικές επιτροπές των ιδρυμάτων χρονίως πασχόντων, θα παρακολουθούν τους ειδικούς αυτούς ασθενείς και στις δυο θέσεις διαμονής και θα συντάσσουν πορίσματα - συστάσεις για την καλύτερη διαβίωση και την βέλτιστη ποιοτικά παραμονή των ασθενών, ενώ θα γίνεται και περιοδική αλλαγή του χώρου διαμονής των.","The committees of social workers and psychologists, under the guidance and continuous cooperation with the scientific committees of the institutions for the chronically ill, will monitor these special patients in both places of residence and will draw up findings - recommendations for the better living and the optimal quality of the patients' stay, while the place of residence will be periodically changed.","504",NA
"Προωθείται ο θεσμός του οικογενειακού ιατρού.","The institution of the family doctor is promoted.","504",NA
"Η καθιέρωση της προαγωγής υγείας, της προληπτικής ιατρικής και της επαναλαμβανόμενης αναγραφής των μηνιαίων ποσοτήτων φαρμάκων σε χρόνιους ασθενείς (δελτία  ανάλωσης  φαρμάκων),  σταδιακά  μεταβιβάζεται  στους οικογενειακούς ιατρούς οι οποίοι θα αποτελούν την βασική δομή της δημόσιας πρωτοβάθμιας περίθαλψης.","The introduction of health promotion, preventive medicine and the recurrent recording of monthly quantities of medicines for chronic patients (medicine consumption sheets) is gradually being transferred to family doctors who will form the basic structure of public primary care.","504",NA
"Οι Μονάδες Εντατικής Θεραπείας είναι μια μεγάλη κατάκτηση της ιατρικής και   οι  Έλληνες   πρέπει  να   έχουν   άμεση  πρόσβαση   σε  αυτές.","Intensive Care Units are a great achievement of medicine and Greeks must have immediate access to them.","504",NA
"Άμεσα απογραφή των εν ενεργεία κλινών Μ.Ε Θ. και των νοσοκομείων όπου βρίσκονται.","Immediately take an inventory of active NICU beds and the hospitals where they are located.","504",NA
"Γεωγραφικός καθορισμός και ίδρυση νέων, όπου χρειάζεται, και ορθολογιστική κατανομή τους.","Geographical definition and establishment of new ones, where necessary, and their rational distribution.","504",NA
"Αποτύπωση των κλινών Μ.Ε.Θ του ιδιωτικού τομέα.","Mapping of private sector NICU beds.","504",NA
"Ο ΕΟΠΥΥ  αναλαμβάνει την δαπάνη χρήσης τους βάσει προσυμφωνημένου τιμολογίου μεταξύ υπουργείου Υγείας και ιδιωτικών κλινικών.","The EOPYY assumes the cost of their use on the basis of a pre-agreed tariff between the Ministry of Health and private clinics.","504",NA
"Καταγραφή   των   κλινών   που   φαίνεται   να   έχουν   ιδρυθεί   αλλά   δεν λειτουργούν λόγω ελλείψεων σε εξειδικευμένο ιατρικό και νοσηλευτικό προσωπικό.","Inventory of clinics that appear to have been established but are not functioning due to shortages of qualified medical and nursing staff.","504",NA
"Για την αντιμετώπιση  του δημογραφικού προβλήματος που πλήττει την χώρα, από πλευράς ιατροϋγειονομικής, θα απλοποιηθεί τα μέγιστα η διαδικασία της υποβοηθουμένης αναπαραγωγής.","In order to address the demographic problem affecting the country, from a medical and health point of view, the procedure of assisted reproduction will be simplified as much as possible.","504",NA
"Ενίσχυση της ερευνητικής δραστηριότητας και της δημιουργίας καινοτομιών.","Strengthening research activity and innovation.","411",NA
"Η Ελλάδα θα αποτελέσει σημείο αναφοράς κλινικών ερευνών και επανασχεδιασμού φαρμάκων, προσελκύοντας και αξιοποιώντας Έλληνες ερευνητές προς όφελος της Πατρίδας.","Greece will become a benchmark for clinical research and drug redesign, attracting and utilizing Greek researchers for the benefit of the country.","504",NA
"Ένταξη των ΑΜΕΑ στην κοινωνία μέσω της χρήσης των ικανοτήτων τους.","Inclusion of people with disabilities in society through the use of their abilities.","503",NA
"Στην κατεύθυνση αυτή,  θα ανατεθεί σε Έλληνες που υφίστανται οι ίδιοι προβλήματα αποδυνητικής αναπηρίας, η μελέτη και η υλοποίηση σχεδίου που θα οδηγήσει στην πλήρη άρση όλων των ψυχοδιανοητικών και διαρθρωτικών φραγμών σε βάρος των ΑΜΕΑ.","In this direction, Greeks who themselves suffer from severe disability problems will be assigned to study and implement a plan that will lead to the complete removal of all psychological and structural barriers against people with disabilities.","503",NA
"ΝΑΡΚΩΤΙΚΑ","DRUGS","H",NA
"Το πρόβλημα της εξάρτησης από ουσίες αποτελεί παγκόσμιο φαινόμενο κοινωνικής παθογένειας.","The problem of substance dependence is a global phenomenon of social pathogenicity.","605.1",NA
"Στην Ελλάδα, τα συστημικά κόμματα, αν και μπορούν  να  εκριζώσουν  το  φαινόμενο  του  εμπορίου  των  ναρκωτικών ουσιών από την πηγή του,   δεν το κάνουν.","In Greece, the mainstream parties, although they can eradicate the phenomenon of drug trafficking from its source, they do not.","605.1",NA
"Σκοπός των εκάστοτε κυβερνώντων αλλά και του διεθνούς συστήματος είναι οι νέοι να βρίσκουν διεξόδους στις ναρκωτικές ουσίες μέσα από τις οποίες θα είναι σε συνεχή και μόνιμη αδράνεια,","The aim of those in power and of the international system is for young people to find outlets for drugs through which they will be in constant and permanent inactivity, and","304",NA
"επομένως θα χειραγωγούνται και δεν θα αντιδρούν.","therefore manipulated and unresponsive.","304",NA
"Η ΧΡΥΣΗ ΑΥΓΗ θέτει ως σκοπό την επαγρύπνηση της Ελληνικής Νεολαίας.","The purpose of GOLDEN DAWN is the vigilance of the Greek Youth.","601.1",NA
"Προτείνουμε:Δημιουργία εξειδικευμένων ανοιχτών κέντρων συμβουλευτικής καθοδήγησης.","We propose:Creation of specialized open centres for counselling and guidance.","605.1",NA
"Στεγνά κέντρα απεξάρτησης ανάλογα με τις ανάγκες της κάθε περιοχής.","Dry rehabilitation centres according to the needs of each region.","605.1",NA
"Δημιουργία τετραψήφιου τηλεφώνου όπου θα γίνονται καταγγελίες για διακίνηση ναρκωτικών.","Creation of a four-digit telephone number to which complaints about drug trafficking can be made.","605.1",NA
"Η εμπορία ναρκωτικών καθίσταται ιδιώνυμο αδίκημα με ποινές οι οποίες θα υποχρεώσουν τους εμπόρους να εγκαταλείψουν άμεσα την χώρα.","Drug trafficking is made an offence with penalties that will force traffickers to leave the country immediately.","605.1",NA
"Στην περίπτωση εμπόρου και χρήστη θα προεξάρχει η ιδιότητα του εμπόρου.","In the case of a merchant and a user, the merchant status will prevail.","605.1",NA
"Άμεση σύλληψη των εμπόρων ναρκωτικών και παραδειγματική τιμωρία το Σκοπός μας είναι η θεραπεία των χρηστών και η άμεση επανένταξή τους στην κοινωνία.","Immediate arrest of drug dealers and exemplary punishment in Our aim is to treat users and reintegrate them directly into society.","605.1",NA
"ΣΤΕΓΑΣΤΙΚΗ ΠΟΛΙΤΙΚΗ","HOUSING POLICY","H",NA
"Η Χρυσή Αυγή θεωρεί δικαίωμα κάθε Έλληνα να μπορεί να πραγματώσει την ιδιοκτησία μιας κατοικίας, κατάλληλης για τις ανάγκες τις δικές του και της οικογένειάς του, σε εύλογο χρονικό διάστημα και χωρίς να αφιερώσει δεκαετίες της ζωής του για να πληρώσει δυσανάλογα ποσά, αυξημένα με τοκογλυφικό τρόπο.","Golden Dawn considers it the right of every Greek to be able to own a home, suitable for his and his family's needs, within a reasonable period of time and without having to dedicate decades of his life to paying disproportionate amounts of money, increased in a usurious way.","411",NA
"Προτείνουμε:Στεγαστικό πρόγραμμα πανεθνικής κλίμακας, με οικιστικά συγκροτήματα εξοπλισμένα με επαρκή χώρο, ώστε να στεγάζουν και μεγάλες οικογένειες, με ηλικιωμένους και αναπήρους,","We propose:A nationwide housing programme, with housing complexes equipped with sufficient space to accommodate large families, elderly and disabled people,","504",NA
"φιλικά προς το περιβάλλον και με χώρο πρασίνου,","environmentally friendly and with green space, at a","501",NA
"σε τιμή ελαφρώς υψηλότερη από το κόστος.","price slightly higher than the cost.","504",NA
"Οι χώροι πρασίνου θα επιτρέψουν σε κάθε οικογένεια να καλλιεργήσει ένα κομμάτι γης, στο οποίο θα έχει κατοχυρωμένο δικαίωμα, εν όψει και των ιστορικών φάσεων τις οποίες διερχόμαστε και οι οποίες οδηγούν στην ριζοσπαστικοποίηση της σοβαρής κρίσης που ήδη υπάρχει.","Green spaces will allow every family to cultivate a piece of land to which they will have a guaranteed right, in view of the historical phases we are going through, which are leading to the radicalisation of the serious crisis that already exists.","703.1",NA
"Σχεδιασμός και κατασκευή βιώσιμων αστικών περιοχών, με τις υπηρεσίες που αναγκαιούν,","Design and construction of sustainable urban areas, with the services they need,","416.2",NA
"σε αντικατάσταση εκείνων που κατασκευάστηκαν μετά τον εμφύλιο πόλεμο χωρίς τις παραπάνω προϋποθέσεις, παράγωγα του καιροσκοπισμού.","to replace those built after the civil war without the above conditions, derivatives of opportunism.","411",NA
"Πιστωτική διευκόλυνση, μέσω των κατάλληλων συμφωνιών με το τραπεζικό σύστημα, για αγορά πρώτης κατοικίας, με προτεραιότητα σε εκείνους με τουλάχιστον τρία παιδιά ή και άτομα με ειδικές ανάγκες και ηλικιωμένους.","Credit facilities, through appropriate agreements with the banking system, for the purchase of a first home, with priority given to those with at least three children or disabled and elderly people.","401",NA
"Θεωρείται απαράδεκτη κάθε φορολογία, άμεση και έμμεση, στην οικιακή ιδιοκτησία, καθώς επίσης και για την αγορά κατοικίας από την ελληνική οικογένεια,  με  την  απαραίτητη  συνταγματική  κατοχύρωση  της  εν  λόγω αρχής.","It is considered unacceptable any tax, direct or indirect, on home ownership, as well as on the purchase of housing by the Greek family, with the necessary constitutional safeguarding of this principle.","401",NA
"ΕΘΝΙΚΗ ΤΑΥΤΟΤΗΤΑ","NATIONAL IDENTITY","H",NA
"Η Χρυσή Αυγή θεωρεί την επίθεση της οικονομίας και του πολιτισμού της παγκοσμιοποίησης ως τον κύριο κίνδυνο που αντιμετωπίζουν τα έθνη, λόγω της σκόπιμης και ύπουλης διαδικασίας διάβρωσης της εθνικής ταυτότητας και ιδιοπροσωπίας των λαών.","Golden Dawn considers the attack of the economy and culture of globalisation as the main danger facing nations, due to the deliberate and insidious process of erosion of the national identity and identity of peoples.","601.1",NA
"Η επίθεση αυτή χρησιμοποιεί τον δούρειο ίππο της λαθρομετανάστευσης.","This attack uses the Trojan horse of illegal immigration.","601.2",NA
"Το φαινόμενο αυτό, αντικατοπτρίζει τις χειρότερες πτυχές του δυτικού πολιτισμού, καθώς οι μετανάστες θα γίνουν ένα νέο «αποθεματικό» συγχρόνων   σκλάβων, έτοιμο να αποδεχθεί τους μισθούς και τις συνθήκες εργασίας που είναι απαράδεκτες για τους Έλληνες εργαζόμενους.","This phenomenon reflects the worst aspects of Western civilization, as immigrants will become a new ""reserve"" of modern slaves, ready to accept wages and working conditions that are unacceptable for Greek workers.","601.2",NA
"Η Χρυσή Αυγή προτείνει ολοκληρωμένο Σχέδιο Νόμου για την άμεση λύση του λαθρομεταναστευτικού και την οριστική πάταξη του δουλεμπορίου, το οποίο μετατρέπει σε ιδιώνυμο αδίκημα την παράνομη διέλευση των ελληνικών συνόρων από πολίτες ξένων χωρών.","Golden Dawn proposes a comprehensive draft law for the immediate solution of the illegal immigration problem and the final crackdown on the slave trade, which turns the illegal crossing of the Greek borders by foreign citizens into a separate offence.","601.2",NA
"Ποινή ισόβιας κάθειρξης σε όσα μέλη δουλεμπορικών κυκλωμάτων συλλαμβάνονται από τις Ελληνικές Αρχές.","Life imprisonment for all members of slave-trafficking rings arrested by the Greek authorities.","601.2",NA
"Ανυποχώρητη υπεράσπιση των κανόνων σχετικά με την απόκτηση της ιθαγένειας με βάση το «δίκαιο του αίματος» (jus sanguinis).","Unwavering defence of rules on the acquisition of citizenship based on ""blood law"" (jus sanguinis).","601.1",NA
"Άμεση διακοπή της τρέχουσας «πολιτικής των ροών»","Immediately stop the current ""flow policy""","601.2",NA
"Ενίσχυση του ελέγχου των θαλασσίων συνόρων μας.","Strengthen the control of our maritime borders.","601.2",NA
"Απογραφή των «μη κοινοτικών» αλλοδαπών στο έδαφός μας και χορήγηση άδειας παραμονής μόνο σε όσους πληρούν τις προϋποθέσεις.","Census of ""non-community"" foreigners in our territory and granting residence permits only to those who meet the requirements.","601.2",NA
"Ιδιώνυμο όποιο έγκλημα τελεί αλλοδαπός. ή εναλλακτικά,","Identification of any crime committed by a foreigner; or alternatively, the","601.2",NA
"Δυνατότητα για τους φυλακισμένους να εκτίσουν την ποινή τους στη χώρα καταγωγής τους,","possibility for prisoners to serve their sentence in their country of origin, the","601.2",NA
"δυνατότητα υποχρεωτικής μη αμειβόμενης εργασίας σε ειδικούς χώρους κράτησης, όπου παράλληλα θα παράγεται έργο υπέρ του Δημοσίου.","possibility of compulsory unpaid work in special detention areas, where work will be produced for the public sector.","601.2",NA
"Άμεση  απομάκρυνση  όλων  των  μεταναστών  που  έχουν  διαπράξει εγκλήματα επί ελληνικού εδάφους.","Immediate removal of all immigrants who have committed crimes on Greek territory.","601.2",NA
"Πάταξη του παρανόμου εμπορίου των αλλοδαπών και αυστηρός φορολογικός έλεγχος στα εμβάσματα που αποστέλλουν στις χώρες τους.","Crackdown on illegal trade by foreigners and strict tax control on remittances they send to their countries.","601.2",NA
"Να πάψει η τεράστια απώλεια εσόδων για το ελληνικό κράτος.","To stop the huge loss of revenue for the Greek state.","601.2",NA
"ΕΙΝΑΙ ΕΘΝΙΚΗ ΑΝΑΓΚΗ : ΤΕΛΟΣ ΣΤΗΝ ΛΑΘΡΟΜΕΤΑΝΑΣΤΕΥΣΗ !","IT IS A NATIONAL NECESSITY : END ILLEGAL IMMIGRATION !","601.2",NA
"ΟΙΚΟΓΕΝΕΙΑΚΗ  ΜΕΡΙΜΝΑ ΚΑΙ   ΔΗΜΟΓΡΑΦΙΚΗ ΠΟΛΙΤΙΚΗ","FAMILY CARE AND DEMOGRAPHIC POLICY","H",NA
"Το   Δημογραφικό   πρόβλημα   είναι   ένας   θανάσιμος   κίνδυνος   για   τον Ελληνισμό.","The demographic problem is a mortal danger for Hellenism.","601.2",NA
"Σε συνδυασμό με την αθρόα λαθρομετανάστευση σημαίνει ότι σε λίγα χρόνια θα είμαστε μειοψηφία μέσα στην ίδια μας την Πατρίδα.","Combined with massive illegal immigration, it means that in a few years we will be a minority in our own country.","601.2",NA
"Η Χρυσή Αυγή θεωρεί ως καθήκοντα του κράτους την υπεράσπιση της ζωής (από την σύλληψη μέχρι τον θάνατο), την προστασία της οικογένειας ως θεμελιώδους μονάδας της κοινωνίας, και την υποστήριξη για την αύξηση του πληθυσμού του ελληνικού λαού.","Golden Dawn considers the state's duties to be the defence of life (from conception to death), the protection of the family as a fundamental unit of society, and support for the growth of the population of the Greek people.","603",NA
"Η μείωση του ποσοστού των γεννήσεων συμβάλλει σημαντικά στην οικονομική κρίση, και στην γήρανση του πληθυσμού.","The decline in the birth rate is a major contributor to the economic crisis and the ageing population.","603",NA
"Το κράτος θα επικεντρωθεί γρήγορα και ενεργά στην επίτευξη του διπλασιασμού του ρυθμού αύξησης του πληθυσμού, τουλάχιστον έως Τ. F.R. 3, 5%.","The state will focus quickly and actively on achieving a doubling of the population growth rate, at least to T. F.R. 3, 5%.","603",NA
"Τα νέα φορολογικά μέτρα της συγκυβέρνησης χτυπούν την οικογένεια, και αποτελούν απτή απόδειξη του εθνομηδενισμού του πολιτικού συστήματος.","The new tax measures of the coalition government hit the family, and are tangible proof of the ethnonationalism of the political system.","603",NA
"Η Χρυσή Αυγή προτείνει:","Golden Dawn proposes:","305.1",NA
"Κατάργηση του νόμου 821 της 15/9/1978, ο οποίος νομιμοποίησε τις αμβλώσεις, και θεσμοθέτηση βαρέων κυρώσεων για όσους τις διενεργούν.","Repeal of Law 821 of 15/9/1978, which legalized abortion, and the introduction of heavy penalties for those who perform abortions.","603",NA
"Διενέργεια εκστρατείας πληροφόρησης σχετικά με τις σοβαρές βλάβες που δύνανται  να προκαλέσουν στην σωματική και ψυχική υγεία των γυναικών οι πρακτικές άμβλωσης.","Conduct an information campaign on the serious harm that abortion can cause to women's physical and mental health.","603",NA
"Οι εκτρώσεις στην Ελλάδα είναι 400.000 τον χρόνο.","Abortions in Greece are 400,000 per year.","603",NA
"Δηλαδή κάθε χρόνο καταστρέφεται μία ολόκληρη πόλη όπως η Πάτρα.","In other words, every year an entire city like Patras is destroyed.","603",NA
"Η άμβλωση είναι φόνος.","Abortion is murder.","603",NA
"Οι σύζυγοι γίνονται παιδοκτόνοι αντί να είναι γονείς διότι υπηρετούν την φθορά και τον θάνατο αντί να δίνουν ζωή.","Husbands become child killers instead of parents because they serve decay and death instead of giving life.","603",NA
"Εφαρμογή προγράμματος ψυχολογικής και υλικής βοήθειας για τη γυναίκα που δεν προτίθεται να ολοκληρώσει την εγκυμοσύνη, προγράμματος προσανατολισμένου στην γέννηση του παιδιού και, αν χρειαστεί, στην εποπτευόμενη υιοθεσία του από άλλη ελληνική οικογένεια.","Implementation of a programme of psychological and material assistance for the woman who does not intend to complete the pregnancy, a programme oriented towards the birth of the child and, if necessary, its supervised adoption by another Greek family.","603",NA
"Απαγόρευση των πρακτικών που δεν σέβονται την ιερότητα της ανθρώπινης ζωής, όπως τα πειράματα επί ανθρώπων και η συγκομιδή ανθρωπίνων οργάνων με «παλλόμενη καρδιά».","A ban on practices that do not respect the sanctity of human life, such as human experimentation and the harvesting of human organs with a ""beating heart"".","603",NA
"Προς τον σκοπό της δημογραφικής ανακάμψεως προτείνουμε:","For the purpose of demographic recovery we propose:","504",NA
"Εφάπαξ απόδοση χρηματικής βοήθειας σε κάθε νέο Έλληνα που γεννιέται.","A one-time cash grant to every new Greek born.","504",NA
"Η Χρυσή Αυγή το 2013 συνέταξε Σχέδιο Νόμου για μείωση κατά 80% της κρατικής επιχορήγησης προς τα κόμματα.","Golden Dawn in 2013 drafted a Law for an 80% reduction in state subsidies to political parties.","204",NA
"Τα χρήματα που θα εξοικονομηθούν από την ενέργεια αυτή θα μοιραστούν στα νέα ελληνόπουλα.","The money saved from this action will be distributed to young Greek children.","504",NA
"Μόνο  για το  2013 το  κράτος θα  εξοικονομούσε  50 εκατομμύρια ευρώ.","For 2013 alone, the state would save €50 million.","414",NA
"Οικονομική ενίσχυση των μητέρων που επιλέγουν να μην εργάζονται, ώστε να φροντίσουν οι ίδιες τα παιδιά τους, και αύξηση της επιδότησης για κάθε νεογέννητο.","Financial support for mothers who choose not to work so that they can look after their children themselves, and an increase in the subsidy for each newborn.","504",NA
"Προτεραιότητα στις πολυμελείς οικογένειες για την αγορά ή ενοικίαση σπιτιού.","Priority to large families for buying or renting a house.","504",NA
"Προώθηση του προτύπου   της φυσικής οικογένειας.","Promoting the model of the natural family.","603",NA
"Ενθάρρυνση της εκπαίδευσης για τον σεβασμό και την προστασία της ζωής.","Encouraging education for the respect and protection of life.","603",NA
"Νομοθετική μεταρρύθμιση για την εξασφάλιση της μέγιστης ταχύτητας έγκρισης των διαδικασιών υιοθεσίας από ελληνικές οικογένειες για ελληνόπουλα.","Legislative reform to ensure the maximum speed of approval of adoption procedures by Greek families for Greek children.","603",NA
"Κοινή επιμέλεια των παιδιών σε περιπτώσεις διαζυγίου για την διατήρηση της ισόρροπης ψυχικής ανάπτυξης των τέκνων.","Joint custody of children in divorce cases to maintain balanced mental development of the children.","504",NA
"Εφαρμογή προγράμματος ενσωμάτωσης των ηλικιωμένων ατόμων σε δράσεις εθελοντισμού.","Implementation of a programme to involve older people in volunteering activities.","606.1",NA
"Οι ηλικιωμένοι καθίστανται ιδιαίτερα χρήσιμοι για το υπό ανασυγκρότηση Έθνος, με την έμπειρη κοινωνική δύναμή τους.","The elderly are becoming particularly useful to the nation under reconstruction, with their experienced social power.","504",NA
"Τα   ωφελήματα   των   πολυτέκνων   ξεκινούν   από   το   3ο   παιδί   και   θα αυξάνονται για κάθε επιπλέον παιδί.","The benefits for large families start from the 3rd child and will increase for each additional child.","504",NA
"ΕΘΝΙΚΗ ΑΜΥΝΑ  - ΕΝΟΠΛΕΣ  ΔΥΝΑΜΕΙΣ","NATIONAL DEFENCE - ARMED FORCES","H",NA
"Αποστολή των Ενόπλων Δυνάμεων κατά το Σύνταγμα είναι η υπεράσπιση της εθνικής ανεξαρτησίας και της εδαφικής ακεραιότητας της Ελλάδας, η εξασφάλιση του εθνικού της χώρου και η αποφασιστική τους συμβολή στην επίτευξη των στόχων της πολιτικής της χώρας.","According to the Constitution, the mission of the Armed Forces is to defend the national independence and territorial integrity of Greece, to secure its national territory and to make a decisive contribution to the achievement of the country's policy objectives.","104",NA
"Οι   Ένοπλες Δυνάμεις της Πατρίδας μας εδώ και τέσσερις δεκαετίες απετέλεσαν  πεδίο  πολιτικού  καιροσκοπισμού  και  διαλυτικού πειραματισμού.","For four decades, the Armed Forces of our country have been a field of political opportunism and divisive experimentation.","104",NA
"Μόνον ο εξαίρετος επαγγελματισμός, η επίμονη αυτοθυσία και  η  ανυπέρβλητη  φιλοτιμία  του  προσωπικού  των  Ενόπλων  Δυνάμεων, έχουν διατηρήσει την αποτρεπτική ικανότητα και το αξιόμαχό τους.","Only the outstanding professionalism, the tenacious self-sacrifice and the insurmountable ambition of the personnel of the Armed Forces have preserved their deterrent capacity and strength.","104",NA
"Mε πάγιο γνώμονα τo κυρίαρχο και ισχυρό κράτος η Ελλάς οφείλει άμεσα να προβεί στις εξής γενικές θεσμικές, λειτουργικές και δομικές μεταρρυθμίσεις:","With the sovereign and strong state as its main objective, Greece must immediately undertake the following general institutional, functional and structural reforms:","104",NA
"Υποχρεωτική στράτευση ανδρών και γυναικών (με εξαίρεση τις μητέρες) στα 18 έτη και επί 14 μήνες, ασφάλισή τους σε ασφαλιστικό φορέα και συμμετοχή τους σε έργα που θα αφορούν στην αποστολή τους και μόνο.","Compulsory conscription of men and women (with the exception of mothers) at the age of 18 years and for 14 months, their insurance in an insurance institution and their participation in projects related to their mission only.","104",NA
"Οι γυναίκες θα καλύπτουν μη μάχιμες θέσεις (εκτός αν ζητήσουν εθελοντική μετάταξη)  και  οι  άνδρες  θα  υπηρετούν  το  σύνολο  της  θητείας  τους  σε μάχιμες μονάδες.","Women will fill non-combat positions (unless they request a voluntary transfer) and men will serve their entire term in combat units.","104",NA
"Εθνικοποίηση των νευραλγικών ελληνικών αμυντικών βιομηχανιών.","Nationalisation of the key Greek defence industries.","104",NA
"Αναδιάρθρωση των Διοικήσεών τους και επαναπρόσληψη του έμπειρου προσωπικού τους.","Restructure their Boards and re-employ their experienced staff.","104",NA
"Απαραίτητη προϋπόθεση για την επικύρωση οποιαδήποτε συμφωνίας αγοράς οπλικών συστημάτων, η συμπαραγωγή.","Co-production is a prerequisite for the ratification of any agreement to purchase weapons systems.","104",NA
"Πλήρης απεξάρτηση των μονίμων στελεχών των Ενόπλων Δυνάμεων από τα κόμματα και κατάργηση του συνδικαλισμού.","Complete detachment of the permanent members of the Armed Forces from the parties and abolition of trade unionism.","104",NA
"Ο  Υπουργός  και  οι  Υφυπουργοί  Εθνικής  Άμυνας  να  προέρχονται υποχρεωτικά από το Στράτευμα.","The Minister and the Deputy Ministers of National Defence must come from the Armed Forces.","104",NA
"Κατάργηση  του  ΚΥΣΕΑ    και  δημιουργία  Συμβουλίου  Εθνικής  Ασφάλειας (ΣΕΑ), με πρόεδρο τον Πρόεδρο της Ελληνικής Δημοκρατίας και μέλη τον Πρόεδρο της Κυβέρνησης, τους Υπουργούς Άμυνας, Εσωτερικής Ασφάλειας, Εξωτερικών, Εσωτερικών, Οικονομικών, τον Πρόεδρο της Επιτροπής Εξωτερικών   και   Άμυνας   του   Ελληνικού   κοινοβουλίου,   τους   Αρχηγούς Ενόπλων  Δυνάμεων,  Στρατού,  Ναυτικού,  Αεροπορίας,  Αστυνομίας, Λιμενικού Σώματος – Ελληνικής Ακτοφυλακής, Πυροσβεστικού Σώματος και τον Διοικητή της ΕΥΠ.","Abolition of the KYSEA and creation of the National Security Council (NSC), chaired by the President of the Hellenic Republic and composed of the President of the Government, the Ministers of Defence, Internal Security, Foreign Affairs, Interior and Finance, the Chairman of the Foreign Affairs and Defence Committee of the Greek Parliament, the Heads of the Armed Forces, Army, Navy, Air Force, Police, Coast Guard - Greek Coast Guard, Fire Brigade and the Commander of the National Security Service.","104",NA
"Κύρια αποστολή του η διαμόρφωση της πολιτικής της Εθνικής Ασφάλειας στο εσωτερικό και στο εξωτερικό της Χώρας.","Its main mission is the formulation of the National Security policy at home and abroad.","109",NA
"Το ΣΕΑ θα είναι υπεύθυνο και για τις κρίσεις σε επίπεδο Αρχηγών.","The FAC will also be responsible for crises at the level of Chiefs.","104",NA
"Άμεση  εφαρμογή  του  «Ενιαίου  Αμυντικού  Χώρου»  (ΕΑΧ)  Ελλάδας  - Κύπρου, διεξαγωγή κοινών ασκήσεων, συναπόκτηση/συμπαραγωγή/συνεκμετάλλευση οπλικών συστημάτων.","Immediate implementation of the ""Common Defence Space"" (DCA) between Greece and Cyprus, conducting joint exercises, co-acquisition/co-production/co-exploitation of weapons systems.","101",NA
"Αλλαγή της δομής διοίκησης των Ενόπλων Δυνάμεων, μετονομασία των ΓΕΕΘΑ, ΓΕΣ, ΓΕΝ, ΓΕΑ σε: Αρχηγείο Ενόπλων Δυνάμεων, Αρχηγείο Στρατού, Αρχηγείο Ναυτικού, Αρχηγείο Αεροπορίας.","Change of the command structure of the Armed Forces, renaming of the General Staff, General Staff, General Staff, General Staff to: Armed Forces Headquarters, Army Headquarters, Navy Headquarters, Air Force Headquarters.","104",NA
"Αναδιοργάνωση των Επιτελείων, Σχηματισμών και Μονάδων με γνώμονα πρωτίστως το επιχειρησιακό περιβάλλον και τις πιθανές απειλές, υιοθέτηση ευελιξίας, αποτελεσματικότητας και εξοικονόμησης πόρων και μέσων.","Reorganisation of the Staffs, formations and units, primarily based on the operational environment and potential threats, adopting flexibility, efficiency and saving resources and means.","104",NA
"Λειτουργία πολυδύναμων και διακλαδικών στρατοπέδων στο εσωτερικό της επικράτειας.","Operation of multi-purpose and inter-branch camps within the territory.","104",NA
"Καθιέρωση συστήματος εισαγωγής στις Παραγωγικές σχολές των Ενόπλων Δυνάμεων, εκτός των Πανελλαδικών εξετάσεων, με ταυτόχρονη επαναφορά του γένους ως βασική προϋπόθεση για την εισαγωγή.","Establishment of a system of admission to the productive schools of the Armed Forces, apart from the Panhellenic examinations, with the simultaneous reintroduction of gender as a basic requirement for admission.","104",NA
"Επανεξέταση και αναδιοργάνωση των δομών και προγραμμάτων εκπαίδευσης, βασικών και προκεχωρημένων.","Review and reorganise education structures and programmes, both basic and advanced.","506",NA
"Εφαρμογή Μεταπτυχιακών Προγραμμάτων Σπουδών (ΜΠΣ)  σε  γνωστικά  αντικείμενα  της  Στρατιωτικής  Επιστήμης  στις Παραγωγικές  Σχολές  και  εξίσωση  των  πτυχίων  ΑΔΙΣΠΟ  με  μεταπτυχιακό τίτλο σπουδών.","Implementation of Postgraduate Programmes of Studies (MSP) in subjects of Military Science in the Production Schools and equation of ADISPO degrees with a postgraduate degree.","506",NA
"Επανασύσταση και λειτουργία στρατιωτικής διακλαδικής Μονάδας Τεχνικών Έργων και υποδομών, με σκοπό τεχνικά έργα, περιβαλλοντικές μελέτες, συντήρηση κτιρίων, υπηρεσιών και υποδομών των Ενόπλων Δυνάμεων.","Re-establishment and operation of a military interdisciplinary Technical Works and Infrastructure Unit, for the purpose of technical works, environmental studies, maintenance of buildings, services and infrastructure of the Armed Forces.","104",NA
"Η φύλαξη των συνόρων (χερσαίων και θαλάσσιων) θα είναι αποκλειστικά έργο και αποστολή των Ενόπλων Δυνάμεων.","The guarding of the borders (land and sea) will be the exclusive task and mission of the Armed Forces.","104",NA
"Καθιέρωση ενιαίου μισθολογίου προσωπικού Ενόπλων Δυνάμεων και Σωμάτων Ασφαλείας με κριτήρια το βαθμό, την  θέση ευθύνης, τις σπουδές, την οικογενειακή κατάσταση, την «γεωγραφία υπηρέτησης» και τον βαθμό ετοιμότητας.  Κανένας  μισθολογικός  βαθμός  του  ευρύτερου  δημόσιου τομέα δεν θα ξεπερνά τους αντίστοιχους των Ενόπλων Δυνάμεων και Σωμάτων Ασφαλείας αναλογικά με τα παραπάνω κριτήρια.","Establishment of a single pay scale for Armed Forces and Security Corps personnel based on rank, position of responsibility, education, marital status, ""geography of service"" and degree of readiness.  No pay grade in the public sector at large will exceed that of the Armed Forces and Security Forces in proportion to the above criteria.","104",NA
"Δημιουργία προγράμματος εξυπηρετικών δομών και λειτουργιών στις Ένοπλες Δυνάμεις με έμφαση σε τομείς Διοικητικής μέριμνας (στέγαση, σίτιση, στρατιωτικές υπεραγορές, τηλεφωνία, στρατιωτικό ενδοδιαδίκτυο, ραφεία), Προσωπικού (συνήγορος του στελέχους, γραφείο υποδοχής μετατιθέμενων, κέντρα εξυπηρέτησης στελεχών, σεμινάρια επιμόρφωσης) και Οικονομικών (προγράμματα ασφάλισης και χαμηλότοκων δανείων).","Creation of a programme of service structures and functions in the Armed Forces with emphasis on the areas of Administration (housing, food, military supermarkets, telephony, military intranet, cafeterias), Personnel (staff advocate, reception office for transferees, staff service centres, training seminars) and Finance (insurance and low-interest loan programmes).","104",NA
"Επικέντρωση του προσωπικού στην καθημερινή του αποστολή, απαλλαγμένου από προβλήματα της καθημερινότητας.","Focusing staff on their daily mission, free from the problems of everyday life.","104",NA
"Αγορά όπλων, μέσων, υπηρεσιών κτλ μόνο κατόπιν διαγωνισμών και επιλογής της πλέον συμφέρουσας προσφοράς σε συνάρτηση κόστους – αποτελέσματος. Ενίσχυση εγχώριων εταιριών παραγωγής πολεμικού και μη υλικού, ώστε σταδιακά η προμήθεια των Ενόπλων Δυνάμεων να γίνεται από εγχώριες εταιρείες με αποτέλεσμα την αύξηση των θέσεων εργασίας αλλά και την εν συνεχεία υποστήριξη των μέσων που αποκτώνται.","Purchase of arms, equipment, services, etc. only after tendering and selection of the most advantageous offer in terms of cost-effectiveness. Strengthening of domestic companies producing military and non-military equipment, so that gradually the supply of the Armed Forces is made by domestic companies, resulting in an increase in jobs and the subsequent support of the means acquired.","104",NA
"Οποιαδήποτε αγορά από το εξωτερικό να συνοδεύεται από αντισταθμιστικά οφέλη, απόκτηση τεχνογνωσίας, δυνατότητα συμπαραγωγής και σαφές νομικό καθεστώς σε περίπτωση ανακόλουθης προμήθειας.","Any purchase from abroad should be accompanied by compensatory benefits, acquisition of know-how, the possibility of co-production and a clear legal regime in case of inconsistent supply.","411",NA
"Ενοποίηση των Μετοχικών Ταμείων Ενόπλων Δυνάμεων και Σωμάτων Ασφαλείας κατόπιν αναλογιστικής μελέτης και μελέτης βιωσιμότητας.","Consolidation of the Armed Forces and Security Corps Share Funds following an actuarial and sustainability study.","104",NA
"Αύξηση  των  εισφορών  υπέρ  του  νέου  ταμείου  από  εξοπλιστικά προγράμματα, με ταυτόχρονη μείωση των εισφορών του προσωπικού.","Increase in contributions to the new fund from armament projects, while reducing staff contributions.","104",NA
"Επαναξιολόγηση  της  κινητής  και  ακίνητης  περιουσίας  των  Ενόπλων Δυνάμεων και αξιοποίησή της υπέρ του νέου ταμείου.","Reassessment of the movable and immovable property of the Armed Forces and its use for the benefit of the new fund.","104",NA
"Ενίσχυση των δεσμών ε.ε. και ε.α. στελεχών με τη θεσμοθέτηση προγράμματος «Εβδομάδας Αποστράτων και Εφέδρων», σε συνεργασία με τις κατά τόπους Θεσμικές Ενώσεις Αποστράτων και Λέσχες Εφέδρων.","Strengthening links between the e.u. strengthening of the ties between retired and ex-servicemen through the establishment of a ""Retired and Reserve Week"" programme, in cooperation with the local Institutional Retired and Reserve Associations.","104",NA
"Ίδρυση Σώματος Επιθεωρητών - Ορκωτών Λογιστών κοινό και για τους τρεις Κλάδους  με  αποστολή  την  έρευνα  προς  διαπίστωση  οικονομικών εγκλημάτων  κυρίως  σε  εξοπλιστικά  προγράμματα  αλλά  και  σε  πάσης φύσεως δαπάνες.","Establishment of a Corps of Inspectors - Chartered Accountants common to all three Sectors with the mission to investigate financial crimes mainly in armament programmes and all kinds of expenditure.","104",NA
"ΔΗΜΟΣΙΑ ΤΑΞΗ","PUBLIC CLASS","H",NA
"Επανίδρυση της Χωροφυλακής και δημιουργία νέας Ειδικής Μονάδος της Ελληνικής Αστυνομίας με βαρύ επιθετικό οπλισμό για την αντιμετώπιση των νέων φαινομένων εγκληματικότητας.","Re-establishment of the Gendarmerie and creation of a new Special Unit of the Hellenic Police with heavy offensive weaponry to deal with new crime phenomena.","605.1",NA
"Απόσυρση αστυνομικών υπαλλήλων από υπηρεσίες γραφείου και κάλυψη των θέσεων αυτών με μετατάξεις των πλεοναζόντων από τον ευρύτερο δημόσιο τομέα.","Withdrawing police officers from clerical services and filling these posts by transferring surplus officers from the wider public sector.","605.1",NA
"Όλοι οι αστυνομικοί μάχιμοι.","All officers in combat.","605.1",NA
"Κατάργηση της άνευ λόγου φύλαξης προσώπων.","Abolition of the unnecessary detention of persons.","202.1",NA
"Επανίδρυση του Υπουργείου Δημοσιάς Τάξεως με Υπουργό που θα προέρχεται υποχρεωτικά από τις τάξεις των μάχιμων Αξιωματικών.","Re-establishment of the Ministry of Public Order with a Minister who will necessarily come from the ranks of combat officers.","605.1",NA
"Θέσπιση ιδιωνύμου αδικήματος για αδικήματα που διαλύουν την κοινωνική συνοχή και καταστρέφουν τον εθνικό κορμό, και αυστηρότερων ποινών για επίορκους δημοσίους λειτουργούς και πολιτικά πρόσωπα.","Establishment of a specific offence for offences that dismantle social cohesion and destroy the national fabric, and stricter penalties for sworn public officials and politicians.","605.1",NA
"Συμμετοχή του Υπουργού και των Αρχηγών Αστυνομίας και Πυροσβεστικού Σώματος στο Συμβούλιο Εθνικής Ασφαλείας (ΣΕΑ).","Participation of the Minister and the Chiefs of Police and Fire Brigades in the National Security Council (NSC).","605.1",NA
"Διασύνδεση του προσωπικού ΕΛ.ΑΣ., Χωροφυλακής και ΠΣ με τις δομές Διοικητικής Μέριμνας των Ενόπλων Δυνάμεων.","Interconnection of the personnel of the Hellenic Armed Forces, the Gendarmerie and the Police with the Administrative Care structures of the Armed Forces.","605.1",NA
"Ενεργοποίηση  του  νόμου  4029/2011  «Περί  επικουρικής  ακτοφυλακής».","Activation of Law 4029/2011 ""On auxiliary coast guard"".","605.1",NA
"Νέος επιχειρησιακός σχεδιασμός για την προάσπιση της ΑΟΖ.","New operational planning for the defence of the EEZ.","109",NA
"Αναβάθμιση επισκευαστικών βάσεων και εγκαταστάσεων.","Upgrading repair bases and facilities.","605.1",NA
"Προμήθεια ατομικού επιχειρησιακού εξοπλισμού.","Supply of personal business equipment.","605.1",NA
"ΔΙΚΑΙΟΣΥΝΗ-ΕΘΝΙΚΗ ΠΑΙΔΕΙΑ  - ΟΡΘΟΔΟΞΙΑ","JUSTICE-NATIONAL EDUCATION - ORTHODOXY","H",NA
"ΔΙΚΑΙΟΣΥΝΗ: Έκδοση νέου Ποινικού Κώδικος που θα περιέχει κωδικοποιημένες όλες τις επελθούσες τροποποιήσεις.","JUSTICE: Adoption of a new Criminal Code containing all the subsequent amendments in a codified form.","204",NA
"Απλούστευση των διαδικασιών, μείωση του αριθμού των ακροάσεων και ενθάρρυνση της προσφυγής στην διαιτησία, παρουσία συνηγόρων.","Simplifying procedures, reducing the number of hearings and encouraging recourse to arbitration in the presence of counsel.","204",NA
"Κατάργηση του στρεβλώς νοουμένου και κακώς χρησιμοποιουμένου «πανεπιστημιακού ασύλου», και απαγόρευση των κομματικών παρατάξεων.","Abolition of the perversely conceived and misused ""university asylum"", and a ban on party factions.","204",NA
"ΕΘΝΙΚΗ ΠΑΙΔΕΙΑ: Έμφαση στο μάθημα της Ελληνικής Ιστορίας.","NATIONAL EDUCATION: Emphasis on Greek History.","601.1",NA
"Διδασκαλία της αρχαίας ελληνικής γλώσσας και γραμματείας, σε όλες τις εκπαιδευτικές βαθμίδες.","Teaching of ancient Greek language and literature at all educational levels.","601.1",NA
"Υποχρεωτική αθλητική παιδεία για την ελληνική νεολαία, με επιλογή ατομικού ή ομαδικού αθλήματος από τις πρώτες σχολικές τάξεις.","Compulsory sports education for Greek youth, with the choice of individual or team sports from the first grades.","506",NA
"Άμεση πρόσβαση σε αξιοπρεπή αθλητικά στάδια για όλους τους Έλληνες.","Direct access to decent sports stadiums for all Greeks.","502",NA
"Επιδότηση δημοτικών αθλητικών οργανισμών με στόχο την καλλιέργεια αγωνιστικού πνεύματος.","Subsidies to municipal sports organisations with the aim of fostering a competitive spirit.","502",NA
"Έμπρακτη στήριξη του πρωταθλητισμού, που σήμερα δυστυχώς έχει αλωθεί από μισθοφόρους «ελληνοποιημένους» αλλοδαπούς.","Practical support of the championship, which today has unfortunately been captured by mercenary ""Greekized"" foreigners.","502",NA
"ΟΡΘΟΔΟΞΙΑ:   Η   Χρυσή   Αυγή   αντιτίθεται   στον   διαχωρισμό   Εκκλησίας- Κράτους.","ORTHODOXY: Golden Dawn opposes the separation of Church and State.","603",NA
"Επιδιώκει την αποκατάσταση του κύρους της Εκκλησίας και την κάθαρση του κλήρου από κάθε παρακμιακό και διεθνιστικό στοιχείο.","It seeks to restore the authority of the Church and the purification of the clergy from all decadent and internationalist elements.","603",NA
"Ανεξιθρησκεία μόνον για τα δόγματα που δεν θίγουν την Ελληνική Παράδοση και Ιστορία και δεν φθείρουν την δύναμη του Έθνους.","Non-religion only for those doctrines that do not violate the Greek Tradition and History and do not damage the strength of the Nation.","601.1",NA
"Η Ορθοδοξία αναγεννημένη και Ελληνική, ξανά πρωτοπόρος στους αγώνες του Έθνους.","Orthodoxy, reborn and Greek, once again a pioneer in the struggles of the Nation.","601.1",NA
"Η Χρυσή Αυγή αναγνωρίζει στο ελληνορθόδοξο χριστιανικό δόγμα ένα σημείο αναφοράς εγγενώς ασυμβίβαστο με οποιοδήποτε είδος οργανώσεων ή μυστικών εταιρειών που ασκούν επιρροή στην πολιτική, στην εθνική και διεθνή οικονομία ή την άσκηση αποκρυφιστικών και αντιχριστιανικών πρακτικών.","Golden Dawn recognizes in the Greek Orthodox Christian doctrine a point of reference inherently incompatible with any kind of organizations or secret societies that exert influence on politics, the national and international economy or the practice of occult and anti-Christian practices.","603",NA
"ΓΙΑ ΤΗΝ ΧΡΥΣΗ ΑΥΓΗ ΤΟΥ ΕΛΛΗΝΙΣΜΟΥ","FOR THE GOLDEN DAWN OF HELLENISM","H",NA
"Μόνη   περίπτωση   να   επιβιώσει   η   Ελλάς   ως   εθνικό   κράτος   είναι   να επικρατήσει η Χρυσή Αυγή.","The only way for Greece to survive as a nation state is for Golden Dawn to prevail.","601.1",NA
"Οι φιλελεύθεροι επιδιώκουν τη διάλυση του εθνικού κράτους μέσω της οικονομικής υποδούλωσης και οι αριστεριστές μέσω της απώλειας της εθνικής μας ταυτότητας.","Liberals seek the dissolution of the nation state through economic enslavement and leftists through the loss of our national identity.","601.1",NA
"Η Χρυσή Αυγή είναι ένα καθαρά ελληνικό πολιτικό φαινόμενο.","Golden Dawn is a purely Greek political phenomenon.","601.1",NA
"Καμία σχέση δεν έχει με άλλα κράτη και ιστορικές περιόδους.","It has nothing to do with other states and historical periods.","601.1",NA
"Είναι το ελληνικό Λαϊκό Εθνικιστικό Κίνημα, από την επιτυχία του οποίου θα εξαρτηθεί και η επιβίωσή μας ως ανεξαρτήτου εθνικού κράτους.","It is the Greek People's Nationalist Movement, on the success of which our survival as an independent nation-state will depend.","601.1",NA
"Ο πολυμέτωπος Αγώνας μας ακόμα βρίσκεται στην αρχή του και έχει μπροστά του δρόμο σκληρό και ανηφορικό, όπως ο ηράκλειος δρόμος της Αρετής.","Our long struggle is still at its beginning and has ahead of it a hard and uphill road, like the Herculean road of Virtue.","601.1",NA
"‘Όμως στο τέλος του δρόμου αυτού, στο βάθος του δικού μας ορίζοντα, ανατέλλει μία μεγάλη και ισχυρή Ελλάδα, μία νέα Χρυσή Αυγή του Ελληνισμού.","But at the end of this road, in the distance of our horizon, a great and powerful Greece is rising, a new Golden Dawn of Hellenism.","601.1",NA
"Μόνο με ισχυρό λαϊκό εθνικιστικό κίνημα μπορεί να σταματήσει το ξεπούλημα της Ελλάδος.","Only a strong popular nationalist movement can stop the selling out of Greece.","601.1",NA
"Μόνο αν συνεγερθούν οι δυνάμεις της ΕΘΝΙΚΗΣ ΑΝΤΙΣΤΑΣΗΣ κάτω από το λάβαρο του ΕΘΝΙΚΙΣΜΟΥ, τότε και ΜΟΝΟ τότε θα υπάρχει Ελλάδα στο Μέλλον.","Only if the forces of NATIONAL RESISTANCE come together under the banner of NATIONALISM, then and ONLY then will there be Greece in the Future.","601.1",NA
"ΟΣΟΙ ΖΩΝΤΑΝΟΙ ΑΣ ΣΤΑΘΟΥΝ ΔΙΠΛΑ ΜΑΣ ΣΤΟΝ ΑΓΩΝΑ!","LET THOSE WHO ARE ALIVE STAND WITH US IN THE STRUGGLE!","601.1",NA
"Τώρα όσο ποτέ άλλοτε απαιτείται η ταχεία διαδικασία της Ελληνικής σύνθεσης, όπου ιστορικό παρελθόν - πολιτιστική παραγωγή - έμψυχο υλικό κι Ευρωπαϊκή διάσταση του Ελληνισμού θα συναρθρωθούν και θ’ αποτελέσουν ένα αυθεντικό δημιουργικό σύνολο αξιών.","Now more than ever before, the rapid process of Hellenic synthesis is required, where the historical past - cultural production - human material and the European dimension of Hellenism will be articulated and form an authentic creative set of values.","601.1",NA
"ΤΟ ΔΙΛΗΜΜΑ ΕΙΝΑΙ ΞΕΚΑΘΑΡΟ : ΕΘΝΙΚΙΣΜΟΣ Η’ ΥΠΟΔΟΥΛΩΣΗ !","THE DILEMMA IS CLEAR: NATIONALISM OR ENSLAVEMENT!","601.1",NA
"Ενάντια στην φυγοπονία, την θρασυδειλία και την ηδονοθηρία που αδυνατίζουν τον χαρακτήρα, χαλαρώνουν την θέληση, στραγγαλίζουν και μονοπωλούν την ψυχική ζωή του Λαού.","It is against the flight of fugitives, the thuggishness and the lust for pleasure which weaken the character, loosen the will, strangle and monopolize the mental life of the People.","601.1",NA
"Ενάντια στους διεθνιστές αντιπατριώτες.","Against the internationalist anti-patriots.","601.1",NA
"Για την αναγέννηση του Ελληνικού κοινοτικού θαύματος.","For the rebirth of the Greek community miracle.","601.1",NA
"ΓΙΑ ΤΗΝ ΕΘΝΙΚΗ ΑΝΑΓΕΝΝΗΣΗ ΚΑΙ ΤΗΝ ΚΟΙΝΩΝΙΚΗ ΑΝΑΣΥΓΚΡΟΤΗΣΗ!","FOR NATIONAL REGENERATION AND SOCIAL RECONSTRUCTION!","601.1",NA
