"text","text_en","cmp_code","eu_code"
"ΠΡΟΓΡΑΜΜΑΤΙΚΕΣ ΘΕΣΕΙΣ","PROGRAMME ITEMS",NA,NA
"Πρώτα η Ελλάδα Πρώτα οι Έλληνες. Μάρτιος 2021","Greece first, Greeks first. March 2021",NA,NA
"Α ΚΕΦΑΛΑΙΟσελ.","A CHAPTERC.",NA,NA
"4-10 Παραγωγική Ελλάδα","4-10 Productive Greece",NA,NA
"Β ΚΕΦΑΛΑΙΟσελ.","B CHAPTERsee.",NA,NA
"11-15 Κοινωνική Ελλάδα","11-15 Social Greece",NA,NA
"Γ ΚΕΦΑΛΑΙΟ σελ.","C CHAPTER p.",NA,NA
"16-18 Πράσινη και Ψηφιακή Ελλάδα","16-18 Green and Digital Greece",NA,NA
"Δ ΚΕΦΑΛΑΙΟσελ.","D CHAPTERp.",NA,NA
"19-22 Δίκαιη Ελλάδα","19-22 Fair Greece",NA,NA
"Ε ΚΕΦΑΛΑΙΟσελ.","E CHAPTERp.",NA,NA
"23-27 Ισχυρή Ελλάδα","23-27 Strong Greece",NA,NA
"ΠΡΟΧΩΡΑΜΕ ΣΤΑΘΕΡΑ, ΤΟΛΜΗΡΑ, ΠΑΝΤΑ ΜΠΡΟΣΤΑ.","MOVING FORWARD STEADILY, BOLDLY, ALWAYS AHEAD.",NA,NA
"Συμπολίτες μου,","My fellow citizens,",NA,NA
"Στις σελίδες που ακολουθούν, συνοψίζεται το όραμά μας για την Ελλάδα του αύριο:","The following pages summarize our vision for the Greece of tomorrow:",NA,NA
"Το Πρόγραμμα Διακυβέρνησης 2023-2027 για μία Ελλάδα Παραγωγική.","The 2023-2027 Governance Programme for a Productive Greece.",NA,NA
"Κοινωνική.","Social.",NA,NA
"Δίκαιη.","Fair.",NA,NA
"Σύγχρονη.","Modern.",NA,NA
"Και, κυρίως, Ισχυρή.","And, above all, Strong.",NA,NA
"Με 4 κεντρικές προτεραιότητες:","With 4 central priorities:",NA,NA
"Πρώτον, καλύτερες αμοιβές για όλους!","First, better pay for all!",NA,NA
"Με ένα νέο Μισθολόγιο στο Δημόσιο και με αυξήσεις στηριγμένες στην εθνική ανάπτυξη, ώστε, σταδιακά, να καλύψουμε την απόσταση που μας χωρίζει ακόμη από τον μέσο όρο των μισθών στην Ευρώπη.","With a new Public Sector Wage Scale and with increases based on national growth, in order to gradually close the gap that still separates us from the average wage in Europe.",NA,NA
"Δεύτερον, ένα αποτελεσματικό Κράτος!","Secondly, an efficient State!",NA,NA
"Μετατρέποντας σε άλματα τα μέχρι τώρα ψηφιακά μας βήματα.","Turning our digital steps so far into leaps and bounds.",NA,NA
"Οπλίζοντας τη Διοίκηση με άξια στελέχη.","By arming the Administration with worthy executives.",NA,NA
"Και με διαδικασίες που θα αξιολογούν, αλλά και θα επιβραβεύουν τις επιδόσεις τους.","And with procedures that will assess and reward their performance.",NA,NA
"Τρίτον, αξιοπρεπή δημόσια Υγεία και περισσότερα δικαιώματα στη Νέα Γενιά!","Thirdly, decent public health care and more rights for the younger generation!",NA,NA
"Με δωρεάν προληπτικές εξετάσεις για όλους, σύγχρονα νοσοκομεία και Τμήματα Επειγόντων.","With free preventive examinations for all, modern hospitals and emergency departments.",NA,NA
"Και, παράλληλα με προγράμματα προσιτής Στέγης στους νέους.","And, alongside affordable housing programs for young people.",NA,NA
"Και τέταρτον, μία πατρίδα ασφαλή, με το βλέμμα στο μέλλον.","And fourth, a safe and secure homeland, with an eye on the future.",NA,NA
"Ώστε, ενώ τα εθνικά σύνορα θα στέκουν απόρθητα, η Ελλάδα να δυναμώνει τη φωνή της έξω από αυτά.","So that, while the national borders stand impregnable, Greece can strengthen its voice outside them.",NA,NA
"Σε μία καθημερινότητα που θα γίνεται όλο και πιο εύκολη και πιο «πράσινη».","In an everyday life that will become easier and easier and greener.",NA,NA
"Τον Ιούλιο του 2019 διεκδικήσαμε μία χώρα με λιγότερους φόρους, νέες δουλειές, και καλύτερο εισόδημα.","In July 2019, we demanded a country with lower taxes, new jobs, and better income.",NA,NA
"Και την έχουμε!","And we have it!",NA,NA
"Συμφωνήσαμε, επίσης, να αντιμετωπίσουμε το Μεταναστευτικό και να ενισχύσουμε την Εθνική μας Άμυνα.","We also agreed to address immigration and strengthen our National Defense.",NA,NA
"Και το πετύχαμε!","And we did it!",NA,NA
"Στην κάλπη της 21ης Μαΐου, επιλέγουμε Πρωθυπουργό και Κυβέρνηση που θα μας κρατήσουν στον δρόμο της σιγουριάς και της προόδου, μακριά από τα φαντάσματα του χθες.","At the ballot box on May 21, we choose a Prime Minister and Government that will keep us on the path of certainty and progress, away from the ghosts of yesterday.",NA,NA
"Ψηφίζουμε κι αποφασίζουμε.","We vote and we decide.",NA,NA
"Δεν γυρίζουμε πίσω.","We do not turn back.",NA,NA
"Προχωράμε Σταθερά, Τολμηρά, Μπροστά!","We move Steadily, Boldly, Forward!",NA,NA
"Κυριάκος Μητσοτάκης","Kyriakos Mitsotakis",NA,NA
"A ΚΕΦΑΛΑΙΟ Παραγωγική Ελλάδα A1.","A CHAPTER Productive Greece A1.","H",NA
"ΕΝΙΣΧΥΣΗ ΕΙΣΟΔΗΜΑΤΟΣ","INCOME SUPPORT","H",NA
"Αύξηση του μέσου μισθού πάνω από 25% μέσα στην τετραετία 2023-2027 (στα 1.500 ευρώ από 1.170 ευρώ)","Increase the average wage by more than 25% within the four-year period 2023-2027 (to 1,500 euros from 1,170 euros)","701",NA
"και αύξηση κατώτατου μισθού στα 950 ευρώ εντός της τετραετίας.","and raise the minimum wage to 950 euros within the four-year period.","412",NA
"O κατώτατος μισθός θα αναπροσαρμόζεται βάσει του μέσου όρου του μισθού πλήρους απασχόλησης στον ιδιωτικό τομέα.","The minimum wage will be adjusted on the basis of the average full-time wage in the private sector.","412",NA
"Σταδιακή μείωση κατά μία επιπλέον μονάδα των ασφαλιστικών εισφορών και του μη μισθολογικού κόστους.","A gradual reduction by one additional point in social security contributions and non-wage costs.","701",NA
"Λιγότερες εισφορές, μεγαλύτερος μισθός για όλους.","Fewer contributions, higher wages for all.","402",NA
"Νέα αύξηση 3,4% στις συντάξεις από 1/1/2024.","New 3.4% increase in pensions from 1/1/2024.","504",NA
"Οι επικουρικές συντάξεις και τα εφάπαξ απονέμονται εντός δύο μηνών.","Supplementary pensions and lump sums awarded within two months.","504",NA
"Αύξηση μισθών των δημοσίων υπαλλήλων και αναμόρφωση του μισθολογίου τους από 1/1/2024.","Increase in civil servants' salaries and reform of their payroll from 1/1/2024.","701",NA
"Σταδιακή μείωση 20% του τέλους επιτηδεύματος το 2025, 30% το 2026 και κατάργηση έως το τέλος της τετραετίας το 2027.","Gradual reduction of 20% of the business tax in 2025, 30% in 2026 and abolition by the end of the four-year period in 2027.","402",NA
"Αυξάνεται από 1/1/2024 το αφορολόγητο κατά 1.000 ευρώ για οικογένειες που έχουν παιδιά.","Increase from 1/1/2024 the tax-free allowance by 1,000 euros for families with children.","504",NA
"Μονιμοποιείται η πλήρης απαλλαγή πρώην δικαιούχων Επιδόματος Κοινωνικής Αλληλεγγύης Συνταξιούχων (Ε.Κ.Α.Σ.), από τη συμμετοχή τους στη φαρμακευτική δαπάνη.","The full exemption of former beneficiaries of the Social Solidarity Benefit for Pensioners (SSSP) from participation in pharmaceutical expenses is made permanent.","504",NA
"A2. ΑΝΑΠΤΥΞΗ ΜΕ ΔΗΜΟΣΙΟΝΟΜΙΚΗ ΥΠΕΥΘΥΝΟΤΗΤΑ Α2","A2. DEVELOPMENT WITH FISCAL RESPONSIBILITY A2","H",NA
"Η χώρα εντάσσεται μετά από 13 χρόνια στην επενδυτική βαθμίδα, η οποία είναι αναγκαία για τη σημαντική αύξηση των επενδύσεων και την ισχυροποίηση της εθνικής μας οικονομίας.","After 13 years, the country is entering the investment grade, which is necessary to significantly increase investment and strengthen our national economy.","410",NA
"Η χώρα επιτυγχάνει μέσο ρυθμό ανάπτυξης 3%","The country achieves an average growth rate of 3%","410",NA
"και το δημόσιο χρέος μειώνεται στο 140% του ΑΕΠ το 2027 και στο 120% του ΑΕΠ το 2030.","and public debt is reduced to 140% of GDP in 2027 and 120% of GDP in 2030.","414",NA
"Επαναφορά και διατήρηση του πληθωρισμού στο 2%.","Restoring and maintaining inflation at 2%.","414",NA
"Συστήνεται ειδική υπηρεσία για την αξιοποίηση της ακίνητης περιουσίας του δημοσίου, ώστε να εξορθολογιστούν οι κτιριακές ανάγκες των υπηρεσιών του δημοσίου και να μειωθούν οι δαπάνες για ενοίκια κτιρίων.","A special agency is established to develop public real estate to rationalize the building needs of public services and reduce the cost of renting buildings.","413",NA
"A3. ΔΙΚΑΙΗ ΦΟΡΟΛΟΓΙΑ","A3. FAIR TAXATION","H",NA
"Καταπολέμηση φοροδιαφυγής με διενέργεια αυτόματων ψηφιακών ελέγχων, εντατικοποίηση των φορολογικών ελέγχων και διπλασιασμό των ηλεκτρονικών συναλλαγών με την καθολική χρήση POS για διενέργεια πληρωμών.","Combat tax evasion by carrying out automatic digital audits, intensifying tax audits and doubling electronic transactions through the universal use of POS for payments.","605.1",NA
"Αναπροσαρμογή και εξορθολογισμός συστήματος τεκμηρίων (μείωση τεκμηρίων διαβίωσης κατά περίπου 30% μεσοσταθμικά) από 1/1/2025, κατόπιν της υποχρεωτικής εφαρμογής του myData και της ενίσχυσης των ηλεκτρονικών συναλλαγών.","Adjustment and rationalisation of the presumption system (reduction of living presumptions by about 30% on average) from 1/1/2025, following the mandatory implementation of myData and the strengthening of electronic transactions.","411",NA
"Πληρωμή προνοιακών επιδομάτων μέσω χρεωστικών καρτών.","Payment of welfare benefits via debit cards.","504",NA
"Επέκταση του μειωμένου ΦΠΑ στις μεταφορές επιβατών, τον καφέ και τα μη αλκοολούχα ποτά, τον κινηματογράφο, τα γυμναστήρια, τις σχολές χορού και το τουριστικό πακέτο έως το τέλος του 2023.","Extension of reduced VAT on passenger transport, coffee and non-alcoholic beverages, cinema, gyms, dance schools and tourist package by the end of 2023.","402",NA
"Νέα διαδικασία για την άμεση επιστροφή ΦΠΑ με τη δημιουργία νέου πληροφοριακού συστήματος, ώστε να ενισχυθεί η ρευστότητα στην αγορά.","A new procedure for the immediate VAT refund with the creation of a new information system to enhance market liquidity.","402",NA
"A4. ΕΠΕΝΔΥΣΕΙΣ, ΠΕΡΙΦΕΡΕΙΑΚΗ ΑΝΑΠΤΥΞΗ, ΚΑΙΝΟΤΟΜΙΑ, ΜΕΤΑΠΟΙΗΣΗ ΚΑΙ ΕΞΩΣΤΡΕΦΕΙΑ","A4. INVESTMENT, REGIONAL DEVELOPMENT, INNOVATION, TRANSFORMATION AND OUTWARD-LOOKING","H",NA
"Αύξηση επενδύσεων κατά 70% έως το 2027.","Increase investment by 70% by 2027.","410",NA
"Διπλασιασμός δημόσιων επενδύσεων έως το 2030.","Doubling public investment by 2030.","410",NA
"Υψηλοί ρυθμοί απορρόφησης πόρων ΤΑΑ και ΕΣΠΑ.","High absorption rates of EAFRD and NSRF funds.","410",NA
"Αύξηση εξαγωγών στο 60% του ΑΕΠ έως το 2027 και 70% έως το 2030, με έμφαση στις εξαγωγές προϊόντων και υπηρεσιών υψηλής τεχνολογίας.","Increase exports to 60% of GDP by 2027 and 70% by 2030, with a focus on exports of high-tech goods and services.","410",NA
"Στήριξη των επενδύσεων στην έρευνα και την καινοτομία.","Support investment in research and innovation.","411",NA
"Υλοποίηση προγράμματος «Αντώνης Τρίτσης» άνω των 2 δις ευρώ, με έργα υποδομής σε κάθε περιφέρεια και δήμο της χώρας.","Implement the Antonis Tritsis programme of more than €2 billion, with infrastructure projects in every region and municipality of the country.","411",NA
"Δίκαιη Αναπτυξιακή Μετάβαση (ΔΑΜ) και αύξηση πόρων για περιφερειακά ΕΣΠΑ.","Fair Development Transition (RDT) and increased resources for regional NSRFs.","411",NA
"Ολοκληρωμένα αναπτυξιακά σχέδια για κάθε περιφέρεια της χώρας με στόχο τη μείωση των ενδοπεριφερειακών και διαπεριφερειακών ανισοτήτων και την άρση της απομόνωσης νησιωτικών και ορεινών περιοχών, με σημαντικά κίνητρα και ενισχύσεις.","Integrated development plans for each region of the country, aiming at reducing intra- and inter-regional disparities and removing the isolation of island and mountainous regions, with significant incentives and support.","411",NA
"Ολοκλήρωση Εθνικού και Αρχαιολογικού Κτηματολογίου.","Complete the National and Archaeological Cadastre.","304",NA
"Διασφαλίζεται η ιδιωτική και δημόσια περιουσία, απλοποιούνται οι μεταβιβάσεις ακινήτων και η έκδοση όλων των αδειών για επενδυτικά σχέδια ανεξαρτήτως κλίμακας.","Safeguard private and public property, simplify property transfers and simplify the issuance of all permits for investment projects of all scales.","401",NA
"Μείωση του φόρου συγκέντρωσης κεφαλαίων από 0,5% σε 0,2%.","Reduction of the capital gains tax from 0.5% to 0.2%.","402",NA
"Μείωση 50% του φόρου χρηματιστηριακών συναλλαγών.","Reduction of 50% of the stock exchange transaction tax.","402",NA
"Δημιουργία 2 μεγάλων κέντρων:","Creation of 2 large centres: the","411",NA
"Πολιτεία Καινοτομίας – ΧΡΩΠΕΙ στην Αθήνα και Τεχνολογικό Πάρκο «ThessINTEC» στη Θεσσαλονίκη.","State of Innovation - CHROPEI in Athens and the ""ThessINTEC"" Technology Park in Thessaloniki.","411",NA
"Επιπλέον 2,5 δις ευρώ κρατικές ενισχύσεις για τη στρατηγική αυτονομία, την οργανωμένη χωροθέτηση εντός επιχειρηματικών πάρκων και την «έξυπνη μεταποίηση» της ελληνικής βιομηχανίας.","An additional 2.5 billion euros of state aid for strategic autonomy, organised siting within business parks and ""smart manufacturing"" of Greek industry.","411",NA
"Αξιοποίηση νέων εργαλείων για τη μείωση του ενεργειακού κόστους των επιχειρήσεων.","Use of new tools to reduce energy costs for businesses.","416.2",NA
"Αύξηση μεριδίου μεταποίησης στο 15% του ΑΕΠ με την εφαρμογή της εθνικής μας στρατηγικής για τη βιομηχανία και την εξωστρέφεια των ελληνικών επιχειρήσεων.","Increase the share of manufacturing to 15% of GDP by implementing our national strategy for industry and the extroversion of Greek enterprises.","410",NA
"A5. ΠΡΟΣΒΑΣΗ ΣΕ ΧΡΗΜΑΤΟΔΟΤΗΣΗ","A5. ACCESS TO FINANCE","H",NA
"150.000 επιχειρήσεις ενισχύονται για τον ψηφιακό και πράσινο μετασχηματισμό τους.","150,000 enterprises are supported for their digital and green transformation.","402",NA
"Πρόσβαση σε 17 δις ευρώ φθηνού δανεισμού με χαμηλά επιτόκια για επενδύσεις πράσινου και ψηφιακού μετασχηματισμού μέσω του Ταμείου Ανάκαμψης «Ελλάδα 2.0».","Access to €17 billion of cheap low-interest loans for green and digital transformation investments through the Greece 2.0 Recovery Fund.","416.2",NA
"Μείωση του ιδιωτικού χρέους και στήριξη ευάλωτων δανειοληπτών με προστασία της πρώτης κατοικίας.","Reducing private debt and supporting vulnerable borrowers by protecting their first home.","402",NA
"Δυνατότητα επαναγοράς της πρώτης κατοικίας μετά από 12 χρόνια.","Possibility to buy back the first home after 12 years.","401",NA
"A6. ΕΡΓΑΣΙΑ, ΑΣΦΑΛΙΣΗ ΚΑΙ ΔΕΞΙΟΤΗΤΕΣ","A6. LABOUR, INSURANCE AND SKILLS","H",NA
"Η ανεργία μειώνεται κάτω από 10% το 2025 και κάτω από 8% το 2027, με τη δημιουργία νέων και καλά αμειβόμενων θέσεων εργασίας.","Unemployment is reduced to below 10% in 2025 and below 8% in 2027 by creating new and well-paid jobs.","701",NA
"Εφαρμογή ψηφιακής κάρτας εργασίας σε όλες τις επιχειρήσεις ανεξαρτήτως κλάδου ή μεγέθους.","Implement a digital job card in all enterprises regardless of sector or size.","701",NA
"Διενέργεια αυστηρών ελέγχων από την επιθεώρηση εργασίας για την απαρέγκλιτη τήρηση της εργατικής νομοθεσίας.","Conduct rigorous inspections by the labour inspectorate to ensure strict compliance with labour laws.","701",NA
"Ανάρτηση εβδομαδιαίας αναφοράς με τους ελέγχους που γίνονται σε πανελλαδικό επίπεδο.","Posting of a weekly report with the checks carried out at the national level.","701",NA
"Μόνιμο πρόγραμμα 10.000 νέων θέσεων εργασίας κάθε έτος για νέους έως 29 ετών με ελάχιστη ή περιορισμένη εργασιακή εμπειρία, με κάλυψη 50% του κόστους των ασφαλιστικών εισφορών για 6 μήνες για κάθε νέα πρόσληψη.","A permanent programme of 10,000 new jobs each year for young people up to 29 years of age with little or limited work experience, with 50% of the cost of insurance contributions covered for 6 months for each new hire.","701",NA
"Yψηλής ποιότητας κατάρτιση 700.000 ανέργων και εργαζομένων σε δεξιότητες με υψηλή ζήτηση.","High-quality training for 700,000 unemployed and employed people in high-demand skills.","411",NA
"Ψηφιακή Πύλη Προγραμμάτων Κατάρτισης & νέα ψηφιακή πλατφόρμα με σύγχρονες, εξατομικευμένες υπηρεσίες σε ανέργους, όπως η χαρτογράφηση δεξιοτήτων και η ανάπτυξη των ατομικών λογαριασμών δεξιοτήτων.","Digital Portal of Training Programmes & new digital platform with modern, personalised services to unemployed people, such as skills mapping and development of individual skills accounts.","701",NA
"Νέο σύστημα αξιολόγησης και Εθνικό Μητρώο Παρόχων Επαγγελματικής Κατάρτισης.","New assessment system and National Register of Vocational Training Providers.","411",NA
"A7. ΥΠΟΔΟΜΕΣ, ΜΕΤΑΦΟΡΕΣ, ΔΗΜΟΣΙΕΣ ΣΥΓΚΟΙΝΩΝΙΕΣ","A7. INFRASTRUCTURE, TRANSPORT, PUBLIC TRANSPORT","H",NA
"Είναι σε εξέλιξη 170 σημαντικά έργα υποδομών, κατασκευάζονται 1.183 χλμ. νέοι δρόμοι και 719 χλμ. νέες σιδηροδρομικές γραμμές.","170 major infrastructure projects are underway, 1 183 km of new roads and 719 km of new railway lines are under construction.","411",NA
"Μόνο από αυτά τα έργα δημιουργούνται 178.000 νέες θέσεις εργασίας.","These projects alone are creating 178,000 new jobs.","701",NA
"Ολοκληρώνονται 10 εμβληματικά έργα εθνικής εμβέλειας:","10 flagship projects of national importance are being completed:","411",NA
"Βόρειος Οδικός Άξονας Κρήτης (ΒΟΑΚ)","Northern Road Axis of Crete (BOAK)","411",NA
"Κατασκευή Γραμμής 4 του Μετρό Αθήνας","Construction of Line 4 of the Athens Metro","411",NA
"Μετρό Θεσσαλονίκης","Thessaloniki Metro","411",NA
"Ανατολική Εσωτερική Περιφερειακή Θεσσαλονίκης (flyover)","Eastern Internal Regional Railway of Thessaloniki (flyover)","411",NA
"Σύνδεση σιδηροδρόμου με τα μεγάλα λιμάνια της χώρας","Railway connection with the major ports of the country","411",NA
"Αυτοκινητόδρομος Πατρών - Πύργου","Motorway Patras - Pyrgos","411",NA
"Αυτοκινητόδρομος Κεντρικής Ελλάδας (E65)","Motorway of Central Greece (E65)","411",NA
"Κατασκευή επέκτασης Γραμμής 2 του Μετρό της Αθήνας προς Ίλιον","Construction of Line 2 extension of the Athens Metro to Ilion","411",NA
"Αναβάθμιση Προαστιακού Δυτικής Αττικής","Upgrading of the Suburban Railway of Western Attica","411",NA
"Νέο αεροδρόμιο Ηρακλείου στο Καστέλι, το πιο σύγχρονο της Μεσογείου","New Heraklion Airport in Kastelli, The most modern in the Mediterranean","411",NA
"Αύξηση συχνότητας δρομολογίων λεωφορείων ΟΑΣΑ και ΟΑΣΘ (ανά 5–10 λεπτά τις ώρες αιχμής).","Increase in bus frequency of OASA and OASTH buses (every 5-10 minutes during peak hours).","411",NA
"Αύξηση συχνότητας δρομολογίων Αττικού Μετρό σε 1,5 λεπτό τις ώρες αιχμής.","Increase in frequency of Attiko Metro services to 1.5 minutes during peak hours.","411",NA
"Προμήθεια 650 λεωφορείων μηδενικών ρύπων σε Αθήνα και Θεσσαλονίκη, προϋπολογισμού 337 εκατ. ευρώ.","Supply of 650 zero-emission buses in Athens and Thessaloniki, with a budget of €337 million.","411",NA
"Έως το 2027 θα κυκλοφορούν 2.000 αστικά λεωφορεία στην Αθήνα και 600 στη Θεσσαλονίκη.","By 2027, 2,000 urban buses will be in operation in Athens and 600 in Thessaloniki.","411",NA
"Μείωση 30% έως το 2025 και 50% έως το 2030 των τροχαίων ατυχημάτων.","Reduction of road accidents by 30% by 2025 and 50% by 2030.","411",NA
"A8. ΑΓΡΟΤΙΚΗ ΠΑΡΑΓΩΓΗ","A8. AGRICULTURAL PRODUCTION","H",NA
"Αύξηση του αριθμού των κατ’επάγγελμα νέων αγροτών κατά 60.000 μέχρι το 2027.","Increase the number of young professional farmers by 60,000 by 2027.","703.1",NA
"Οριστική κατάργηση του τέλους επιτηδεύματος για τους κατά κύριο επάγγελμα αγρότες.","Definitive abolition of the business tax for full-time farmers.","703.1",NA
"Εμπορία αγροτικών προϊόντων (τυποποιημένων) δια μέσω αγροτικών συλλογικών σχημάτων από το 18% στο 27% το 2027.","Marketing of agricultural products (standardised) through agricultural collective schemes from 18% to 27% in 2027.","703.1",NA
"Αύξηση γεωργικών εκτάσεων για παραγωγή βιολογικών προϊόντων από το 9,1% στο 16,4% το 2027.","Increase of agricultural land for organic production from 9.1% to 16.4% in 2027.","703.1",NA
"Δικαιότερες και ταχύτερες αποζημιώσεις για όλους τους δικαιούχους με την επικαιροποίηση κανονισμού ΕΛΓΑ.","Fairer and faster compensation for all beneficiaries with the updated ELGA regulation.","703.1",NA
"Επιστροφή ΕΦΚ στο Diesel στους αγρότες και για το 2023.","Refund of VAT on Diesel to farmers also for 2023.","703.1",NA
"Νέα αρδευτικά έργα σε όλη την επικράτεια και εκσυγχρονισμός των ΤΟΕΒ και ΓΟΕΒ, που θα αρδεύουν περισσότερα από 1,3 εκατ. στρέμματα και θα ωφελήσουν πάνω από 100.000 αγρότες.","New irrigation projects throughout the country and modernization of TOEB and GOEB, which will irrigate more than 1.3 million acres and benefit more than 100,000 farmers.","703.1",NA
"A9. ΤΟΥΡΙΣΜΟΣ/ ΝΑΥΤΙΛΙΑ","A9. TOURISM/MARITIME","H",NA
"12μηνη τουριστική περίοδος μέσω της ανάπτυξης εναλλακτικών μορφών τουρισμού και αύξηση της μέσης δαπάνης ανά ταξίδι.","A 12-month tourist season through the development of alternative forms of tourism and an increase in average expenditure per trip.","410",NA
"Στόχος τα δημόσια έσοδα από τον τουρισμό να φθάσουν τα 30 δις ευρώ ετησίως.","The aim is to raise public revenue from tourism to €30 billion per year.","410",NA
"Βιώσιμη Τουριστική Ανάπτυξη με ολοκλήρωση ειδικού χωροταξικού πλαισίου για Τουρισμό και έργα υποδομών ύψους 230 εκατ. ευρώ.","Sustainable Tourism Development through the completion of a specific spatial framework for tourism and infrastructure projects worth €230 million.","416.2",NA
"Αναβάθμιση τουριστικών λιμένων, δημιουργία 10 τουριστικών μαρινών και αναβάθμιση λιμενικών υποδομών.","Upgrading of tourist ports, creation of 10 tourist marinas and upgrading of port infrastructure.","411",NA
"Προγράμματα κατάρτισης για τουλάχιστον 180.000 εργαζόμενους στον τουρισμό σε νέες ειδικότητες σύμφωνα με τις ανάγκες της αγοράς, χωρίς γεωγραφικούς περιορισμούς.","Training programmes for at least 180,000 tourism workers in new specialities in line with market needs, without geographical restrictions.","411",NA
"Ενίσχυση της ζήτησης του εγχώριου τουρισμού, μέσω της συνέχισης του προγράμματος «Τουρισμός για όλους».","Strengthening the demand for domestic tourism through the continuation of the 'Tourism for All' programme.","410",NA
"Καθιέρωση πολιτικών προσβάσιμου τουρισμού.","Establish accessible tourism policies.","408",NA
"Αναθεώρηση και εξορθολογισμός του Συστήματος της Λιμενικής Διακυβέρνησης.","Review and rationalisation of the Port Governance System.","303",NA
"Ενίσχυση νησιωτικότητας με στοχευμένες πολιτικές.","Strengthening insularity through targeted policies.","410",NA
"B ΚΕΦΑΛΑΙΟ Κοινωνική Ελλάδα","B CHAPTER Social Greece","H",NA
"B1. ΥΓΕΙΑ","B1. HEALTH","H",NA
"Αύξηση των δαπανών του προϋπολογισμού για την υγεία και ενίσχυση του ιατρικού και νοσηλευτικού προσωπικού.","Increase health budget expenditure and strengthen medical and nursing staff.","504",NA
"Αύξηση του νοσηλευτικού προσωπικού κατά 10.000 εργαζόμενους, ώστε να φτάσουμε τον Ευρωπαϊκό μέσο όρο με 2,2 νοσηλευτές ανά κλίνη.","Increase nursing staff by 10,000 workers to reach the European average of 2.2 nurses per bed.","504",NA
"Ψηφιακός μετασχηματισμός Υγείας.","Digital Health Transformation.","504",NA
"Ενίσχυση του συστήματος ηλεκτρονικής συνταγογράφησης.","Strengthening the e-prescribing system.","504",NA
"Ολοκλήρωση του Ατομικού Ηλεκτρονικού Φακέλου Υγείας.","Completion of the Electronic Health Record.","504",NA
"Αναβάθμιση των ψηφιακών υποδομών στα νοσοκομεία.","Upgrade digital infrastructure in hospitals.","504",NA
"Επέκταση και ανάπτυξη των μητρώων ασθενών.","Expand and develop patient registers.","504",NA
"Ανακαίνιση και εκσυγχρονισμός 80 νοσοκομείων και 156 κέντρων υγείας, δημιουργία 315 μονάδων τηλεϊατρικής, 25 σύγχρονων κέντρων αποκατάστασης και κατασκευή Νέου Γενικού Νοσοκομείου Κομοτηνής, Πανεπιστημιακού Παιδιατρικού Νοσοκομείου Θεσσαλονίκης, νέου Γενικού Νοσοκομείου Σπάρτης) και Νέου Ογκολογικού Νοσοκομείου Θεσσαλονίκης, δωρεά του Ιδρύματος Σταύρος Νιάρχος.","Renovation and modernisation of 80 hospitals and 156 health centres, creation of 315 telemedicine units, 25 modern rehabilitation centres and construction of the New General Hospital of Komotini, the University Paediatric Hospital of Thessaloniki, the new General Hospital of Sparta and the New Oncology Hospital of Thessaloniki, donated by the Stavros Niarchos Foundation.","504",NA
"Εγγύηση πρόσβασης του ΕΚΑΒ, πρώτες βοήθειες σε 7 με 10 λεπτά από την κλήση σε αστικές και ημιαστικές περιοχές.","Guaranteed access of the ambulance, first aid within 7 to 10 minutes from the call in urban and semi-urban areas.","504",NA
"Δημιουργία 6 νέων βάσεων για πρωτογενή διάσωση και αεροδιακομιδές, για την αμεσότερη εξυπηρέτηση των πολιτών.","Creation of 6 new bases for primary rescue and air ambulance services, for the most direct service to citizens.","504",NA
"Αξιολόγηση διοικήσεων νοσοκομείων και ποιότητας παρεχόμενων υπηρεσιών προς τους ασθενείς με χρήση αντικειμενικών δεικτών.","Evaluation of hospital administrations and quality of services provided to patients using objective indicators.","504",NA
"Μείωση χρόνου αναμονής για χειρουργικές πράξεις κατά 50% και μείωση χρόνου αναμονής στα Τμήματα Επειγόντων Περιστατικών κατά 70% έως το τέλος του 2027.","Reduce waiting time for surgical operations by 50% and reduce waiting time in Emergency Departments by 70% by the end of 2027.","504",NA
"Μείωση του χρόνου αναμονής για ραντεβού σε εξωτερικά ιατρεία νοσοκομείων κατά 80% έως το 2027 και ανάπτυξη πλήρους ψηφιακής εφαρμογής για ραντεβού, για το σύνολο των δημόσιων δομών υγείας.","Reduce waiting time for outpatient hospital appointments by 80% by 2027 and develop a full digital appointment application for all public health facilities.","504",NA
"Επέκταση του θεσμού του προσωπικού γιατρού σε όλο τον πληθυσμό της χώρας και εισαγωγή του θεσμού συμβούλου υγείας.","Extend the institution of the personal doctor to the entire population of the country and introduce the institution of the health advisor.","504",NA
"Υλοποίηση των σχεδιασμένων προγραμμάτων μαζικών προληπτικών ελέγχων για τον καρκίνο του μαστού, του τραχήλου της μήτρας, του παχέος εντέρου, των καρδιαγγειακών κινδύνων καθώς και προληπτικές εξετάσεις σε κατοίκους απομακρυσμένων περιοχών.","Implementation of the planned programmes of mass screening for breast cancer, cervical cancer, colorectal cancer, cardiovascular risks and preventive examinations for residents of remote areas.","504",NA
"Μείωση της παχυσαρκίας στα παιδιά ηλικίας 2 έως 14 ετών από 37,5% σε 24,5% (330.000) έως το 2030.","Reduce obesity in children aged 2-14 years from 37.5% to 24.5% (330,000) by 2030.","504",NA
"Δωρεάν υπηρεσίες συμβουλευτικής από διατροφολόγο/ ιατρό.","Free counselling services by a nutritionist/physician.","504",NA
"Εμβολιασμός του 90% των κοριτσιών ηλικίας έως 15 ετών με το εμβόλιο HPV έως το 2030.","Vaccination of 90% of girls up to 15 years of age with the HPV vaccine by 2030.","504",NA
"Μείωση των καπνιστών από 42% του ενήλικου πληθυσμού το 2020, σε 25% έως το 2027.","Reduction of smokers from 42% of the adult population in 2020 to 25% by 2027.","504",NA
"Ενίσχυση των ιατρείων διακοπής καπνίσματος.","Strengthen smoking cessation clinics.","504",NA
"Δημιουργία 311 νέων δομών, υλοποίηση 211 δράσεων & προγραμμάτων πρόληψης και προαγωγής της ψυχικής υγείας και ενίσχυση 279 υφιστάμενων δομών και υπηρεσιών ψυχικής υγείας.","Creation of 311 new structures, implementation of 211 actions & programmes for mental health prevention and promotion and strengthening of 279 existing mental health structures and services.","504",NA
"Ενίσχυση των 300 Κέντρων Υγείας με 5 Επαγγελματίες Ψυχικής Υγείας ανά κέντρο, για την περαιτέρω ενσωμάτωση των Υπηρεσιών Ψυχικής Υγείας στην Πρωτοβάθμια Φροντίδα Υγείας.","Strengthening of 300 Health Centres with 5 Mental Health Professionals per centre to further integrate Mental Health Services into Primary Health Care.","504",NA
"B2. ΠΑΙΔΕΙΑ","B2. CHILDREN","H",NA
"Διεύρυνση της εφαρμογής του ολοήμερου σχολείου ως τις 17:30 και επέκταση εφαρμογής του διευρυμένου και ενισχυμένου ολοήμερου προγράμματος σε νηπιαγωγεία και δημοτικά σχολεία σε όλη τη χώρα.","Extend the implementation of full-day school to 17:30 and expand the implementation of the extended and enhanced full-day programme to kindergartens and primary schools throughout the country.","506",NA
"Επέκταση πρότυπων και πειραματικών σχολείων: 150 Πρότυπα και Πειραματικά Σχολεία μέχρι το 2027.","Expansion of model and experimental schools: 150 model and experimental schools by 2027.","506",NA
"Αύξηση των μισθολογικών απολαβών εκπαιδευτικών, με έμφαση στους νεοδιόριστους εκπαιδευτικούς και σε στελέχη εκπαίδευσης με αυξημένες αρμοδιότητες.","Increase teacher salaries, with a focus on newly appointed teachers and education staff with increased responsibilities.","506",NA
"Ελεύθερη επιλογή από γονέα της σχολικής μονάδας φοίτησης των μαθητών.","Free parental choice of school of attendance for students.","201.1",NA
"Ανέγερση φοιτητικών εστιών για τη στέγαση 8.500 φοιτητών μέσω ΣΔΙΤ.","Construction of student halls of residence to house 8,500 students through PPP.","506",NA
"Ενίσχυση του θεσμού της μαθητείας και Αναβάθμιση Επαγγελματικών Λυκείων.","Strengthening the institution of apprenticeship and upgrading vocational high schools.","411",NA
"Επικαιροποίηση των προγραμμάτων σπουδών και αναβάθμιση των υποδομών στις Επαγγελματικές Σχολές Μαθητείας.","Updating curricula and upgrading the infrastructure of Vocational Apprenticeship Schools.","411",NA
"Επέκταση του θεσμού των Πειραματικών ΕΠΑΣ και ενιαίος τρόπος λειτουργίας των ΕΠΑΛ, όπως τα Πρότυπα ΕΠΑΛ.","Extend the institution of Experimental Vocational Schools and establish a uniform mode of operation for Vocational Schools, such as Standard Vocational Schools.","411",NA
"Ειδικό πρόγραμμα για τον σχολικό εκφοβισμό.","A special programme on school bullying.","503",NA
"Εθνική στρατηγική κατά της βίας κατά των ανηλίκων.","A national strategy against violence against minors.","605.1",NA
"Voucher για διεθνώς αναγνωρισμένα πιστοποιητικά γλωσσομάθειας και ψηφιακών δεξιοτήτων σε β-βάθμια και γ-βάθμια εκπαίδευση.","Vouchers for internationally recognised certificates of language and digital skills in b- and c-school education.","506",NA
"B3. ΠΟΛΙΤΙΣΜΟΣ, ΑΘΛΗΤΙΣΜΟΣ","B3. CULTURE, SPORT","H",NA
"Ολοκλήρωση νέων εμβληματικών μουσείων: Εθνικό Αρχαιολογικό Μουσείο, Μουσείο Ενάλιων Αρχαιοτήτων Πειραιά, Μετατροπή του Ανακτόρου Τατοΐου σε Μουσείο, Αρχαιολογικό Μουσείο Ελευσίνας.","Completion of new emblematic museums: the National Archaeological Museum, the Museum of Piraeus' Enalian Antiquities, the conversion of the Tatoi Palace into a museum, the Elefsina Archaeological Museum.","502",NA
"Συντήρηση, αποκατάσταση και ανάδειξη μνημείων και αρχαιολογικών χώρων, μεταξύ αυτών και των μνημείων UNESCO με πόρους του Ταμείου Ανάκαμψης (Αρχαία Ολυμπία, Φίλιπποι, Κνωσός, Φαιστός, Δελφοί, Τίρυνθα, Μυστράς, Μονεμβασιά, Φρούρια της Κέρκυρας).","Conservation, restoration and enhancement of monuments and archaeological sites, including UNESCO monuments with resources from the Recovery Fund (Ancient Olympia, Philippi, Knossos, Phaistos, Delphi, Tiryns, Mystras, Monemvasia, Fortresses of Corfu).","502",NA
"Διαβάθμιση, αναβάθμιση και ανωτατοποίηση της καλλιτεχνικής εκπαίδευσης.","Upgrading, upgrading and upgrading of artistic education.","506",NA
"Δημιουργία νέας Ανώτατης Σχολής Παραστατικών Τεχνών πανεπιστημιακού επιπέδου.","Creation of a new university-level Higher School of Performing Arts.","506",NA
"Αναβάθμιση υποδομών κρατικών σχολών.","Upgrading the infrastructure of state schools.","506",NA
"Εθνική πολιτική οπτικοακουστικών μέσων και κινηματογράφου.","National audiovisual and cinema policy.","502",NA
"Δημιουργία νέου φορέα για τα οπτικοακουστικά, τον κινηματογράφο και την πνευματική ιδιοκτησία, έτσι ώστε να στηριχθεί η ελληνική κινηματογραφία και παράλληλα να ενθαρρυνθούν οι ξένες επενδύσεις.","Establishment of a new body for audiovisual, cinema and intellectual property, in order to support Greek cinema and encourage foreign investment.","502",NA
"Ενίσχυση ερασιτεχνικού αθλητισμού.","Strengthen amateur sport.","502",NA
"Μητρώα σωματείων, εγκαταστάσεων, διοικήσεων και αθλητών.","Registers of clubs, facilities, administrations and athletes.","502",NA
"Ψηφιακή μετάβαση του ερασιτεχνικού αθλητισμού, χρηστή διοίκηση.","Digital transition of amateur sport, good governance.","502",NA
"Ενίσχυση πόρων του ερασιτεχνικού αθλητισμού μέσω της φορολογίας του στοιχηματισμού.","Strengthening the resources of amateur sport through the taxation of betting.","502",NA
"Κατασκευές και αναβαθμίσεις αθλητικών εγκαταστάσεων.","Construction and upgrading of sports facilities.","502",NA
"Αναπλάσεις Ολυμπιακών Εγκαταστάσεων.","Redevelopment of Olympic facilities.","411",NA
"B4. ΔΗΜΟΓΡΑΦΙΚΟ ΚΑΙ ΟΙΚΟΓΕΝΕΙΑΚΗ ΠΟΛΙΤΙΚΗ","B4. DEMOGRAPHIC AND FAMILY POLICY","H",NA
"Αυξάνεται από 1/1/2024 το αφορολόγητο κατά 1.000 ευρώ για οικογένειες που έχουν παιδιά.","From 1/1/2024, the tax-free allowance increases by 1,000 euros for families with children.","504",NA
"Αυξάνεται το επίδομα μητρότητας στους ελεύθερους επαγγελματίες και τους αγρότες από τους 4 στους 9 μήνες στο ύψος του κατώτατου μισθού (από 150 έως 200 ευρώ που είναι σήμερα).","Increase the maternity allowance for self-employed workers and farmers from 4 to 9 months to the minimum wage (from 150 to 200 euros as it is today).","504",NA
"Διατίθενται 1,8 δις ευρώ σε συνολικά 137.000 νέους δικαιούχους έως 39 ετών για τη Νέα Στεγαστική Πολιτική «Σπίτι μου» με φθηνά στεγαστικά δάνεια, προσιτά ρυθμιζόμενα ενοίκια","€1.8 billion is made available to a total of 137,000 new beneficiaries up to the age of 39 for the new ""My Home"" housing policy with cheap mortgages, affordable regulated rents","409",NA
"και παροχή δωρεάν στέγης σε ευάλωτους πολίτες και οικογένειες.","and free housing for vulnerable citizens and families.","504",NA
"Ανέγερση 2.500 κοινωνικών κατοικιών και ανακαίνιση 4.000 κενών κατοικιών, ιδιοκτησίας του δημοσίου οι οποίες παραδίδονται με εξαιρετικά ευνοϊκούς όρους σε δικαιούχους.","Construction of 2,500 social housing units and renovation of 4,000 vacant public housing units, owned by the public sector, which are delivered on highly favourable terms to beneficiaries.","504",NA
"Αυξάνονται κατά 50.000 οι θέσεις για βρέφη και νήπια σε βρεφονηπιακούς σταθμούς, συστήνονται 150 νέα Κέντρα Δημιουργικής Απασχόλησης Παιδιών, διευρύνεται το ωράριο λειτουργίας παιδικών σταθμών ως τις 17:30, θεσμοθετούνται χώροι φύλαξης και φροντίδας παιδιών σε μεγάλες επιχειρήσεις.","The number of places for infants and toddlers in nurseries is increased by 50,000, 150 new Creative Childcare Centres are established, the opening hours of nurseries are extended to 17:30, and childcare facilities are established in large companies.","504",NA
"40.000 θέσεις φύλαξης νηπίων και παιδιών μέσω του προγράμματος «Νταντάδες της γειτονιάς».","40,000 childcare places for infants and children through the 'Neighbourhood Nannies' programme.","504",NA
"Νέα ολοκληρωμένη δέσμη μέτρων για την αύξηση της γονιμότητας και την υποβοηθούμενη αναπαραγωγή.","A new comprehensive package of measures to increase fertility and assisted reproduction.","504",NA
"Γ ΚΕΦΑΛΑΙΟ Πράσινη και Ψηφιακή Ελλάδα","C CHAPTER Green and Digital Greece","H",NA
"Γ1. ΨΗΦΙΑΚΗ ΜΕΤΑΒΑΣΗ","Γ1. DIGITAL SWITCHOVER","H",NA
"Επέκταση και αναβάθμιση των υπηρεσιών του gov.gr προς όφελος του πολίτη.","Expansion and upgrading of gov.gr services for the benefit of citizens.","303",NA
"Όλες οι πληροφορίες και τα δεδομένα διακινούνται έως το 2025 μόνο ηλεκτρονικά μεταξύ του δημοσίου.","All information and data will be moved by 2025 only electronically between the public sector.","303",NA
"Πλήρης ψηφιοποίηση των κεντρικών αρχείων του Κράτους (υποθηκοφυλακείων, δικαιοσύνης, Πολεοδομιών, νοσοκομείων κ.ά.) ώστε όλα τα δεδομένα να είναι άμεσα διαθέσιμα στον ενδιαφερόμενο πολίτη ή στη δημόσια υπηρεσία.","Full digitisation of the central State archives (mortgage offices, justice, town planning, hospitals, etc.) so that all data is immediately available to the citizen concerned or to the public service.","303",NA
"Ένταξη του 90% των υπηρεσιών του Μίτος στο Gov.gr και απλούστευση σημαντικών διαδικασιών μέσω του Εθνικού Προγράμματος Απλούστευσης Διαδικασιών έως το 2027.","Inclusion of 90% of Mitos services in Gov.gr and simplification of important procedures through the National Programme for Simplification of Procedures by 2027.","303",NA
"Οπτική ίνα σε κάθε δημόσιο και ιδιωτικό κτίριο έως το 2027 για γρήγορο internet.","Optical fibre in every public and private building by 2027 for high-speed internet.","411",NA
"Παροχή σε όλα τα σχολεία πρωτοβάθμιας και δευτεροβάθμιας εκπαίδευσης υψηλής ταχύτητας σύνδεση στο διαδίκτυο, με στόχο την αναβάθμιση του παιδαγωγικού έργου.","Provide all primary and secondary schools with high-speed internet connection to upgrade pedagogical work.","506",NA
"Το 94% της χώρας καλύπτεται με 5G έως το 2027.","94% of the country covered by 5G by 2027.","411",NA
"Ανοικτά δεδομένα.","Open data.","303",NA
"Το σύνολο των δεδομένων της δημόσιας διοίκησης είναι διαθέσιμα ανωνυμοποιημένα και σε επεξεργάσιμη μορφή.","All public administration data is available anonymised and in an editable format.","303",NA
"Αναβάθμιση του opengov.gr.","Upgrade opengov.gr.","303",NA
"Ολοκλήρωση προγράμματος αναβάθμισης ΚΕΠ, ώστε να καταστούν έως το 2025 το μοναδικό φυσικό σημείο επαφής με το δημόσιο.","Completion of a programme to upgrade CCPs to make them the only physical point of contact with the public sector by 2025.","303",NA
"Γ2. ΠΡΑΣΙΝΗ ΕΝΕΡΓΕΙΑΚΗ ΜΕΤΑΒΑΣΗ","Γ2. GREEN ENERGY TRANSITION","H",NA
"Μέσα σε 6 χρόνια το 80% της ηλεκτροπαραγωγής προέρχεται από ανανεώσιμες πηγές ενέργειας.","Within 6 years 80% of electricity generation comes from renewable energy sources.","416.2",NA
"Ενεργειακή αναβάθμιση 600.000 κατοικιών για λιγότερη κατανάλωση ενέργειας όλες τις εποχές του χρόνου.","Energy upgrade of 600,000 homes for less energy consumption in all seasons.","416.2",NA
"Υλοποίηση προγραμμάτων «Εξοικονομώ», «Αλλάζω θερμοσίφωνα» και «Φωτοβολταïκά στέγης».","Implementation of the ""Save to Save"", ""Change my water heater"" and ""Roof Photovoltaics"" programmes.","416.2",NA
"Το 20% των ΙΧ οχημάτων είναι μηδενικών ή χαμηλών ρύπων έως το 2027.","20% of cars are zero or low emission vehicles by 2027.","416.2",NA
"Τίθενται σε λειτουργία 8.900 δημόσια προσβάσιμοι φορτιστές σε κοινόχρηστους χώρους αστικών κέντρων.","8,900 publicly accessible chargers are put into operation in public spaces in urban centres.","416.2",NA
"Προώθηση έρευνας κοιτασμάτων φυσικού αερίου.","Promote exploration of natural gas deposits.","416.2",NA
"Κατασκευή νέων σταθμών εισαγωγής LNG, αναβάθμιση Συστήματος Μεταφοράς φυσικού αερίου, διεθνείς διασυνδέσεις φυσικού αερίου.","Construction of new LNG import stations, upgrading of the Gas Transmission System, international gas interconnections.","411",NA
"Γ3. ΚΥΚΛΙΚΗ ΟΙΚΟΝΟΜΙΑ- ΒΙΩΣΙΜΕΣ ΠΟΛΕΙΣ- ΔΙΑΧΕΙΡΙΣΗ ΑΠΟΡΡΙΜΜΑΤΩΝ","Γ3. CIRCULAR ECONOMY - SUSTAINABLE CITIES - WASTE MANAGEMENT","H",NA
"Ολοκλήρωση των 45 Μονάδων Διαχείρισης Αποβλήτων έως το 2025.","Completion of 45 Waste Management Plants by 2025.","416.2",NA
"Κάλυψη των αναγκών σε υποδομές διαχείρισης αστικών λυμάτων σε 250 περίπου οικισμούς κάτω των 2.000 κατοίκων σε νησιωτικές, ορεινές, ευαίσθητες περιοχές.","Covering the needs for urban waste water management infrastructure in about 250 settlements of less than 2,000 inhabitants in island, mountainous and sensitive areas.","411",NA
"Εθνικό πρόγραμμα αναδασώσεων με 20 εκατ. δέντρα σε 165.000 στρέμματα έως το 2025.","National reforestation programme with 20 million trees on 165,000 hectares by 2025.","501",NA
"Για τη δασοπροστασία, διάνοιξη δασικών δρόμων συνολικού μήκους 40.000 χλμ., αφαίρεση καύσιμης ύλης από 260 κρίσιμα δάση, διάνοιξη και συντήρηση αντιπυρικών ζωνών συνολικού μήκους 10.000 χλμ., ανάπτυξη «έξυπνου δάσους» με χρήση τεχνολογιών αιχμής.","For forest protection, opening of forest roads with a total length of 40,000 km, removal of fuel from 260 critical forests, opening and maintenance of firebreaks with a total length of 10,000 km, development of ""smart forest"" using cutting-edge technologies.","501",NA
"Πρόγραμμα GR-ECO για τα νησιά μας, με σκοπό την ενεργειακή αυτονομία και την κυκλική οικονομία.","GR-ECO programme for our islands, aiming at energy autonomy and circular economy.","416.2",NA
"Κλιματικά ουδέτερες και βιώσιμες πόλεις.","Climate neutral and sustainable cities.","416.2",NA
"Πρόγραμμα αστικών αναπλάσεων σε πάνω από 100 δήμους της χώρας και 700 Τοπικά Πολεοδομικά Σχέδια και Ειδικά Πολεοδομικά Σχέδια για 10 περιοχές.","Urban regeneration programme in over 100 municipalities in the country and 700 Local Urban Plans and Special Urban Plans for 10 regions.","411",NA
"570 χλμ. νέων ποδηλατοδρόμων σε όλη τη χώρα, οι οποίοι θα εξυπηρετήσουν περίπου 3.4 εκατ. χρήστες ετησίως.","570 km of new cycle paths across the country, serving around 3.4 million users per year.","411",NA
"Δ ΚΕΦΑΛΑΙΟ Δίκαιη Ελλάδα","CHAPTER D Fair Greece","H",NA
"Δ1. ΔΙΚΑΙΟΣΥΝΗ ΚΑΙ ΚΡΑΤΟΣ ΔΙΚΑΙΟΥ","Δ1. JUSTICE AND THE RULE OF LAW","H",NA
"Επιτάχυνση χρόνου απονομής δικαιοσύνης στον ευρωπαϊκό μέσο όρο (λιγότερες από 500 μέρες) και επίσπευση εκκαθάρισης των εκκρεμών υποθέσεων στη διοικητική, πολιτική και ποινική δικαιοσύνη.","Speed up the time taken to deliver justice to the European average (less than 500 days) and accelerate the clearance of pending cases in the administrative, civil and criminal justice systems.","202.1",NA
"Ψηφιακή Στρατηγική για τη Δικαιοσύνη.","Digital Strategy for Justice.","202.1",NA
"Μέχρι το 2025 θα έχουν ολοκληρωθεί τα έργα του Ολοκληρωμένου Συστήματος Διαχείρισης Δικαστικών Υποθέσεων για την Ποινική, Πολιτική και Διοικητική Δικαιοσύνη, της αναμόρφωσης του Εθνικού Ποινικού Μητρώου και του Ολοκληρωμένου Πληροφοριακού Συστήματος του Ελεγκτικού Συνεδρίου.","By 2025, the Integrated Case Management System for Criminal, Civil and Administrative Justice, the reform of the National Criminal Register and the Integrated Information System of the Court of Audit will be completed.","202.1",NA
"Νέος Δικαστικός Χάρτης στη Διοικητική, Αστική και Ποινική Δικαιοσύνη.","New Judicial Charter in Administrative, Civil and Criminal Justice.","202.1",NA
"Στόχος μας είναι να σταματήσουν οι αδικαιολόγητες καθυστερήσεις στην απονομή δικαίου.","Our goal is to end unjustified delays in the administration of justice.","202.1",NA
"Η σχεδιαζόμενη αναθεώρηση του δικαστικού χάρτη αναμένεται να συμβάλει σε μία ορθολογική γεωγραφική ανακατανομή των δικαστηρίων.","The planned revision of the Judicial Charter is expected to contribute to a rational geographical redistribution of courts.","202.1",NA
"Ενίσχυση στο ανθρώπινο δυναμικό: αναβάθμιση Εθνικής Σχολής Δικαστών, σύνδεση προαγωγής με αξιολόγηση και επιμόρφωση, κλάδος Δικαστικών Υπαλλήλων, Δικαστική Αστυνομία.","Strengthen human resources: upgrade the National School of Magistrates, link promotion to evaluation and training, Judicial Officers branch, Judicial Police.","202.1",NA
"Αναβάθμιση των κτιριακών υποδομών της Δικαιοσύνης σε 15 πόλεις της Ελλάδας, νέο Πρωτοδικείο στην Αθήνα.","Upgrading of the building infrastructure of the Judiciary in 15 cities in Greece, new Court of First Instance in Athens.","411",NA
"Δ2. ΔΙΑΚΥΒΕΡΝΗΣΗ ΚΑΙ ΘΕΣΜΟΙ","Δ2. GOVERNANCE AND INSTITUTIONS","H",NA
"Εκκίνηση της διαδικασίας για μία γενναία Συνταγματική Αναθεώρηση που θα απελευθερώσει κοινωνικές δυνάμεις και θα εκσυγχρονίσει αναχρονιστικές διατάξεις (π.χ. άρθρο 16 για λειτουργία μη κρατικών ΑΕΙ).","Launch the process for a bold Constitutional Review that will liberate social forces and modernise anachronistic provisions (e.g. Article 16 on the operation of non-state universities).","204",NA
"Ανακατανομή αρμοδιοτήτων μεταξύ κεντρικού κράτους, αποκεντρωμένης διοίκησης, περιφέρειας και δήμου, λειτουργία πολυεπίπεδης διακυβέρνησης.","Redistribution of responsibilities between central state, decentralized administration, region and municipality, operation of multi-level governance.","301",NA
"Ισχυροί Δήμοι.","Strong municipalities.","301",NA
"Ενίσχυση διοικητικής και τεχνικής ικανότητας των υπηρεσιών τους, ψηφιακή μετάβαση, μειωμένο περιβαλλοντικό αποτύπωμα, ενεργειακή αυτονομία.","Strengthening the administrative and technical capacity of their services, digital transition, reduced environmental footprint, energy autonomy.","301",NA
"Δημιουργία δεικτών απόδοσης των Ο.Τ.Α.","Establishment of performance indicators for local authorities.","301",NA
"Ολοκλήρωση και εφαρμογή του ρυθμιστικού πλαισίου για τα ζώα συντροφιάς.","Complete and implement the regulatory framework for companion animals.","301",NA
"Ενίσχυση της Λογοδοσίας και διασφάλιση της Διαφάνειας στο Δημόσιο.","Strengthen accountability and ensure transparency in the public sector.","202.1",NA
"Θεσμοθέτηση αποκλειστικών προθεσμιών διεκπεραίωσης (1 έως 4 μηνών) ανά κατηγορία Πειθαρχικών και επέκταση εφαρμογής του Πειθαρχικού Δικαίου στους φορείς του ευρύτερου δημόσιου τομέα (ΝΠΙΔ και ΑΕ).","Establish exclusive time limits (1 to 4 months) for each category of disciplinary cases and extend the application of the Disciplinary Law to public sector entities (NPIs and SAs).","303",NA
"Πλήρης λειτουργία ηλεκτρονικής βάσης δεδομένων για τη συστηματική παρακολούθηση των Πειθαρχικών Διαδικασιών (e-peitharxika) και του Συστήματος Εσωτερικού Ελέγχου.","Fully operate an electronic database for the systematic monitoring of Disciplinary Procedures (e-peitharxika) and the Internal Audit System.","303",NA
"Ο κατάλληλος άνθρωπος στην κατάλληλη θέση.","The right person in the right position.","303",NA
"Ανασχεδιασμός συστήματος επιλογής προϊσταμένων με ηλεκτρονικό τρόπο υπό την εποπτεία του ΑΣΕΠ.","Redesign the system for the selection of supervisors in an electronic manner under the supervision of the ACPC.","303",NA
"Διενέργεια γραπτού διαγωνισμού του ΑΣΕΠ κάθε δύο έτη και δημιουργία δεξαμενής υποψηφίων από την οποία καλύπτονται οι θέσεις που προκηρύσσονται εντός της διετίας.","Conduct a written competition of the APSC every two years and create a pool of candidates from which the posts advertised within two years are filled.","303",NA
"Πλήρης υλοποίηση του ετήσιου προγραμματισμού προσλήψεων εντός του έτους που έχει προγραμματιστεί.","Fully implement the annual recruitment plan within the planned year.","303",NA
"Αναβάθμιση και μετασχηματισμός των δεξιοτήτων (upskilling και reskilling) 250.000 δημοσίων υπαλλήλων.","Upskilling and reskilling of 250 000 civil servants.","411",NA
"Διεθνής πιστοποίηση από ανεξάρτητο φορέα σε συγκεκριμένες κατηγορίες υπαλλήλων και θέσεις ευθύνης.","International certification by an independent body in specific categories of officials and positions of responsibility.","303",NA
"Επιλογή των κατάλληλων διοικήσεων των φορέων του Δημοσίου.","Selection of appropriate administrations of public bodies.","303",NA
"Βελτιώνεται και επιταχύνεται ο τρόπος επιλογής των διοικήσεων των φορέων του δημοσίου (ΝΠΔΔ, ΝΠΙΔ, Νοσοκομεία κ.τλ.) με αυστηρά προαπαιτούμενα προσόντα συναφή με το αντικείμενο.","Improve and accelerate the selection process for the management of public sector bodies (NPAs, NPIs, hospitals, etc.) with strict qualifications relevant to the subject matter.","303",NA
"Ετήσια αξιολόγηση που συνδέεται με αμοιβές και στόχους.","Annual evaluation linked to remuneration and objectives.","303",NA
"Εφαρμογή ηλεκτρονικής κάρτας εργασίας σε όλο το Δημόσιο.","Implementation of an electronic job card throughout the public sector.","303",NA
"Η ηλεκτρονική κάρτα εργασίας εφαρμόζεται σε όλους τους φορείς του δημοσίου με σκοπό τον έλεγχο τήρησης του ωραρίου.","The electronic work card is implemented in all public institutions in order to control the observance of working hours.","303",NA
"Καθιέρωση συστήματος κινήτρων και ανταμοιβής υπαλλήλων, για την επίτευξη συγκεκριμένων και προσυμφωνημένων στόχων.","Establish a system of incentives and rewards for employees for achieving specific and pre-agreed targets.","303",NA
"Επιτάχυνση και εξορθολογισμός στο σύστημα δημοσίων συμβάσεων, ιδίως προμηθειών, μέσω της δημιουργίας νέας κεντρικής αρχής για τη διενέργεια των διαγωνισμών της Διοίκησης, με αξιοποίηση ηλεκτρονικών καταλόγων και άλλων συστημάτων.","Speed up and streamline the public procurement system, in particular procurement, through the creation of a new central authority for the conduct of tenders by the administration, using electronic lists and other systems.","303",NA
"Δ3. ΚΟΙΝΩΝΙΚΗ ΣΥΝΟΧΗ","Δ3. SOCIAL COHESION","H",NA
"Αύξηση κατά 8% του Ελάχιστου Εγγυημένου Εισοδήματος από 1/1/2024.","Increase by 8% of the Minimum Guaranteed Income from 1/1/2024.","504",NA
"Αύξηση κατά 8% των αναπηρικών επιδομάτων από 1/5/2023.","Increase by 8% of disability allowances from 1/5/2023.","504",NA
"Αναβάθμιση ελέγχου κοινωνικών επιδομάτων, με δημιουργία ηλεκτρονικής βάσης για όλα τα επιδόματα ανά δικαιούχο, αυτοματοποιημένο έλεγχο κριτηρίων, συγκέντρωση επιδομάτων σε μία βάση και εναρμόνιση κριτηρίων.","Upgrading of the control of social benefits, with the creation of an electronic database for all benefits per beneficiary, automated control of criteria, concentration of benefits in one database and harmonisation of criteria.","504",NA
"Λιγότερη ταλαιπωρία για τους δικαιούχους, περισσότερη διαφάνεια.","Less hassle for beneficiaries, more transparency.","504",NA
"Επέκταση της υποστηριζόμενης απασχόλησης για τα άτομα με αναπηρία.","Expansion of supported employment for people with disabilities.","503",NA
"Προσωπικός Βοηθός.","Personal assistant.","504",NA
"Πρόληψη και καταπολέμηση της βίας κατά των γυναικών.","Prevent and combat violence against women.","605.1",NA
"Εφαρμογή του panic button, δομές υποστήριξης κακοποιημένων γυναικών και των παιδιών τους.","Implementation of the panic button, support structures for battered women and their children.","504",NA
"Συμβουλευτικά Κέντρα Κακοποιημένων Γυναικών στην Αθήνα και τη Θεσσαλονίκη σε συνεργασία με την ΕΛ.ΑΣ. και την Άμεσο Δράση.","Counselling Centres for battered women in Athens and Thessaloniki in cooperation with the Hellenic Police. and Direct Action.","504",NA
"Μείωση του έμφυλου μισθολογικού χάσματος (gender pay gap) από εκτιμώμενο ποσοστό 10% σήμερα σε 5% το 2027, και κάτω από 3% το 2030.","Reduction of the gender pay gap from an estimated 10% today to 5% in 2027, and below 3% in 2030.","503",NA
"Προγράμματα για ενίσχυση και τη βελτίωση της θέσης των γυναικών στην αγορά εργασίας.","Programmes to empower and improve the position of women in the labour market.","503",NA
"Υλοποίηση της Εθνικής Στρατηγικής για την Ισότητα των ΛΟΑΤΚΙ+.","Implementation of the National Strategy for LGBTI+ Equality.","503",NA
"Μεταρρύθμιση υπηρεσιών για την υποστήριξη της μακροχρόνιας φροντίδας ηλικιωμένων και πολιτικές για την ενεργό γήρανση.","Reform services to support long-term care for older people and policies for active ageing.","504",NA
"E ΚΕΦΑΛΑΙΟ Ισχυρή Ελλάδα","E CHAPTER Strong Greece","H",NA
"E1. ΕΞΩΤΕΡΙΚΗ ΠΟΛΙΤΙΚΗ/ ΑΠΟΔΗΜΟΣ ΕΛΛΗΝΙΣΜΟΣ","E1. FOREIGN POLICY/EXPATRIATE GREEKS","H",NA
"Η Ελλάδα διαδραματίζει κεντρικό ρόλο στην Ευρωπαϊκή Ένωση και συμμετέχει ενεργά στη διαμόρφωση των αποφάσεων που αφορούν στην ειρήνη και την ασφάλεια στην Ευρώπη και τον υπόλοιπο κόσμο.","Greece plays a central role in the European Union and is actively involved in shaping decisions concerning peace and security in Europe and the rest of the world.","108",NA
"Ενεργός συμμετοχή και συμβολή στον σχεδιασμό των νέων κοινών ευρωπαϊκών πολιτικών, ιδίως στα θέματα εθνικού ενδιαφέροντος και στην ευρωπαϊκή αντιμετώπιση κρίσεων και νέων προκλήσεων ασφάλειας που απαιτούν τη συνεργασία των κρατών.","Active participation and contribution to the design of new common European policies, in particular on issues of national interest and in the European response to crises and new security challenges requiring the cooperation of States.","108",NA
"Κατάργηση περιορισμών για εγγραφή στους εκλογικούς καταλόγους εξωτερικού.","Abolition of restrictions on registration on foreign electoral rolls.","202.1",NA
"Εισαγωγή επιστολικής ψήφου εντός και εκτός Ελλάδας.","Introduction of postal voting within and outside Greece.","202.1",NA
"Ανασύσταση Συμβουλίου Απόδημου Ελληνισμού - Ανάδειξη ρόλου διπλωματίας διασποράς - για την προώθηση των ελληνικών θέσεων και συμφερόντων ανά την υφήλιο.","Reconstitution of the Council of Hellenes Abroad - Promoting the role of diaspora diplomacy - to promote Greek positions and interests around the globe.","601.1",NA
"E2. ΑΣΦΑΛΕΙΑ","E2. SECURITY","H",NA
"Έξυπνη και στοχευμένη αντιμετώπιση της εγκληματικότητας με επιχειρησιακές παρεμβάσεις για την αντιμετώπισή της σε τοπικό επίπεδο.","Smart and targeted response to crime with operational interventions to tackle crime at the local level.","605.1",NA
"Δίνουμε έμφαση στην αξιοποίηση πληροφοριών και στην ανάλυση δεδομένων.","We emphasise the use of information and data analysis.","605.1",NA
"Ενίσχυση πεζών και εποχούμενων περιπολιών.","Enhancing foot and seasonal patrols.","605.1",NA
"5.000 αστυνομικοί αποδεσμεύονται από δευτερεύουσες υπηρεσίες γραφείου και ενισχύουν τις υπηρεσίες πρώτης γραμμής, αξιοποιώντας την ψηφιοποίηση των υπηρεσιών.","5,000 police officers are being released from secondary office duties and strengthening frontline services, leveraging digitization of services.","605.1",NA
"Αξιοποιούμε τις νέες τεχνολογίες για να ενισχύσουμε την ασφάλεια από τα σύνορα μέχρι τον κυβερνοχώρο.","We are harnessing new technologies to strengthen security from the border to cyberspace.","605.1",NA
"Ενίσχυση Λογοδοσίας και αντιμετώπιση της αστυνομικής αυθαιρεσίας.","Strengthening accountability and addressing police arbitrariness.","605.1",NA
"Εφοδιασμός των αστυνομικών πρώτης γραμμής με κάμερες.","Equipping frontline police officers with cameras.","605.1",NA
"Κατασκευάζουμε νέα καταστήματα κράτησης, ολοκληρώνουμε την μετεγκατάσταση του Κορυδαλλού, δίνουμε έμφαση στην εκπαίδευση και την επανένταξη των κρατουμένων.","Constructing new detention facilities, completing the relocation of Korydallos, focusing on training and reintegration of detainees.","605.1",NA
"E3. ΑΜΥΝΑ","E3. DEFENCE","H",NA
"Συνέχιση του εξοπλιστικού προγράμματος και εξασφάλιση επάρκειας.","Continue the arms programme and ensure adequacy.","104",NA
"Ενίσχυση Εθνικής Αμυντικής Βιομηχανίας με πενταετές σχέδιο για την περαιτέρω αναβάθμισή της.","Strengthen the National Defence Industry with a five-year plan for its further upgrading.","104",NA
"Η Ελλάδα αποκτά 24 αεροσκάφη τύπου Rafale, 3 (+1) φρεγάτες Belharra, αναβαθμίζει 83 αεροσκάφη F-16 στην κορυφαία έκδοση Viper.","Greece acquires 24 Rafale aircraft, 3 (+1) Belharra frigates, upgrades 83 F-16 aircraft to the top-of-the-line Viper version.","104",NA
"Βρίσκονται σε εξέλιξη 19 προγράμματα ύψους 11,5 δις ευρώ για την προμήθεια αεροσκαφών F-35, την αναβάθμιση μαχητικών αεροσκαφών F-16 Block 50 και την απόκτηση 3 νέων κορβετών του Πολεμικού Ναυτικού.","There are 19 programmes worth €11.5 billion underway for the procurement of F-35 aircraft, the upgrade of F-16 Block 50 fighter aircraft and the acquisition of 3 new naval corvettes.","104",NA
"Αξιοποίηση στρατιωτικής θητείας για απόκτηση νέων δεξιοτήτων των οπλιτών που θα αξιοποιήσουν στη ζωή τους ως πολίτες.","Use of military service to acquire new skills for soldiers to use in their civilian lives.","104",NA
"Έμφαση στην προετοιμασία και την αντιμετώπιση νέων απειλών και υβριδικών μεθόδων πολέμου.","Focus on preparing for and countering new threats and hybrid warfare methods.","104",NA
"E4.","E4.","H",NA
"ΜΕΤΑΝΑΣΤΕΥΣΗ","TRANSITION","H",NA
"Ολοκλήρωση μέχρι το τέλος του 2025 της επέκτασης του Φράχτη του Έβρου.","Completion by the end of 2025 of the expansion of the Evros Fence.","601.2",NA
"Αύξηση σε σχέση με το 2022, κατά 15% ανά έτος, μέχρι το 2027 του αριθμού των επαναπατριζόμενων.","Increase by 15% per year, compared to 2022, the number of returnees by 2027.","601.2",NA
"Έμφαση στην εποχική εργασία και υλοποίηση διεθνών διμερών συμφωνιών για την προσέλκυση ατόμων ειδικών δεξιοτήτων σε κρίσιμους τομείς της εθνικής οικονομίας όπως η πρωτογενής παραγωγή, οι κατασκευές, ο τουρισμός, η τεχνολογία.","Focus on seasonal work and implement international bilateral agreements to attract people with specific skills in critical sectors of the national economy such as primary production, construction, tourism, technology.","602.2",NA
"Κοινωνική Ένταξη πρώην ασυνόδευτων νέων στην Ελλάδα (Helios Junior), με σκοπό να διευκολυνθεί η ένταξή τους στην αγορά εργασίας και η μετάβασή τους στην ανεξάρτητη διαβίωση.","Social Integration of former unaccompanied youth in Greece (Helios Junior), with the aim of facilitating their integration into the labour market and their transition to independent living.","607.2",NA
"E5. ΠΟΛΙΤΙΚΗ ΠΡΟΣΤΑΣΙΑ","E5. POLITICAL PROTECTION","H",NA
"Νέο Πυροσβεστικό Σώμα.","New Fire Brigade.","411",NA
"Σχεδιασμός της νέας δομής και του τρόπου λειτουργίας του Πυροσβεστικού Σώματος, πρόσληψη 500 νέων στελεχών.","Design of the new structure and functioning of the Fire Brigade, recruitment of 500 new staff.","411",NA
"Αναβάθμιση ολοκληρωμένου πληροφοριακού συστήματος διαχείρισης συμβάντων και στόλου Πυροσβεστικού Σώματος.","Upgrade of integrated incident and fleet management information system of the Fire Brigade.","411",NA
"Προμήθεια σύγχρονων αμφίβιων αεροσκαφών πυρόσβεσης για τα νησιωτικά συμπλέγματα και 5+2 Canadair νέου τύπου, καθώς και πυροσβεστικών οχημάτων μεγάλης κλίμακας.","Procurement of modern amphibious fire-fighting aircraft for island complexes and 5+2 Canadair of new type, as well as large-scale fire-fighting vehicles.","411",NA
"Αναβάθμιση και επέκταση του δικτύου Μετεωρολογικών Σταθμών της χώρας, με στόχο την έγκαιρη προειδοποίηση φυσικών καταστροφών.","Upgrade and expand the country's network of meteorological stations to provide early warning of natural disasters.","411",NA
"Ενίσχυση του συστήματος 112 και διασύνδεσή του με το πληροφοριακό σύστημα Πολιτικής Προστασίας.","Strengthen the 112 system and interconnect it with the Civil Protection Information System.","411",NA
"Προμήθεια και εγκατάσταση συστημάτων έγκαιρης προειδοποίησης (early warning systems).","Procure and install early warning systems.","411",NA
"Νέες μεθοδολογίες εκτίμησης και αξιολόγησης κινδύνου.","New risk assessment and evaluation methodologies.","411",NA
"ΠΟΛΙΤΙΚΗ ΔΕΣΜΕΥΣΗ (2023): Μείωση ασφαλιστικών εισφορών και του μη μισθολογικού κόστους. - Σταδιακή μείωση κατά μία επιπλέον μονάδα των ασφαλιστικών εισφορών και του μη μισθολογικού κόστους. Λιγότερες εισφορές, μεγαλύτερος μισθός για όλους.",NA,NA,NA
"ΠΟΛΙΤΙΚΗ ΔΕΣΜΕΥΣΗ (2023): Αύξηση συντάξεων. - Νέα αύξηση 3,4% στις συντάξεις από 1/1/2024. Οι επικουρικές συντάξεις και τα εφάπαξ απονέμονται εντός δύο μηνών.",NA,NA,NA
"ΠΟΛΙΤΙΚΗ ΔΕΣΜΕΥΣΗ (2023): Μείωση τέλους επιτηδεύματος για το 2025. - Σταδιακή μείωση 20% του τέλους επιτηδεύματος το 2025, 30% το 2026 καικατάργηση έως το τέλος της τετραετίας το 2027.",NA,NA,NA
"ΠΟΛΙΤΙΚΗ ΔΕΣΜΕΥΣΗ (2023): Απαλλαγή φαρμακευτικής δαπάνης. - Μονιμοποιείται η πλήρης απαλλαγή πρώην δικαιούχων Επιδόματος Κοινωνικής Αλληλεγγύης Συνταξιούχων (Ε.Κ.Α.Σ.), από τη συμμετοχή τους στη φαρμακευτική δαπάνη.",NA,NA,NA
ΠΟΛΙΤΙΚΗ ΔΕΣΜΕΥΣΗ (2023): Αύξηση κατώτατου μισθού εντός της τετραετίας. - Αύξηση κατώτατου μισθού στα 950 € εντός της τετραετίας. O κατώτατος μισθός θα αναπροσαρμόζεται βάσει του μέσου όρου του μισθού πλήρους απασχόλησης στον ιδιωτικό τομέα.,NA,NA,NA
"ΠΟΛΙΤΙΚΗ ΔΕΣΜΕΥΣΗ (2023): Αυξήσεις των μεσαίων μισθών. - Αύξηση του μέσου μισθού πάνω από 25% μέσα στην τετραετία 2023-2027 (στα 1.500 ευρώ από 1.170 ευρώ). Σταδιακή μείωση κατά μία επιπλέον μονάδα των ασφαλιστικών εισφορών και του μη μισθολογικού κόστους. Λιγότερες εισφορές, μεγαλύτερος μισθός για όλους.",NA,NA,NA
"ΠΟΛΙΤΙΚΗ ΔΕΣΜΕΥΣΗ (2023): Ψηφιοποίηση Επαγγελματικής Κατάρτισης. - Ψηφιακή Πύλη Προγραμμάτων κατάρτισης &amp; νέα ψηφιακή πλατφόρμα σύγχρονες, εξατομικευμένες υπηρεσίες σε ανέργους, όπως η χαρτογράφηση δεξιοτήτων και η ανάπτυξη των ατομικών λογαριασμών δεξιοτήτων. Νέο σύστημα αξιολόγησης και Εθνικό Μητρώο Παρόχων Επαγγελματικής Κατάρτισης.",NA,NA,NA
ΠΟΛΙΤΙΚΗ ΔΕΣΜΕΥΣΗ (2023): Διενέργεια αυστηρών ελέγχων από την επιθεώρηση εργασίας. - Διενέργεια αυστηρών ελέγχων από την επιθεώρηση εργασίας για την απαρέγκλιτη τήρηση της εργατικής νομοθεσίας. Ανάρτηση εβδομαδιαίας αναφοράς με τους ελέγχους που γίνονται σε πανελλαδικό επίπεδο.,NA,NA,NA
"ΠΟΛΙΤΙΚΗ ΔΕΣΜΕΥΣΗ (2023): Στεγαστική Πολιτική «Σπίτι μου» - Διατίθενται 1,8 δις ευρώ σε συνολικά 137.000 νέους δικαιούχους έως 39 ετών για τη Νέα Στεγαστική Πολιτική «Σπίτι μου» με φθηνά στεγαστικά δάνεια",NA,NA,NA
"ΠΟΛΙΤΙΚΗ ΔΕΣΜΕΥΣΗ (2023): Προσιτά ρυθμιζόμενα ενοίκια και παροχή δωρεάν στέγης. - Προσιτά ρυθμιζόμενα ενοίκια και παροχή δωρεάν στέγης σε ευάλωτους πολίτες και οικογένειες. Ανέγερση 2.500 κοινωνικών κατοικιών και ανακαίνιση 4.000 κενών κατοικιών, ιδιοκτησίας του δημοσίου οι οποίες παραδίδονται με εξαιρετικά ευνοϊκούς όρους σε δικαιούχους.",NA,NA,NA
"ΠΟΛΙΤΙΚΗ ΔΕΣΜΕΥΣΗ (2023): Ανέγερση 2.500 κοινωνικών κατοικιών. - Ανέγερση 2.500 κοινωνικών κατοικιών και ανακαίνιση 4.000 κενώνκατοικιών, ιδιοκτησίας του δημοσίου οι οποίες παραδίδονται με εξαιρετικάευνοϊκούς όρους σε δικαιούχους.",NA,NA,NA
"ΠΟΛΙΤΙΚΗ ΔΕΣΜΕΥΣΗ (2023): Αναβάθμιση Επαγγελματικής εκπαίδευσης. - Ενίσχυση του θεσμού της μαθητείας και Αναβάθμιση Επαγγελματικών Λυκείων. Επικαιροποίηση των προγραμμάτων σπουδών και αναβάθμιση των υποδομών στις Επαγγελματικές Σχολές Μαθητείας. Επέκταση του θεσμού των Πειραματικών ΕΠΑΣ και ενιαίος τρόπος λειτουργίας των ΕΠΑΛ, όπως τα Πρότυπα ΕΠΑΛ.",NA,NA,NA
"ΠΟΛΙΤΙΚΗ ΔΕΣΜΕΥΣΗ (2023): Αναβάθμιση παιδικής φροντίδας. - Αυξάνονται κατά 50.000 οι θέσεις για βρέφη και νήπια σε βρεφονηπιακούς σταθμούς, συστήνονται 150 νέα Κέντρα Δημιουργικής Απασχόλησης Παιδιών, διευρύνεται το ωράριο λειτουργίας παιδικών σταθμών ως τις 17:30, θεσμοθετούνται χώροι φύλαξης και φροντίδας παιδιών σε μεγάλες επιχειρήσεις. 40.000 θέσεις φύλαξης νηπίων και παιδιών μέσω του προγράμματος «Νταντάδες της γειτονιάς».",NA,NA,NA
ΠΟΛΙΤΙΚΗ ΔΕΣΜΕΥΣΗ (2023): Επέκταση πρότυπων και πειραματικών σχολείων. - Επέκταση πρότυπων και πειραματικών σχολείων: 150 Πρότυπα και Πειραματικά Σχολεία μέχρι το 2027.,NA,NA,NA
"ΠΟΛΙΤΙΚΗ ΔΕΣΜΕΥΣΗ (2023): Διπλασιασμός Προτύπων και Πειραματικών Σχολείων. - Διπλασιασμός Προτύπων και Πειραματικών Σχολείων, επιδίωξη και επιβράβευση της αριστείας, η σημαία στον πρώτο σε βαθμολογία. Παράλληλα, εφαρμογή αξιολόγησης των θεσμών με στόχο τη βελτίωση της εκπαιδευτικής πολιτικής.",NA,NA,NA
ΠΟΛΙΤΙΚΗ ΔΕΣΜΕΥΣΗ (2023): Αυξάνεται αφορολόγητο για οικογένειες με παιδιά. - Αυξάνεται από 1/1/2024 το αφορολόγητο κατά 1.000 ευρώ για οικογένειες που έχουν παιδιά.,NA,NA,NA
ΠΟΛΙΤΙΚΗ ΔΕΣΜΕΥΣΗ (2023): Αύξηση επιδόματος μητρότητας. - Αυξάνεται το επίδομα μητρότητας στους ελεύθερους επαγγελματίες και τους αγρότες από τους 4 στους 9 μήνες στο ύψος του κατώτατου μισθού (από 150 έως 200 ευρώ που είναι σήμερα).,NA,NA,NA
ΠΟΛΙΤΙΚΗ ΔΕΣΜΕΥΣΗ (2023): Μείωση του ιδιωτικού χρέους και στήριξη ευάλωτων δανειοληπτών. - Μείωση του ιδιωτικού χρέους και στήριξη ευάλωτων δανειοληπτών με προστασία της πρώτης κατοικίας. Δυνατότητα επαναγοράς της πρώτης κατοικίας μετά από 12 χρόνια.,NA,NA,NA
ΠΟΛΙΤΙΚΗ ΔΕΣΜΕΥΣΗ (2023): Σύνδεση σιδηροδρόμου. - Σύνδεση σιδηροδρόμου με τα μεγάλα λιμάνια της χώρας.,NA,NA,NA
"ΠΟΛΙΤΙΚΗ ΔΕΣΜΕΥΣΗ (2023): Αύξηση των δαπανών του προϋπολογισμού για την υγεία και ενίσχυση του ιατρικού και νοσηλευτικού προσωπικού. - •	Αύξηση του νοσηλευτικού προσωπικού κατά 10.000 εργαζομένους ώστε να φθάσουμε τον Ευρωπαϊκό μέσο όρο με 2,2 νοσηλευτές ανά κλίνη.•	Ψηφιακός μετασχηματισμός Υγείας. Ενίσχυση του συστήματος ηλεκτρονικής συνταγογράφησης. Ολοκλήρωση του Ατομικού Ηλεκτρονικού Φακέλου Υγείας. Αναβάθμιση των ψηφιακών υποδομών στα νοσοκομεία. Επέκταση και ανάπτυξη των μητρώων ασθενών.• Μείωση του χρόνου αναμονής για ραντεβού σε εξωτερικά ιατρεία νοσοκομείων κατά 80% έως το 2027 και ανάπτυξη πλήρους ψηφιακής εφαρμογής για ραντεβού για το σύνολο των δημόσιων δομών υγείας.",NA,NA,NA
"ΠΟΛΙΤΙΚΗ ΔΕΣΜΕΥΣΗ (2023): Αναμόρφωση του Ειδικού Μισθολογίου των 20.000 γιατρών του ΕΣΥ, με αύξηση του βασικού μισθού και των επιδομάτων ευθύνης. - Αναμόρφωση του Ειδικού Μισθολογίου των 20.000 γιατρών του ΕΣΥ, με αύξηση του βασικού μισθού και των επιδομάτων ευθύνης. Η αύξηση θα είναι, μεσοσταθμικά, της τάξης του 10% επί του συνόλου των αποδοχών τους.",NA,NA,NA
"ΠΟΛΙΤΙΚΗ ΔΕΣΜΕΥΣΗ (2023): Έμφαση σε επενδύσεις στο τομέα της βιομηχανίας, της εκπαίδευσης, του πολιτισμού και της υγείας. - • Αναβάθμιση Βιομηχανικής Περιοχής Δράμας.• Κατασκευή 12/θέσιου δημοτικού σχολείου Κάτω Νευροκοπίου.• Επέκταση – αναμόρφωση της μονάδας εντατικής θεραπείας (Μ.Ε.Θ.) και του τμήματος επειγόντων περιστατικών (Τ.Ε.Π.)του Γ.Ν. Δράμας.• Υποστήριξη διοργάνωσης του φεστιβάλ ταινιών μικρού μήκους Δράμας.",NA,NA,NA
"ΠΟΛΙΤΙΚΗ ΔΕΣΜΕΥΣΗ (2023): Διασυνοριακά έργα και επενδύσεις στο τομέα της ενέργειας, των οδικών και των ναυτικών υποδομών. - • Κατασκευή Μεθοριακού Σταθμού Κήπων.• Υλοποίηση Project LNG Βόρειας Ελλάδος.• Κατασκευή Ανατολικής Περιφερειακής Οδού Αλεξανδρούπολης.• Αναβάθμιση λιμενικών εγκαταστάσεων – επέκταση κρηπιδωμάτων στο Λιμάνι Καμαριώτισσας Νήσου Σαμοθράκης.",NA,NA,NA
"ΠΟΛΙΤΙΚΗ ΔΕΣΜΕΥΣΗ (2023): Επενδύσεις στους τομείς της βιομηχανίας, της υγείας και του τουρισμού. - • Αναβάθμιση Βιομηχανικής Περιοχής Καβάλας.• Έργα αναβάθμισης Γενικού Νοσοκομείου Καβάλας.• Ολοκληρωμένο πρόγραμμα ενίσχυσης του τουριστικού προορισμού «Καβάλα» με βασικό άξονα την ανάπτυξη του παράκτιου μετώπου του λιμένα «Απόστολος Παύλος».",NA,NA,NA
"ΠΟΛΙΤΙΚΗ ΔΕΣΜΕΥΣΗ (2023): Αναβάθμιση των φοιτητικών εστιών του ΔΠΘ και ανακαίνιση των Κεντρών Υγείας Ξάνθης. Χρηματοδότηση για την επέκταση του οδικού δικτύου. - • Συντήρηση - ανακαίνιση φοιτητικών εστιών στην πανεπιστημιούπολη Ξάνθης, ΔΠΘ.• Κατασκευή τμήματος «Σμίνθη –Εχίνος» επί του Κάθετου άξονα της Εγνατίας οδού Ξάνθη - Εχίνος -Ελληνοβουλγαρικά σύνορα.• Ανακαίνιση Κέντρων Υγείας Ξάνθης.",NA,NA,NA
"ΠΟΛΙΤΙΚΗ ΔΕΣΜΕΥΣΗ (2023): Χρηματοδότηση έργων στους τομείς της ενέργειας, της άρδευσης, του πολιτισμού και του τουρισμού. Αναβάθμιση της ΒΙΠΕ Κομοτηνής και ανακαίνιση του αρχαιολογικού μουσείου της πόλης. - • Εναλλακτική σύνδεση του νέου σταθμού παραγωγής ηλεκτρικής ενέργειας «Θερμοηλεκτρική Κομοτηνής» στο τμήμα του αγωγού δυτικά του LVS.• Κατασκευή Φράγματος Ιάσμου.• Αναβάθμιση Βιομηχανικής Περιοχής Κομοτηνής.• Ανακαίνιση αρχαιολογικού μουσείου Κομοτηνής και οργάνωση της μόνιμης έκθεσης.• Επαναπροκήρυξη διαγωνισμού για την εκμίσθωση του Ξενία Κομοτηνής για 30+20 χρόνια.",NA,NA,NA
ΠΟΛΙΤΙΚΗ ΔΕΣΜΕΥΣΗ (2023): Βελτίωση του οδικού δικτύου και ολοκλήρωση του έργου κατασκευής Μετρό. Επενδύσεις στους τομείς της παιδείας και της υγείας. - • Κατασκευή αυτοκινητοδρόμου που θα εξασφαλίσει οριστική λύση στο κυκλοφοριακό πρόβλημα της πόλης.• Ολοκλήρωση έργων για το Μετρό της Θεσσαλονίκης.• Αναβάθμιση στις Φοιτητικές Εστίες Πανεπιστημίων Δυτικής Μακεδονίας και Θράκης.• Κατασκευή Νέου Ογκολογικό Νοσοκομείου Θεσσαλονίκης «Νέο Θεαγένειο».,NA,NA,NA
"ΠΟΛΙΤΙΚΗ ΔΕΣΜΕΥΣΗ (2023): Σημαντικά έργα αρδευτικού χαρακτήρα και αντιπλημμυρικής προστασίας, καθώς επίσης και έργα ενεργειακής αναβάθμισης με υποδομές φυσικού αερίου καθώς και έργα ανάπλασης κομβικής σημασίας για την τοπική οικονομίας. - -Μελέτη, χρηματοδότηση, κατασκευή και τεχνική διαχείριση του Αρδευτικού Δικτύου Αλμωπαίου-Χρηματοδότηση την επέκταση του Δικτύου Φυσικού Αερίου στην Πέλλα.-Εργο αντιπλημμυρικής προστασίας στον Ποταμό Εδεσσαίο και στο Χείμαρρο Τόπλιτσα.ενοποίηση του τουριστικού με το εμπορικό κέντρο της Έδεσσας",NA,NA,NA
"ΠΟΛΙΤΙΚΗ ΔΕΣΜΕΥΣΗ (2023): Προτεραιότητα δίνεται σε σημαντικά οδικά έργα αλλά και παράλληλη ενίσχυση των ιατρικών υποδομών με νέο εξοπλισμό για το Γενικό Νοσοκομείο Γρεβενών, μεγάλη επίσης προσήλωση δίνεται και στην ανάπλαση οικισμών και την δημιουργία εκπαιδευτικών υποδομών από το Πανεπιστήμιο Δυτικής Μακεδονίας. - -Βελτίωση οδικού δικτύου Γρεβενών - Βασιλίτσας-Δημιουργία Εκπαιδευτικού Αστρονομικού Πάρκου ΟΡΛΙΑΚΑ στο Νομό Γρεβενών από το Πανεπιστήμιο Δυτικής Μακεδονίας-Προμήθεια ιατροτεχνολογικού εξοπλισμού στο Γενικό Νοσοκομείο Γρεβενών-Ανάπλαση και οικιστική αναβάθμιση οικιστικών συνόλων Δήμου Γρεβενών",NA,NA,NA
"ΠΟΛΙΤΙΚΗ ΔΕΣΜΕΥΣΗ (2023): Κύρια έμφαση σε έργα διευθέτησης φυσικού περιβάλλοντος, αντιπλημμυρικής προστασίας και ύδρευσης ενώ ταυτόχρονα θα προωθηθεί και ο κλάδος της επιχειρηματικότητας και της τοπικής οικονομίας αναφορικά με τον κλάδο της γούνας. - -Διευθέτηση κοίτης ποταμού Αλιάκμονα στην περιοχή Δασυλλίου – Σκάλκης Άργους Ορεστικού-Έργα αντιπλημμυρικής προστασίας στον ποταμό Αλιάκμονα-Αντικατάσταση εσωτερικού δικτύου ύδρευσης πόλης Καστοριάς-Κατασκευή φράγματος Νεστορίου-Ενίσχυση επιχειρήσεων του κλάδου γούνας",NA,NA,NA
"ΠΟΛΙΤΙΚΗ ΔΕΣΜΕΥΣΗ (2023): Ιδιαίτερη προσήλωση σε θέματα ενεργειακών υποδομών τροφοδότησης και περιβαλλοντικής αναβάθμισης, ενώ ταυτόχρονα υπάρχει μέριμνα στον τομέα της παιδείας με την δημιουργία μεγάλου εκπαιδευτικού συγκροτήματος. - -Αντιπλημμυρική προστασία νοτιοδυτικής πλευράς πόλης Κοζάνης-Μονάδα Συμπαραγωγής Ηλεκτρισμού και Θερμότητας Υψηλής Απόδοσης (ΣΗΘΥΑ) με ΜΕΚ φυσικού αερίου ≥ 65MWth-Τροφοδότηση της τηλεθέρμανσης Πτολεμαΐδας με θερμική ενέργεια από τη μονάδα V του ΑΗΣ Πτολεμαΐδας-Πράσινο Κέντρο Δεδομένων και Υπερυπολογιστή Δυτικής Μακεδονίας-Πολύ-λειτουργικό Συγκρότημα της Ζώνης Ενεργού Πολεοδομίας Κοζάνης",NA,NA,NA
"ΠΟΛΙΤΙΚΗ ΔΕΣΜΕΥΣΗ (2023): Δημιουργία έργων φυσικού αερίου και ηλεκτρικής ενέργειας με συνολική ενεργειακή αναβάθμιση, καθώς επίσης και αναβάθμιση στο οδικό δίκτυο. - -Κάθετος Άξονας 50 Πτολεμαΐδα - Φλώρινα, κατά τμήματα-Επιχορήγηση της Δημόσιας Επιχείρησης Δικτύων Διανομής Αερίου Ανώνυμη Εταιρεία(ΔΕΔΑΑ.Ε.) για την υλοποίηση του έργου “Ανάπτυξη δικτύων Φυσικού Αερίου χαμηλής και μέσης πίεσης στην πόλη της Φλώρινας”-ντικατάσταση συστημάτων θέρμανσης με συστήματα φυσικού αερίου στην πόλη της Φλώρινας-Έργα ηλεκτρικής ενέργειας Φλώρινας-Βελτίωση και αναβάθμιση υφιστάμενων κτιριακών υποδομών του Πανεπιστημίου Δυτικής Μακεδονίας στη Φλώρινα",NA,NA,NA
"ΠΟΛΙΤΙΚΗ ΔΕΣΜΕΥΣΗ (2023): Ενίσχυση των του οδικού δικτύου, των συστημάτων ύδρευσης αλλά και των πολιτιστικών υποδομών καθώς και γενικότερη αναβάθμιση περιβαλλοντικών χώρων. - •	Κατασκευή του ισόπεδου κόμβου στη συμβολή της παράκαμψης Αθαμανίου με την Εθνική Οδό Άρτας–Τρικάλων.•	Φράγμα Κομποτίου Ν. Άρτας και συνοδά αρδευτικά έργα•	Αποχέτευση ακαθάρτων οικισμών Δήμου Αρταίων•	Αξιοποίηση του πολιτιστικού κτιρίου Ξενία Άρτας και αναβάθμιση του περιβάλλοντος χώρου του Κάστρου.",NA,NA,NA
"ΠΟΛΙΤΙΚΗ ΔΕΣΜΕΥΣΗ (2023): Κύρια έμφαση σε λιμενικά έργα με επίκεντρο την Ηγουμενίτσα αλλά και αναβάθμιση ύδρευσης και επεξεργασίας και διάθεσης λυμάτων, ενώ ιδιαίτερη σημασία δίνεται και στα ζητήματα περιβαλλοντικής ανάπτυξης. - •	Νέος Λιμένας Ηγουμενίτσας•	Διευθέτηση του οριοθετημένου τμήματος του ρέματος «Γκούρας», εντός εγκεκριμένου σχεδίου πόλης οικισμού Νέας Σελεύκειας•	Έργα συλλογής, μεταφοράς, επεξεργασίας και διάθεσης λυμάτων για την εξυπηρέτηση των οικισμών Συβότων, Πλαταριάς, Πέρδικας και Αρίλλα Δήμου Ηγουμενίτσας",NA,NA,NA
"ΠΟΛΙΤΙΚΗ ΔΕΣΜΕΥΣΗ (2023): Ιδιαίτερη σημασία σε επεκτατικά έργα οδικών δικτύων, στο επίκεντρο επίσης βρίσκονται έργα περιβαλλοντικής ανάπλασης και προστασίας των υδάτων, καθώς και δημιουργία κέντρου Πολιτικής Προστασίας ενώ θα υπάρξει μέριμνα για την αναβάθμιση του Πανεπιστημίου Ιωαννίνων. - • Επέκταση Ιονίας Οδού: Τμήμα Ιωάννινα - Κακαβιά• Κατασκευή ενός διώροφου κτιρίου με υπόγειο στην Πανεπιστημιούπολη Ιωαννίνων• Ολοκληρωμένη διαχείριση λυμάτων Δήμου Ιωαννιτών για την προστασία της λίμνης Παμβώτιδας • Παρεμβάσεις αναζωογόνησης του αστικού περιβάλλοντος Δήμου Ιωαννιτών• Δημιουργία Περιφερειακού Κέντρου Πολιτικής Προστασίας Ηπείρου μέσω ΣΔΙΤ",NA,NA,NA
ΠΟΛΙΤΙΚΗ ΔΕΣΜΕΥΣΗ (2023): Μέριμνα για έργα ενεργειακής απόδοσης και αναδόμηση του οδικού δικτύου για την αναβάθμιση του αρχαιολογικού χώρου Νικόπολης. Παράλληλη αναβάθμιση για το δίκτυο ύδρευσης της Πρέβεζας συνολικά. - •	Παράκαμψη Νικόπολης - συγκοινωνιακά έργα ανάδειξης αρχαιολογικού χώρου Νικόπολης Περιφέρειας Ηπείρου•	Αναβάθμιση δικτύου ύδρευσης Πρέβεζας•	Βελτίωση ενεργειακής απόδοσης των υποδομών ύδρευσης Δήμου Ζηρού,NA,NA,NA
"ΠΟΛΙΤΙΚΗ ΔΕΣΜΕΥΣΗ (2023): Έργα για την αναβάθμιση των υποδομών άρδευσης και υγείας. Αποκατάσταση αρχαιολογικών χώρων στην περιφέρεια. - • Επέκταση, βελτίωση και εκσυγχρονισμός υποδομών ύδρευσης της Δημοτικής Ενότητας Καρδίτσας.• Αναβάθμιση υποδομών ΒΙ.ΠΕ. Καρδίτσας.• Ανακαίνιση Κέντρου Υγείας Παλαμά και Σοφάδων.• Αποκατάσταση και ανάδειξη του αρχαϊκού ναού του Απόλλωνα στην Καρδίτσα.",NA,NA,NA
"ΠΟΛΙΤΙΚΗ ΔΕΣΜΕΥΣΗ (2023): Έμφαση στην υλοποίηση έργων για τη βελτίωση του οδικού δικτύου, του συστήματος ύδρευσης και της ΒΙ.ΠΕ. Λάρισας. - • Οδική σύνδεση της Λάρισας με τα Φάρσαλα.• Αναβάθμιση αγωγών μεταφοράς νερού και κατασκευή νέων δεξαμενών ύδρευσης Δήμου Λαρισαίων.• Αναβάθμιση υποδομών στη ΒΙ.ΠΕ. Λάρισας.• Ανάπτυξη Φωτοβολταϊκού (ΦΒ) Σταθμού στη Π.Ε. Λάρισας.",NA,NA,NA
ΠΟΛΙΤΙΚΗ ΔΕΣΜΕΥΣΗ (2023): Έργα για τη βελτίωση του οδικού δικτύου και του συστήματος ύδρευσης. Επενδύσεις στο τομέα της διαχείρισης και επεξεργασίας αποβλήτων. Κατασκευή νέου λιμένα στην Αλόννησο και αξιοποίηση του αεροδρομίου της Νέας Αγχιάλου. - • Αποκατάσταση οδοστρωμάτων Δήμου Βόλου• Αξιοποίηση του αεροδρομίου της Νέας Αγχιάλου• Εκσυγχρονισμός του εσωτερικού δικτύου ύδρευσης του Πολεοδομικού Συγκροτήματος των Ενοτήτων Βόλου και Ν. Ιωνίας για την εξασφάλιση επαρκούς πόσιμου νερού• Μονάδα Επεξεργασίας Αποβλήτων Περιφερειακής Ενότητας Μαγνησίας•	Κατασκευή νέου λιμένα στον όρμο Σπαρτίνες Αλοννήσου,NA,NA,NA
ΠΟΛΙΤΙΚΗ ΔΕΣΜΕΥΣΗ (2023): Έμφαση στην επέκταση του οδικού δικτύου. Κατασκευή αρδευτικού δικτύου και επενδύσεις για την τόνωση της επιχειρηματικότητας και την ενίσχυση του αθλητισμού στη περιφέρεια. - •	Κατασκευή του τμήματος Τρίκαλα – Εγνατία του αυτοκινητοδρόμου Κεντρικής Ελλάδας Ε65•	Κατασκευή αρδευτικού δικτύου Ν. Τρικάλων•	Αγροτική οδοποιία•	Ανοικτό Κέντρο Εμπορίου Δήμου Μετεώρων•	Κατασκευή Κλειστού Γυμναστηρίου Πύλης,NA,NA,NA
"ΠΟΛΙΤΙΚΗ ΔΕΣΜΕΥΣΗ (2023): Χρηματοδότηση σε έργα βελτίωσης του οδικού δικτύου, των θαλάσσιων μεταφορών και των υποδομών ύδρευσης του νησιού. Δημιουργία Ειδικού Σχολείου Ζακύνθου. - • Αντιμετώπιση των επιπτώσεων στις δημόσιες υποδομές στη Ζάκυνθο και το σύμπλεγματωνΣτροφάδων νήσων από το σεισμό της 26ης Οκτωβρίου 2018• Έργα βελτίωσης, λειτουργικότητας, προστασίας και ασφάλειας ναυσιπλοΐας λιμένος Ζακύνθου και Αγ. Νικολάου Βολιμών Ζακύνθου• Βελτίωση υποδομών ύδρευσης Δήμου Ζακύνθου• Ειδικό Δημοτικό και Νηπιαγωγείο Ζακύνθου",NA,NA,NA
"ΠΟΛΙΤΙΚΗ ΔΕΣΜΕΥΣΗ (2023): Επενδύσεις σε έργα βελτίωσης του οδικού δικτύου και των θαλασσίων μεταφορών. Κατασκευή μονάδας αφαλάτωσης στο Ληξούρι. Χρηματοδότηση για την αποκατάσταση πολιτιστικών χώρων. - •	Βελτίωση του Οδικού άξονα Αργοστόλι – Πόρος της Π.Ε. Κεφαλονιάς•	Παραχώρηση υπηρεσιών λειτουργίας λιμένος (υπηρεσίες ελλιμενισμού και λοιπές υπηρεσίες) και τουδικαιώματος χρήσης, λειτουργίας, διαχείρισης και εκμετάλλευσης των περιουσιακών στοιχείων εντόςτης χερσαίας και της θαλάσσιας ζώνης της Μαρίνας Αργοστολίου•	Κατασκευή λιμένα Πεσσάδας Κεφαλονιάς•	Μονάδα αφαλάτωσης στο Ληξούρι Κεφαλονιάς•	Αποκατάσταση θεάτρου Ληξουρίου",NA,NA,NA
"ΠΟΛΙΤΙΚΗ ΔΕΣΜΕΥΣΗ (2023): Έμφαση σε επενδύσεις στο τομέα του οδικού δικτύου, των θαλάσσιων μεταφορών και των υποδομών ύδρευσης. Ανέγερση νέων σχολείων. - •	Κατασκευή Οδού Τρία Γεφύρια - Βρυώνη στην Κέρκυρα•	Επέκταση - βελτίωση λιμένα Μαθρακίου Κέρκυρας, ολοκλήρωση λιμένα Αυλάκια Οθωνών, βελτίωση υποδομών λιμένα Αγίου Στεφάνου Αυλιωτών•	Υλοποίηση έργου ύδρευσης Νότιας Κέρκυρας και νήσου Παξών•	Ανέγερση σχολικού κεντρικού συγκροτήματος Γουβίων-Κοντοκαλίου, 4ου Ενιαίου Λυκείου Κέρκυρας και Δημοτικού Σχολείου Γαστουρίου Κέρκυρας",NA,NA,NA
"ΠΟΛΙΤΙΚΗ ΔΕΣΜΕΥΣΗ (2023): Κατασκευή υποθαλάσσιας σήραγγας για την ένωση του Ιονίου με την Αιτωλοακαρνανία, επενδύσεις για την τόνωση του τουρισμού και των θαλασσίων μεταφορών. - •	Κατασκευή της Υποθαλάσσιας Σήραγγας Λευκάδας που θα ενώσει το νησί του Ιονίου με την Αιτωλοακαρνανία•	Αγκυροβόλιο τουριστικών σκαφών Βασιλικής Λευκάδας•	Κατασκευή εξωποτάμιας λιμνοδεξαμενής στην περιοχή της Βασιλικής•	Δημιουργία Μαρίνας στη Θέση Βλυχός Λευκάδας•	VIP Exclusive Club στη νήσο του Σκορπιού",NA,NA,NA
"ΠΟΛΙΤΙΚΗ ΔΕΣΜΕΥΣΗ (2023): Έργα για τη βελτίωση του οδικού δικτύου, των υποδομών ύδρευσης και την ενίχυση του τουρισμού. - • Παράκαμψη Χαλκίδας και παράκαμψη Ψαχνών• Συντήρηση οδικού δικτύου ΠΕ Ευβοίας• Συνέχιση του έργου οδός Ραπταίοι Στύρα• Βελτίωση υποδομών ύδρευσης Δήμου Ιστιαίας Αιδηψού• Βελτίωση δασικών δρόμων• Αξιοποίηση και ανάδειξη του κέντρου ιαματικού τουρισμού – θερμαλισμού Αιδηψού- Διαχείριση και διανομή ιαματικού πόρου",NA,NA,NA
"ΠΟΛΙΤΙΚΗ ΔΕΣΜΕΥΣΗ (2023): Έργα για τη βελτίωση του οδικού δικτύου, τη συντήρηση κτιρίων και τη διαχείριση βιοαποβλήτων . - • Συντήρηση και βελτίωση Αγροτικής Οδοποιίας στον Δήμο Ορχομενού• Βελτίωση πρόσβασης αγροτικής οδοποιίας του Δήμου Αλιάρτου-Θεσπιέων• Οδοστρωσία αναγνωρισμένων κοινόχρηστων αγροτικών οδών εντός αναδασμών του Δήμου Λεβαδέων• Προμήθεια εξοπλισμού για την εφαρμογή προγραμμάτων χωριστής συλλογής αστικών βιοαποβλήτων στο Δήμο Θηβαίων• Αποκατάσταση και συντήρηση κτιρίων της Ιερά Μητρόπολης Θηβών και Λιβαδειάς",NA,NA,NA
"ΠΟΛΙΤΙΚΗ ΔΕΣΜΕΥΣΗ (2023): Έργα για τη βελτίωση του οδικού δικτύου, των υγειονομικών υποδομών και την ενίχυση του τουρισμού. - •	Συντήρηση οδικού δικτύου ΠΕ Ευρυτανίας•	Κατασκευή νέας γέφυρας στη θέση «Τέμπλα», επί της Επαρχιακής Οδού Βελαώρα–Τοπολιανά – Βρουβιανά (Αιτωλοακαρνανίας)•	Αναβάθμιση εγκαταστάσεων Χιονοδρομικού Κέντρου Καρπενησίου•	Ανακαίνιση κέντρου υγείας Δυτικής Φραγκίστας",NA,NA,NA
"ΠΟΛΙΤΙΚΗ ΔΕΣΜΕΥΣΗ (2023): Έργα για τη βελτίωση του οδικού και σιδηροδρομικού δικτύου, ενίσχυση της βιομηχανικής δραστηριότητας και των θαλάσσιων μεταφορών. - •	Συντήρηση οδικού δικτύου Φθιώτιδας•	Συντήρηση σιδηροδρομικών γραμμών στην περιοχή δικαιοδοσίας του τμήματος συντήρησης γραμμής Λαμίας•	Κατασκευή λιμένα Αγίου Κωνσταντίνου•	Αναβάθμιση ΒΙΠΕ Λαμίας",NA,NA,NA
"ΠΟΛΙΤΙΚΗ ΔΕΣΜΕΥΣΗ (2023): Έργα για τη βελτίωση του οδικού δικτύου, ενίσχυση του εμπορίου και των θαλάσσιων μεταφορών. Πορώθηση της τουριστικής ανάπτυξης της περιοχής. - • Βελτίωση Οδικού Άξονα Λαμία – Ιτέα – Αντίρριο, Τμήμα: Τέλος Παράκαμψης Γραβιάς- Ισόπεδος Κόμβος Μεταλλείων Βωξίτη• Αναβάθμιση προβλήτα λιμένα Ιτέας• Ανοικτό Κέντρο Εμπορίου Άμφισσας• Διαγωνισμός για την εκμίσθωση του Ξενία Δελφών",NA,NA,NA
"ΠΟΛΙΤΙΚΗ ΔΕΣΜΕΥΣΗ (2023): Επενδύσεις στον τομέα της διαχείρισης αποβλήτων, της διανομής ενέργειας αλλά και βελτίωση στο οδικό και το σιδηροδρομικού δίκτυο της Περιφέρειας. - •	Προμήθεια, εγκατάσταση και θέση σε λειτουργία αναβάθμισης ηλεκτρομηχανολογικού εξοπλισμού της Εγκατάστασης Επεξεργασίας Λυμάτων Αρχαίας Επιδαύρου•	Υλοποίηση δικτύων διανομής ενέργειας στο Άργος και στο Ναύπλιο•	Βελτίωση Επαρχιακής Οδού από κόμβο Αρχαίας Νεμέας - Δερβενάκια – Μυκήνες Νομού Αργολίδας",NA,NA,NA
ΠΟΛΙΤΙΚΗ ΔΕΣΜΕΥΣΗ (2023): Έργα στους τομείς της αντιπλημμυρικής προστασίας και της μεταφοράς ενέργειας. Έμφαση στην διατήρηση του φυσικού περιβάλλοντος. - •	Αντιπλημμυρική προστασία Τρίπολης•	Αγωγός μεταφοράς ενέργειας EastMed Pipeline•	Πρόγραμμα Προστασίας των Περιοχών Άνευ Δρόμων στο Μαίναλο,NA,NA,NA
"ΠΟΛΙΤΙΚΗ ΔΕΣΜΕΥΣΗ (2023): Έργα ανάπτυξης στο λιμάνι της Πάτρας, βελτίωση του οδικού δικτύου της περιφέρειας και επενδύσεις στον τομέα του σιδηροδρομικού δικτύου. - •	Κατασκευή και ανάπτυξη νέου εμπορικού τμήματος (containers) στον νέο λιμένα•	Βελτίωση συνθηκών διακίνησης των εμπορικών δραστηριοτήτων του λιμένα με την δημιουργία ενός σύγχρονου στεγασμένου χώρου αποθήκευσης. Ταυτόχρονη εξυπηρέτηση περισσότερων ή μεγαλύτερου μήκους πλοίων, όπως κρουαζιερόπλοια.•	Επενδύσεις για την βελτίωση του αυτοκινητοδρόμου Πάτρα-Πύργος•	Ολοκλήρωση της νέας διπλής σιδηροδρομικής γραμμής ΚιάτοΠάτρα στο τμήμα Ρίο - νέος λιμένας Πατρών•	Πρόγραμμα εκσυγχρονισμού του σιδηροδρομικού άξονα Αθήνας-Πάτρας",NA,NA,NA
"ΠΟΛΙΤΙΚΗ ΔΕΣΜΕΥΣΗ (2023): Επενδύσεις στους τομείς της άρδευσης, του οδικού δικτύου και της εκπαίδυεσης. Έμφαση στην αστική αναζωογόνηση της πόλης της Σπάρτης. - • Κατασκευή φράγματος Κελεφίνας Ν. Λακωνίας• Κατασκευή νέας γέφυρας ΣΚΑΛΑΣ Λακωνίας• Αστική αναζωογόνηση της πόλης της Σπάρτης•	Ίδρυση Ακαδημίας Εμπορικού Ναυτικού (Α.Ε.Ν.) Λακωνίας και προμήθεια εκπαιδευτικού εξοπλισμού αυτής",NA,NA,NA
ΠΟΛΙΤΙΚΗ ΔΕΣΜΕΥΣΗ (2023): Αναβάθμιση του αεροδρομίου της Καλαμάτας και επενδύσεις στους τομείς της εκπαίδευσης και της πράσινης μετάβασης. - •	Αναβάθμιση αεροδρομίου Καλαμάτας•	Ανέγερση Δημόσιας Σχολής Εμπορικού Ναυτικού•	Ενεργειακή αναβάθμιση και εφαρμογή δράσεων εξοικονόμησης ενέργειας στο Γενικό Νοσοκομείο Μεσσηνίας - Νοσηλευτική Μονάδα Καλαμάτας,NA,NA,NA
"ΠΟΛΙΤΙΚΗ ΔΕΣΜΕΥΣΗ (2023): Επενδύσεις για τη δημιουργία Νέου Διεθνούς Αερολιμένα και την αναβάθμιση της ΒΙ.ΠΕ. Ηρακλείου. Χρηματοδότηση για την υποστήριξη της υγείας, της εκπαίδευσης και των αρχαιολογικών χώρων. - •	Κατασκευή Νέου Διεθνούς Αερολιμένα Ηρακλείου (Καστέλι)•	Έργα αναβάθμισης ΒΙ.ΠΕ. Ηρακλείου•	Προστασία και ανάδειξη Αρχαιολογικού Χώρου Φαιστού•	Δημιουργία Σχολείου Ευρωπαϊκής Εκπαίδευσης στο Ηράκλειο•	Κατασκευή χειρουργείων ημέρας στο Πανεπιστημιακό Γενικό Νοσοκομείο Ηρακλείου ΠΑΓΝΗ",NA,NA,NA
"ΠΟΛΙΤΙΚΗ ΔΕΣΜΕΥΣΗ (2023): Έργα για την συντήρηση και αναβάθμιση υποδομών και αρχαιολογικών χώρων στη περιφέρεια. Σχέδιο ηλεκτροδότησης Νήσου Σπιναλόγκας. - •	Ανάπλαση χερσαίας λιμενικής ζώνης Ιεράπετρας•	Ηλεκτροδότηση Νήσου Σπιναλόγκας•	Στερέωση & αποκατάσταση κοιτώνων λεπροκομείου και νοσοκομείου Σπιναλόγκας - Συντήρηση Αρχαιολογικών Χώρων ""Πύργος"" και ""Φούρνου Κορυφή"" Μύρτου Ιεράπετρας",NA,NA,NA
"ΠΟΛΙΤΙΚΗ ΔΕΣΜΕΥΣΗ (2023): Αναβάθμιση του λιμένα Ρεθύμνου, παροχή χρηματοδότησης για σχέδια πράσινης ανάπτυξης και επιχειρηματικότητας. - •	Αποκατάσταση λειτουργικών βαθών και επισκευή - ενίσχυση της θωράκισης του λιμένα Ρεθύμνου•	Δράσεις ηλεκτροκίνησης στο Δήμο Ρεθύμνης•	Δημιουργία Ανοικτών Κέντρων Εμπορίου στο Δήμου Μυλοποτάμου και το Δήμο Ρεθύμνου",NA,NA,NA
"ΠΟΛΙΤΙΚΗ ΔΕΣΜΕΥΣΗ (2023): Έμφαση στις επενδύσεις σε έργα αναβάθμισης των λιμένων και το τουρισμό. Διεύρυνση των ιατρικών πτερύγων του Γενικού Νοσοκομείου Χανίων και γενικότερη βελτίωση υποδομών στην περιφέρεια. - •	Γέφυρα ποταμού Κερίτη Αποκατάσταση της λίθινης γέφυρας του ποταμού Κερίτη του Δήμου Πλατανιά•	Έργα επέκτασης - βελτίωσης και λειτουργία του λιμένα Σούδας Χανίων, αναβάθμιση των λιμένων Παλαιοχώρας και Σφακίων•	Ανέγερση νέας Ψυχιατρικής Πτέρυγας στο Γενικό Νοσοκομείο Χανίων•	Ανάπτυξη Τουριστικού και Παραθεριστικού Θερέτρου",NA,NA,NA
"ΠΟΛΙΤΙΚΗ ΔΕΣΜΕΥΣΗ (2023): Μείωση του φόρου συγκέντρωσης κεφαλαίων από 0,5% σε 0,2%. Μείωση 50% του φόρου χρηματιστηριακών συναλλαγών. Σταδιακή κατάργηση του τέλους επιτηδεύματος έως το 2027. - •	Μείωση του φόρου συγκέντρωσης κεφαλαίων από 0,5% σε 0,2%. Μείωση 50% του φόρου χρηματιστηριακών συναλλαγών. •	Σταδιακή μείωση 20% του τέλους επιτηδεύματος το 2025, 30% το 2026 και κατάργηση έως το τέλος της τετραετίας το 2027, με ταυτόχρονη αύξηση της φορολογικής συμμόρφωσης.",NA,NA,NA
ΠΟΛΙΤΙΚΗ ΔΕΣΜΕΥΣΗ (2023): Επανένταξη της χώρας στην επενδυτική βαθμίδα. Επαναφορά και διατήρηση του πληθωρισμού στο 2%. - Η χώρα επιτυγχάνει μέσο ρυθμό ανάπτυξης 3% και το δημόσιο χρέος μειώνεται στο 140% του ΑΕΠ το 2027 και στο 120% του ΑΕΠ το 2030. Επαναφορά και διατήρηση του πληθωρισμού στο 2%.,NA,NA,NA
"ΠΟΛΙΤΙΚΗ ΔΕΣΜΕΥΣΗ (2023): Αύξηση επενδύσεων κατά 70% έως το 2027. Διπλασιασμός δημόσιων επενδύσεων έως το 2030. Υψηλοί ρυθμοί απορρόφησης πόρων ΤΑΑ και ΕΣΠΑ. Αύξηση εξαγωγών στο 70% του ΑΕΠ σε βάθος 7ετίας. Υλοποίηση επενδυτικού προγράμματος σε όλη την Ελλάδα. Αποπλοίηση μεταβιβάσεων ακινήτων και έκδοσης όλων των αδειών για επενδυτικά σχέδια ανεξαρτήτως κλίμακας. - • Αύξηση επενδύσεων κατά 70% έως το 2027. Διπλασιασμός δημόσιων επενδύσεων έως το 2030. Υψηλοί ρυθμοί απορρόφησης πόρων ΤΑΑ και ΕΣΠΑ.• Αύξηση εξαγωγών στο 60% του ΑΕΠ έως το 2027 και 70% έως το 2030 με έμφαση στις εξαγωγές προϊόντων και υπηρεσιών υψηλής τεχνολογίας.• Υλοποίηση προγράμματος άνω των 2 δις ευρώ, με έργα υποδομής σε κάθε περιφέρεια και δήμο της χώρας.•	Ολοκλήρωση Εθνικού και Αρχαιολογικού Κτηματολογίου. Διασφαλίζεται η ιδιωτική και δημόσια περιουσία, απλοποιούνται οι μεταβιβάσεις ακινήτων και η έκδοση όλων των αδειών για επενδυτικά σχέδια ανεξαρτήτως κλίμακας.",NA,NA,NA
"ΠΟΛΙΤΙΚΗ ΔΕΣΜΕΥΣΗ (2023): Πρόσβαση σε 17 δις ευρώ φθηνού δανεισμού με χαμηλά επιτόκια σε επιχειρήσεις, με στόχο την υλοποίηση επενδύσεων πράσινου και ψηφιακού μετασχηματισμού μέσω του Ταμείου Ανάκαμψης. Δημιουργία επιχειρηματικών πάρκων και αύξηση μεριδίου μεταποίησης. - •	Δημιουργία 2 μεγάλων κέντρων στην Αθήνα και στην Θεσσαλονίκη. Επιπλέον 2,5 δις ευρώ κρατικές ενισχύσεις για τη στρατηγική αυτονομία, την οργανωμένη χωροθέτηση εντός επιχειρηματικών πάρκων και την «έξυπνη μεταποίηση» της ελληνικής βιομηχανίας. Αξιοποίηση νέων εργαλείων για τη μείωση του ενεργειακού κόστους των επιχειρήσεων.•	Αύξηση μεριδίου μεταποίησης στο 15% του ΑΕΠ με την εφαρμογή της εθνικής μας στρατηγικής για τη βιομηχανία και την εξωστρέφεια των ελληνικών επιχειρήσεων.",NA,NA,NA
ΠΟΛΙΤΙΚΗ ΔΕΣΜΕΥΣΗ (2023): Yψηλής ποιότητας κατάρτιση 700.000 ανέργων και εργαζομένων σε δεξιότητες με υψηλή ζήτηση και σταδιακή μείωση του ποσοστού ανεργίας. - Η ανεργία μειώνεται κάτω από 10% το 2025 και κάτω από 8% το 2027 με τη δημιουργία νέων και καλά αμειβόμενων θέσεων εργασίας.,NA,NA,NA
"ΠΟΛΙΤΙΚΗ ΔΕΣΜΕΥΣΗ (2023): Αύξηση της συχνότητας των δρομολογίων στα Μ.Μ.Μ. και αύξηση των λεωφορείων σε Αθήνα και Θεσσαλονίκη. Έμφαση στην αποσυμφόρηση των δρόμων στους αστικούς ιστούς και στην μείωση των τροχαίων ατυχημάτων. - • Αύξηση της συχνότητας των δρομολογίων στα Μ.Μ.Μ. και αύξηση των λεωφορείων σε Αθήνα και Θεσσαλονίκη. Έμφαση στην αποσυμφόρηση των δρόμων στους αστικούς ιστούς και στην μείωση των τροχαίων ατυχημάτων.• Αύξηση συχνότητας δρομολογίων λεωφορείων ΟΑΣΑ και ΟΑΣΘ (ανά 5 – 10 λεπτά τις ώρες αιχμής). Αύξηση συχνότητας δρομολογίων Αττικού Μετρό σε 1,5 λεπτό τις ώρες αιχμής.• Προμήθεια 650 λεωφορείων μηδενικών ρύπων σε Αθήνα και Θεσσαλονίκη, προϋπολογισμού 337 εκ. €. Έως το 2027 θα κυκλοφορούν 2000 αστικά λεωφορεία στην Αθήνα και 600 στη Θεσσαλονίκη •	5-10 λεπτά χρονοαπόστασης στα λεωφορεία στις ώρες αιχμής & 1,5 λεπτό χρονοαπόστασης στις ώρες αιχμής στο μετρό",NA,NA,NA
"ΠΟΛΙΤΙΚΗ ΔΕΣΜΕΥΣΗ (2023): Επικαιροποίηση κανονισμού ΕΛΓΑ, επιστροφή ΕΦΚ στο Diesel και για το 2023, αύξηση γεωργικών εκτάσεων και επέκταση αρδευτικών έργων. Οριστική κατάργηση του τέλους επιτηδεύματος και προώθηση των συλλογικών σχημάτων για το αγροτικό εμπόριο. - •	Δικαιότερες και ταχύτερες αποζημιώσεις για όλους τους δικαιούχους με την επικαιροποίηση κανονισμού ΕΛΓΑ•	Επιστροφή ΕΦΚ στο Diesel στους αγρότες και για το 2023. •	Νέα αρδευτικά έργα σε όλη την επικράτεια και εκσυγχρονισμός των ΤΟΕΒ και ΓΟΕΒ, που θα αρδεύουν περισσότερα από 1,3 εκ στρέμματα και θα ωφελήσουν πάνω από 100.000 αγρότες.•	Εμπορία αγροτικών προϊόντων (τυποποιημένων) δια μέσω αγροτικών συλλογικών σχημάτων από το 18% στο 27% το 2027.•	Αύξηση γεωργικών εκτάσεων για παραγωγή βιολογικών προϊόντων από το 9,1% στο 16,4% το 2027.•	Αύξηση του αριθμού των κατ’επάγγελμα νέων αγροτών κατά 60.000 μέχρι το 2027.•	Οριστική κατάργηση του τέλους επιτηδεύματος για τους κατά κύριο επάγγελμα αγρότες.",NA,NA,NA
"ΠΟΛΙΤΙΚΗ ΔΕΣΜΕΥΣΗ (2023): Εξορθολογισμός διαδικασίας φοίτησης και θέσπιση ανώτατου ορίου φοίτησης Ν+2/Ν+3. Υλοποίηση Εσωτερικού Erasmus και διπλών προπτυχιακών προγραμμάτων. - •	Εκσυγχρονισμός των προγραμμάτων, εσωτερικό Erasmus, ενίσχυση της πρακτικής άσκησης, κοινά και διπλά προπτυχιακά προγράμματα σπουδών, προγράμματα σπουδών δευτερεύουσας κατεύθυνσης (minor degrees), αξιοποίηση των νέων τεχνολογιών στη διδασκαλία, με νέο•	πιο αξιοκρατικό, πιο διαφανές σύστημα εκλογής και εξέλιξης Μελών Δ.Ε.Π., με νέο μοντέλο διοίκησης, με θέσπιση αναπτυξιακών εργαλείων για την αναβάθμιση των ΑΕΙ, με εκσυγχρονισμό του πλαισίου λειτουργίας των Ειδικών Λογαριασμών Κονδυλίων Έρευνας.•	Θεσμικό πλαίσιο ΔΟΑΤΑΠ, που καθιστά τη διαδικασία αναγνώρισης πτυχίων του εξωτερικού πιο άμεση και απλή και εξορθολογίζει τον οργανισμό, θέτοντας τέλος στις ατομικές αιτήσεις και τη γραφειοκρατία.•	Ελάχιστη Βάση Εισαγωγής (ΕΒΕ) για την εισαγωγή στα ΑΕΙ•	Ανώτατο όριο φοίτησης Ν+2/Ν+3.",NA,NA,NA
"ΠΟΛΙΤΙΚΗ ΔΕΣΜΕΥΣΗ (2023): Έμφαση στη Βιώσιμη Τουριστική Ανάπτυξη και προώθηση του εγχώριου τουρισμού. Αναβάθμιση τουριστικών υποδομών στα νησιά, πρόγραμμα κατάρτισης για εργαζομένους στον κλάδο. - •	Βιώσιμη Τουριστική Ανάπτυξη με ολοκλήρωση ειδικού χωροταξικού πλαισίου για Τουρισμό και έργα υποδομών ύψους 230 εκατ. ευρώ. Αναβάθμιση τουριστικών λιμένων, δημιουργία 10 τουριστικών μαρινών και αναβάθμιση λιμενικών υποδομών.•	Προγράμματα κατάρτισης για τουλάχιστον 180,000 εργαζόμενους στον τουρισμό σε νέες ειδικότητες σύμφωνα με τις ανάγκες της αγοράς χωρίς γεωγραφικούς περιορισμούς.•	Ενίσχυση της ζήτησης του εγχώριου τουρισμού, μέσω της συνέχισης του προγράμματος Τουρισμός για όλους. Καθιέρωση πολιτικών προσβάσιμου τουρισμού.",NA,NA,NA
"ΠΟΛΙΤΙΚΗ ΔΕΣΜΕΥΣΗ (2023): Ολοκλήρωση νέων εμβληματικών μουσείων όπως το Εθνικό Αρχαιολογικό Μουσείο, Συντήρηση, αποκατάσταση και ανάδειξη μνημείων και αρχαιολογικών χώρων μεταξύ αυτών και των μνημείων UNESCO, υλοποίηση «Εθνικής πολιτικής οπτικοακουστικών μέσων και κινηματογράφου». Ενίσχυση ερασιτεχνικού αθλητισμού, κατασκευές και αναβαθμίσεις αθλητικών εγκαταστάσεων. - •	Ολοκλήρωση νέων εμβληματικών μουσείων: Εθνικό Αρχαιολογικό Μουσείο, Μουσείο Ενάλιων Αρχαιοτήτων Πειραιά, Μετατροπή του Ανακτόρου Τατοΐου σε Μουσείο, Αρχαιολογικό Μουσείο Ελευσίνας.•	Συντήρηση, αποκατάσταση και ανάδειξη μνημείων και αρχαιολογικών χώρων μεταξύ αυτών και των μνημείων UNESCO με πόρους του Ταμείου Ανάκαμψης (Αρχαία Ολυμπία, Φίλιπποι, Κνωσός, Φαιστός, Δελφοί, Τίρυνθα, Μυστράς, Μονεμβασιά, Φρούρια της Κέρκυρας).•	Εθνική πολιτική οπτικοακουστικών μέσων και κινηματογράφου. Δημιουργία νέου φορέα για τα οπτικοακουστικά, τον κινηματογράφο και την πνευματική ιδιοκτησία, έτσι ώστε να στηριχθεί η ελληνική κινηματογραφία και παράλληλα να ενθαρρυνθούν οι ξένες επενδύσεις•	Ενίσχυση ερασιτεχνικού αθλητισμού. Μητρώα σωματείων, εγκαταστάσεων, διοικήσεων και αθλητών. Ψηφιακή μετάβαση του ερασιτεχνικού αθλητισμού, χρηστή διοίκηση. Ενίσχυση πόρων του ερασιτεχνικού αθλητισμού μέσω της φορολογίας του στοιχηματισμού.•	Κατασκευές και αναβαθμίσεις αθλητικών εγκαταστάσεων.",NA,NA,NA
"ΠΟΛΙΤΙΚΗ ΔΕΣΜΕΥΣΗ (2023): Νέες θέσεις εργασίας για νέους έως 29 ετών και υλοποίηση πολιτικής με στόχο την αύξηση του αριθμού των επαναπατριζόμενων. - •	Μόνιμο πρόγραμμα 10.000 νέων θέσεων εργασίας κάθε έτος για νέους έως 29 ετών με ελάχιστη ή περιορισμένη εργασιακή εμπειρία, με κάλυψη 50% του κόστους των ασφαλιστικών εισφορών για 6 μήνες για κάθε νέα πρόσληψη.•	Αύξηση σε σχέση με το 2022, κατά 15% ανά έτος, μέχρι το 2027 του αριθμού των επαναπατριζόμενων.",NA,NA,NA
"ΠΟΛΙΤΙΚΗ ΔΕΣΜΕΥΣΗ (2023): Αύξηση κατά 8% του Ελάχιστου Εγγυημένου Εισοδήματος από 1/4/2024 και αναβάθμιση ελέγχου κοινωνικών επιδομάτων. - Αναβάθμιση ελέγχου κοινωνικών επιδομάτων. Με δημιουργία ηλεκτρονικής βάσης για όλα τα επιδόματα ανά δικαιούχο, αυτοματοποιημένο έλεγχο κριτηρίων, συγκέντρωση επιδομάτων σε μία βάση και εναρμόνιση κριτηρίων. Λιγότερη ταλαιπωρία για τους δικαιούχους, περισσότερη διαφάνεια.",NA,NA,NA
"ΠΟΛΙΤΙΚΗ ΔΕΣΜΕΥΣΗ (2023): 5.000 αστυνομικοί αποδεσμεύονται από δευτερεύουσες υπηρεσίες γραφείου και ενισχύουν τις υπηρεσίες πρώτης γραμμής, αξιοποιώντας την ψηφιοποίηση των υπηρεσιών. Εφοδιασμός αστυνομικών πρώτης γραμμής με κάμερες και νέα καταστήματα κράτησης. - • 5.000 αστυνομικοί αποδεσμεύονται από δευτερεύουσες υπηρεσίες γραφείου και ενισχύουν τις υπηρεσίες πρώτης γραμμής, αξιοποιώντας την ψηφιοποίηση των υπηρεσιών.• Ενίσχυση Λογοδοσίας και αντιμετώπιση της αστυνομικής αυθαιρεσίας. Εφοδιασμός των αστυνομικών πρώτης γραμμής με κάμερες • Κατασκευάζουμε νέα καταστήματα κράτησης, ολοκληρώνουμε την μετεγκατάσταση του Κορυδαλλού, δίνουμε έμφαση στην εκπαίδευση και στην επανένταξη των κρατουμένων. •	Έξυπνη και στοχευμένη αντιμετώπιση της εγκληματικότητας με επιχειρησιακές παρεμβάσεις για την αντιμετώπιση της σε τοπικό επίπεδο. Δίνουμε έμφαση στην αξιοποίηση πληροφοριών και στην ανάλυση δεδομένων. Ενίσχυση πεζών και εποχούμενων περιπολιών.",NA,NA,NA
"ΠΟΛΙΤΙΚΗ ΔΕΣΜΕΥΣΗ (2023): Δημιουργία ομάδων προστασίας εντός των πανεπιστημίων με αποτρεπτικό χαρακτήρα. Παράλληλα, η αστυνομία μπορεί να παρεμβαίνει στους πανεπιστημιακούς χώρους για την αντιμετώπιση της εγκληματικότητας, όπου υπάρχει. - • Εφαρμογή του πλαισίου για την ασφάλεια και την προστασία της ακαδημαϊκής ελευθερίας, το οποίο συμπεριλαμβάνει ελεγχόμενη είσοδο στα ΑΕΙ, εκπόνηση σχεδίων ασφαλείας, σύστασηΕπιτροπής Ασφάλειας και Προστασίας, ίδρυσηΜονάδας Ασφαλείας και Προστασίας, καθώς και δημιουργία Ομάδας Προστασίας Πανεπιστημιακών Ιδρυμάτων.",NA,NA,NA
"ΠΟΛΙΤΙΚΗ ΔΕΣΜΕΥΣΗ (2023): Δημιουργία ενός συνεκτικού, απλού και σύγχρονου πλαισίου για την αστική αναζωογόνηση και την ανάπλαση των πόλεων, των οικισμών και των τμημάτων αυτών. Μέσω του πλαισίου αυτού ο φορέας ανάπλασης θα δύναται να εκπονήσει και να υλοποιήσει προγράμματα κλιματικής ουδετερότητας, έξυπνης πόλης, διαχείρισης αρχιτεκτονικής κληρονομιάς κ.ά. - •	Δίνουμε τη δυνατότητα παρέμβασης για την αποκατάσταση και επανάχρηση των εγκαταλελειμμένων κτισμάτων ή τμημάτων κτισμάτων που εντοπίζονται σε φορέα διαχείρισης -υπό ειδικώς οριζόμενες προϋποθέσεις- σεβόμενοι το δικαίωμα της ιδιοκτησίας, αλλά και σε ορισμένες περιπτώσεις, την αδυναμία ή την απουσία ενδιαφέροντος αποκατάστασης από πλευράς των ιδιοκτητών. Στόχος είναι να αποφευχθεί ή να αρθεί ο κίνδυνος για τη δημόσια υγεία και την ασφάλεια που προκαλείται από τα εγκαταλελειμμένα κτίσματα, η αναβάθμιση των περιοχών με πλήθος τέτοιων κτιρίων, η αξιοποίηση των ήδη υφιστάμενων κτισμάτων, η προστασία της πολιτιστικής κληρονομιάς.•	Βελτιώνουμε τις ρυθμίσεις για της ρυμοτομικές απαλλοτριώσεις για τη διασφάλιση των κοινοχρήστων χώρων.•	Δημιουργούμε πλαίσιο για την αδειοδότηση και λειτουργία πιλοτικών εγκαταστάσεων πλωτών φωτοβολταϊκών συστημάτων παραγωγής ηλεκτρικής ενέργειας σε θαλάσσιο χώρο, δεδομένου ότι η υπερκαινοτόμος τεχνολογία των πλωτών φωτοβολταϊκών συνιστά μια εξαιρετικά φιλική για το περιβάλλον και διεθνώς ανερχόμενη μέθοδο παραγωγής ενέργειας, που μπορεί να λειτουργήσει ταυτόχρονα και ως μοχλός ανάπτυξης για την ελληνική οικονομία.•	Επιλύουμε επιμέρους πολεοδομικά ζητήματα με στόχο την επίσπευση των διαδικασιών, την αποφυγή ταλαιπωρίας των πολιτών και την ανάπτυξη",NA,NA,NA
"ΠΟΛΙΤΙΚΗ ΔΕΣΜΕΥΣΗ (2023): Δημιουργία νέων βάσεων για πρωτογενή διάσωση και αεροδιακομιδές, ανακαίνιση και εκσυγχρονισμός νοσοκομείων και κέντρων υγείας. - •	Δημιουργία έξι νέων βάσεων για πρωτογενή διάσωση και αεροδιακομιδές για την αμεσότερη εξυπηρέτηση των πολιτών •	Ανακαίνιση και εκσυγχρονισμός 80 νοσοκομείων και 156 κέντρων υγείας, δημιουργία 315 μονάδων τηλεϊατρικής",NA,NA,NA
"ΠΟΛΙΤΙΚΗ ΔΕΣΜΕΥΣΗ (2023): Ολοκλήρωση του Φράχτη του Έβρου. Αύξηση των επαναπατριζόμενων και υλοποίηση πολιτικής για την προσέλκυση ατόμων ειδικών δεξιοτήτων σε κρίσιμους τομείς της εθνικής οικονομίας όπως η πρωτογενής παραγωγή, οι κατασκευές, ο τουρισμός, η τεχνολογία. - •	Ολοκλήρωση μέχρι το τέλος του 2025 της επέκτασης του Φράχτη του Έβρου.•	Αύξηση σε σχέση με το 2022, κατά 15% ανά έτος, μέχρι το 2027 του αριθμού των επαναπατριζόμενων.•	Έμφαση στην εποχική εργασία και υλοποίηση διεθνών διμερών συμφωνιών για την προσέλκυση ατόμων ειδικών δεξιοτήτων σε κρίσιμους τομείς της εθνικής οικονομίας όπως η πρωτογενής παραγωγή, οι κατασκευές, ο τουρισμός, η τεχνολογία.",NA,NA,NA
"ΠΟΛΙΤΙΚΗ ΔΕΣΜΕΥΣΗ (2023): Το 80% ηλεκτροπαραγωγής θα προέρχεται από ΑΠΕ στα επόμενα χρόνια, ενώ το 1/5 των ΙΧ θα είναι μηδενικών ή χαμηλών ρύπων. Παράλληλα, είναι απαραίτητο να γίνει προώθηση στον τομέα της έρευνας κοιτασμάτων Φυσικού αερίου αλλά και ένταξη στις διεθνείς συνδέσεις μεταφοράς φυσικού αερίου, - • Μέσα σε 6 χρόνια το 80% της ηλεκτροπαραγωγής προέρχεται από ανανεώσιμες πηγές ενέργειας.• Το 20% των ΙΧ οχημάτων είναι μηδενικών ή χαμηλών ρύπων έως το 2027.• Προώθηση έρευνας κοιτασμάτων Φυσικού αερίου. Κατασκευή νέων σταθμών εισαγωγής LNG, αναβάθμιση Συστήματος Μεταφοράς φυσικού αερίου, διεθνείς διασυνδέσεις φυσικού αερίου.",NA,NA,NA
"ΠΟΛΙΤΙΚΗ ΔΕΣΜΕΥΣΗ (2023): Συνέχιση του εξοπλιστικού προγράμματος, αξιοποίηση θεσμού στρατιωτικής θητείας και προετοιμασία για την αντιμετώπιση νέων απειλών και υβριδικών μορφών πολέμου. - •	Συνέχιση του εξοπλιστικού προγράμματος και εξασφάλιση επάρκειας. Ενίσχυση Εθνικής Αμυντικής Βιομηχανίας με πενταετές σχέδιο για την περαιτέρω αναβάθμισή της.•	Αξιοποίηση στρατιωτικής θητείας για απόκτηση νέων δεξιοτήτων των οπλιτών που θα αξιοποιήσουν στη ζωή τους ως πολίτες.•	Έμφαση στην προετοιμασία και στην αντιμετώπιση νέων απειλών και υβριδικών μεθόδων πολέμου.",NA,NA,NA
"ΠΟΛΙΤΙΚΗ ΔΕΣΜΕΥΣΗ (2023): Εκκίνηση της διαδικασίας για μια γενναία Συνταγματική Αναθεώρηση και ενίσχυση της Λογοδοσίας και διασφάλιση της Διαφάνειας στο Δημόσιο στο πλαίσιο μίας πολυεπίπεδης διακυβέρνησης. - • Εκκίνηση της διαδικασίας για μια γενναία Συνταγματική Αναθεώρηση που θα απελευθερώσει κοινωνικές δυνάμεις και θα εκσυγχρονίσει αναχρονιστικές διατάξεις (πχ άρθρο 16 για λειτουργία μη κρατικών ΑΕΙ).• Ενίσχυση της Λογοδοσίας και διασφάλιση της Διαφάνειας στο Δημόσιο.•	Ανακατανομή αρμοδιοτήτων μεταξύ κεντρικού κράτους, αποκεντρωμένης διοίκησης, Περιφέρειας και Δήμου, λειτουργία πολυεπίπεδης διακυβέρνησης.",NA,NA,NA
"ΠΟΛΙΤΙΚΗ ΔΕΣΜΕΥΣΗ (2023): Ψηφιακή μετάβαση μέσα από την πλήρη ψηφιοποίηση των κεντρικών αρχείων του Κράτους, την αναβάθμιση των υπηρεσιών του gov.gr και την κάλυψη με 5G σχεδόν όλης της χώρας έως το 2027. - •	Πλήρης ψηφιοποίηση των κεντρικών αρχείων του Κράτους (υποθηκοφυλακείων, δικαιοσύνης, Πολεοδομιών, νοσοκομείων κ.ά) ώστε όλα τα δεδομένα να είναι άμεσα διαθέσιμα στον ενδιαφερόμενο πολίτη ή στη δημόσια υπηρεσία.•	Ένταξη του 90% των υπηρεσιών του Μίτος στο Gov.gr και απλούστευση σημαντικών διαδικασιών έως το 2027•	Το 94% της χώρας καλύπτεται με 5G έως το 2027.•	Επέκταση και αναβάθμιση των υπηρεσιών του gov.gr προς όφελος του πολίτη.•	Όλες οι πληροφορίες και τα δεδομένα διακινούνται έως το 2025 μόνο ηλεκτρονικά μεταξύ του Δημοσίου.",NA,NA,NA
"ΠΟΛΙΤΙΚΗ ΔΕΣΜΕΥΣΗ (2023): Η ασφαλής οδική σύνδεση Αγρινίου με την Ιόνια οδό. Δημιουργία μουσείου για την ανάδειξη του Πολιτιστικού αποτυπώματος στο Αγρίνιο Οικιστική ανάπλαση της Πόλης Μεσολογγίου, μέσω των προγραμμάτων «Τρίτσης» και «Φιλόδημος». - ",NA,NA,NA
ΠΟΛΙΤΙΚΗ ΔΕΣΜΕΥΣΗ (2023): Μελλοντικός στόχος η θεσμοθέτηση του γάμου για ομόφυλα ζευγάρια. - ,NA,NA,NA
ΠΟΛΙΤΙΚΗ ΔΕΣΜΕΥΣΗ (2023): Αύξηση μισθών των δημοσίων υπαλλήλων και αναμόρφωση του μισθολογίου τους από 1/1/2024. - ,NA,NA,NA
ΠΟΛΙΤΙΚΗ ΔΕΣΜΕΥΣΗ (2023): Ενίσχυση ολοήμερων προγραμμάτων. - Ελεύθερη επιλογή από γονέα της σχολικής μονάδας φοίτησης των μαθητών. Διεύρυνση της εφαρμογής του ολοήμερου σχολείου ως τις 17.30 και επέκταση εφαρμογής του διευρυμένου και ενισχυμένου ολοήμερου προγράμματος σε νηπιαγωγεία και δημοτικά σχολεία σε όλη την χώρα.,NA,NA,NA
ΠΟΛΙΤΙΚΗ ΔΕΣΜΕΥΣΗ (2023): Αύξηση αφορολόγητου. - Αύξηση αφορολόγητου 1.000 ευρώ για οικογένειες με παιδιά.,NA,NA,NA
ΠΟΛΙΤΙΚΗ ΔΕΣΜΕΥΣΗ (2023): Διατήρηση της Ελάχιστης Βάσης Εισαγωγής. Τα ίδια τα πανεπιστήμια επιλέγουν τη βαρύτητα που θα μετράει το κάθε μάθημα όπως και τις ελάχιστες βάσεις. - Διατήρηση για τουλάχιστον δύο χρόνια του συστήματος των πανελλαδικών εξετάσεων το οποίο αν μη τι άλλο διασφαλίζει το διαβλητό των εξετάσεων και την αξιοκρατική επιβράβευση των μαθητών.&nbsp;Επανεξέταση του συστήματος εισαγωγής αφού πρώτα διορθωθούν άλλες πτυχές του συστήματος που αφορούν τα σχολεία την επαγγελματική εκπαίδευση και τα πανεπιστήμια. Καθορισμός ελάχιστης βάσης για την εισαγωγή στα ανώτατα ιδρύματα.Τα ανώτατα ιδρύματα καθορίζουν τον ετήσιο αριθμό των εισακτέων και μπορούν να ορίσουν βάσεις εισαγωγής υψηλότερης της ελάχιστης βάσης.,NA,NA,NA
"ΠΟΛΙΤΙΚΗ ΔΕΣΜΕΥΣΗ (2023): Ενεργός συμμετοχή και συμβολή στο σχεδιασμό των νέων κοινών ευρωπαϊκών πολιτικών ιδίως στα θέματα εθνικού ενδιαφέροντος, στην ευρωπαϊκή αντιμετώπιση κρίσεων και νέων προκλήσεων ασφάλειας που απαιτούν τη συνεργασία των κρατών. - ",NA,NA,NA
ΠΟΛΙΤΙΚΗ ΔΕΣΜΕΥΣΗ (2023): Η Ελλάδα χρειάζεται να διαδραματίζει κεντρικό ρόλο στην Ευρωπαϊκή Ένωση και να συμμετέχει ενεργά στη διαμόρφωση των αποφάσεων που αφορούν την ειρήνη και την ασφάλεια στην Ευρώπη και στον υπόλοιπο κόσμο. - ,NA,NA,NA
"ΠΟΛΙΤΙΚΗ ΔΕΣΜΕΥΣΗ (2023): Επιτάχυνση χρόνου απονομής δικαιοσύνης στον ευρωπαϊκό μέσο όρο (λιγότερες από 500 μέρες), ψηφιοποίηση της Δικαιοσύνης, ενίσχυση του ανθρωπίνου δυναμικού και αναβάθμιση των κτιριακών υποδομών της. - ",NA,NA,NA
ΠΟΛΙΤΙΚΗ ΔΕΣΜΕΥΣΗ (2023): Αναθεώρηση και εξορθολογισμός του Συστήματος της Λιμενικής Διακυβέρνησης. Ενίσχυση νησιωτικότητας με στοχευμένες πολιτικές. - ,NA,NA,NA
"ΠΟΛΙΤΙΚΗ ΔΕΣΜΕΥΣΗ (2023): Επέκταση του μειωμένου ΦΠΑ στις μεταφορές επιβατών, τον καφέ και μη αλκοολούχα ποτά, τον κινηματογράφο, τα γυμναστήρια, τις σχολές χορού και το τουριστικό πακέτο ως το τέλος του 2023. Νέα διαδικασία για την επιστροφή ΦΠΑ. - Αναπροσαρμογή και εξορθολογισμός συστήματος τεκμηρίων (μείωση τεκμηρίων διαβίωσης κατά περίπου 30% μεσοσταθμικά) από 1/1/2025, κατόπιν υποχρεωτικής ψηφιακής εφαρμογής και ενίσχυσης των ηλεκτρονικών συναλλαγών.",NA,NA,NA
"ΠΟΛΙΤΙΚΗ ΔΕΣΜΕΥΣΗ (2023): Επέκταση του μειωμένου ΦΠΑ και νέα διαδικασία για την άμεση επιστροφή του. - •	Επέκταση του μειωμένου ΦΠΑ στις μεταφορές επιβατών, τον καφέ και μη αλκοολούχα ποτά, τον κινηματογράφο, τα γυμναστήρια, τις σχολές χορού και το τουριστικό πακέτο ως το τέλος του 2023.•	Νέα διαδικασία για την άμεση επιστροφή ΦΠΑ με τη δημιουργία νέου πληροφοριακού συστήματος ώστε να ενισχυθεί η ρευστότητα στην αγορά.",NA,NA,NA
"ΠΟΛΙΤΙΚΗ ΔΕΣΜΕΥΣΗ (2023): Ανέγερση φοιτητικών εστιών για τη στέγαση 8.500 φοιτητών μέσω ΣΔΙΤ. - Στηρίζεται η δημιουργία νέων, σύγχρονων φοιτητικών εστιών μέσα από συμπράξεις δημοσίου και ιδιωτικού τομέα για έργα πάνω από 641 εκ. € για εστίες με συνολική δυναμικότητα σχεδόν 8750 άτομα, ενώ με 52 εκ. ευρώ προχωρά ή ανάπτυξη, βελτίωση, αναβάθμιση και εκσυγχρονισμός των φοιτητικών εστιών και των υποδομών σίτισης των ΑΕΙ.",NA,NA,NA
"ΠΟΛΙΤΙΚΗ ΔΕΣΜΕΥΣΗ (2023): Ακαδημαϊκά ιδρύματα πραγματικά αυτόνομα, αυτοδιοικούμενα, αξιολογούμενα, ανταγωνιστικά σύγχρονα, εξωστρεφή, σε κοινό βηματισμό με την αγορά εργασίας. - Αξιολόγηση σε όλα τα επίπεδα.
Ενίσχυση της ερευνητικής δραστηριότητας των ιδρυμάτων.
Προσέλκυση Νέων πόρων για τα ιδρύματα επιπλέον της κρατικής χρηματοδότησης μεγαλύτερη διασύνδεση με την αγορά εργασίας",NA,NA,NA
