"text","text_en","cmp_code","eu_code"
"ΓΙΑ ΜΙΑ ΕΛΛΑΔΑ","FOR ONE GREECE",NA,NA
"ΜΕ ΑΞΙΟΠΡΕΠΕΙΑ ΚΑΙ ΑΥΤΟΠΕΠΟΙΘΗΣΗ","WITH DIGNITY AND SELF-CONFIDENCE",NA,NA
"Προοίμιο στο Πρόγραμμα του ΠΑΣΟΚ-ΚΙΝΑΛ","Preamble to the PASOK-KINAL Programme","H",NA
"Η νέα σοσιαλδημοκρατία","The new social democracy","H",NA
"Οι πολλαπλές κρίσεις των τελευταίων δεκαπέντε ετών κατέδειξαν ότι η αυτορρύθμιση των αγορών όχι μόνο δεν είναι αποτελεσματική, αλλά ούτε αυξάνει την κοινωνική ευημερία ούτε μπορεί να προσφέρει δημόσια αγαθά σε κρίσιμες περιστάσεις, όπως αυτή της πανδημίας ή των επιπτώσεων της κλιματικής αλλαγής.","The multiple crises of the last fifteen years have shown that the self-regulation of markets is not only ineffective, but neither increases social welfare nor can it deliver public goods in critical circumstances, such as that of a pandemic or the effects of climate change.","412",NA
"Το μεγάλο ζητούμενο για την ευρωπαϊκή σοσιαλδημοκρατία και τις δυνάμεις του δημοκρατικού σοσιαλισμού ανά τον κόσμο είναι να ανακτήσουμε την κυριαρχία μας στο πεδίο των ιδεών, προϋπόθεση για την επικράτησή μας στο πεδίο της πολιτικής και της διακυβέρνησης.","The great challenge for European social democracy and the forces of democratic socialism around the world is to regain our dominance in the field of ideas, a prerequisite for our dominance in the field of politics and governance.","305.1",NA
"Η σύγχρονη σοσιαλδημοκρατία έχει ως πρωταρχικό καθήκον την αναζήτηση μιας νέας πολιτικής σύνθεσης, που προσελκύει τους χαμένους της παγκοσμιοποίησης, αυτούς που βρίσκονται «εκτός» ή στις παρυφές του εργασιακού και προνοιακού συστήματος,","Modern social democracy has as its primary task the search for a new political composition, attracting the losers of globalisation, those who are 'outside' or on the margins of the labour and welfare system,","503",NA
"αλλά και τα δυναμικά μεσοστρώματα","but also the dynamic middle classes","704",NA
"και τις νέες γενιές που διατυπώνουν προωθημένα πολιτισμικά και αξιακά ζητήματα και αναζητούν πολιτική εκπροσώπηση.","and the new generations who are articulating advanced cultural and value issues and seeking political representation.","706",NA
"Το νέο κοινωνικό συμβόλαιο δεν μπορεί παρά να οργανωθεί με επίκεντρο έναν νέο συμβιβασμό κεφαλαίου- εργασίας, αλλά επ’ ωφελεία του ανίσχυρου μέρους, του κόσμου της εργασίας.","The new social contract can only be organised around a new capital-labour compromise, but for the benefit of the powerless party, the world of work.","701",NA
"Με την επεξεργασία μιας σύγχρονης πολιτικής ταυτότητας που να συλλαμβάνει και να δίνει πολιτικό σχήμα στις νέες αξιακές τάσεις της εποχής μας.","By elaborating a modern political identity that captures and gives political shape to the new value trends of our time.","701",NA
"Η κρατική παρέμβαση και η ουσιώδης σημασία του «δημοσίου» επανέρχεται στο προσκήνιο για να διασώσει τις οικονομίες, να προσφέρει δημόσια αγαθά και υπηρεσίες στους πολίτες και να εγγυηθεί τη δίκαιη και αποτελεσματική μετάβαση στην πράσινη και ψηφιακή εποχή.","State intervention and the essential importance of the 'public' is brought back to the fore to rescue economies, provide public goods and services to citizens and guarantee a just and efficient transition to the green and digital era.","416.2",NA
"Αυτό γίνεται ακόμη πιο επιτακτικό στο πλαίσιο της διαμόρφωσης ενός νέου παγκόσμιου γεωπολιτικού χάρτη και των μεγάλων προκλήσεων που καλείται να αντιμετωπίσει η ανθρωπότητα.","This becomes all the more urgent in the context of the shaping of a new global geopolitical map and the major challenges facing humanity.","107",NA
"Η κατάσταση της δημοκρατίας στον κόσμο γίνεται χρόνο με τον χρόνο χειρότερη, το μεγαλύτερο μέρος του κόσμου ζει πλέον σε χώρες με αυταρχικά καθεστώτα.","The state of democracy in the world is getting worse year by year, with most of the world now living in countries with authoritarian regimes.","202.1",NA
"Η κλιματική αλλαγή, η εξάντληση των φυσικών πόρων, οι πυρηνικοί εξοπλισμοί, οι εξελίξεις στη βιοτεχνολογία, η πανδημία και οι θηριώδεις κοινωνικές ανισότητες περιπλέκονται με την ωμή παραβίαση του διεθνούς δικαίου, την ανάδυση οικονομικών εθνικισμών και έναν αναγεννώμενο αλυτρωτισμό στην Ανατολική Ευρώπη και τα Βαλκάνια.","Climate change, the depletion of natural resources, nuclear armaments, developments in biotechnology, pandemics and savage social inequalities are complicated by the gross violation of international law, the emergence of economic nationalisms and a resurgent irredentism in Eastern Europe and the Balkans.","107",NA
"Ελλάδα","Greece","H",NA
"Στη νέα παγκόσμια και ευρωπαϊκή πραγματικότητα, η Ελλάδα καλείται να δώσει τις δικές της απαντήσεις, με τις ιδιαιτερότητες και τις αδυναμίες της, αλλά και με το κεκτημένο του ισότιμου μέλους της Ευρωπαϊκής Ένωσης και της Ευρωζώνης.","In the new global and European reality, Greece is called upon to give its own answers, with its specificities and weaknesses, but also with the acquis of an equal member of the European Union and the Eurozone.","108",NA
"Η μεγάλη αύξηση του πληθωρισμού και της ακρίβειας περισφίγγει ολοένα και περισσότερο την ελληνική, αλλά και τις ευρωπαϊκές οικονομίες.","The sharp rise in inflation and inflationary pressures are increasingly squeezing the Greek and European economies.","412",NA
"Οι κοινωνικές ανισότητες διευρύνονται,","Social inequalities are widening,","503",NA
"χιλιάδες μικρές και μεσαίες επιχειρήσεις πτωχεύουν, με αποτέλεσμα την κατάργηση πολλών θέσεων εργασίας.","thousands of small and medium-sized enterprises are going bankrupt, resulting in the elimination of many jobs.","701",NA
"Η φτώχεια και η ανεργία ξεπερνούν κατά πολύ το μέσο όρο των χωρών της ΕΕ, ενώ η δoμική αλλαγή των εργασιακών σχέσεων δημιουργεί τεράστια προβλήματα στους εργαζόμενους, με το φαινόμενο της αδήλωτης και της «μαύρης» εργασίας να είναι εκτός ελέγχου.","Poverty and unemployment are well above the EU average, while the dynamic change in labour relations is creating huge problems for workers, with the phenomenon of undeclared and black labour out of control.","701",NA
"Οι συνθήκες διαβίωσης επιδεινώνονται για μεγάλα τμήματα του λαού μας με τον πληθωρισμό να διαβρώνει με ταχύτητα την ήδη χαμηλή αγοραστική δύναμη των μισθών και συντάξεων.","Living conditions are deteriorating for large sections of our people with inflation rapidly eroding the already low purchasing power of wages and pensions.","701",NA
"Σήμερα, στην Ελλάδα, πλήττονται περισσότερο οι νέες γενιές, αυτές που κλήθηκαν να πληρώσουν, με τον πλέον επώδυνο τρόπο, τις επιλογές και τα λάθη του παρελθόντος.","Today, in Greece, it is the younger generations who are most affected, those who have been called upon to pay, in the most painful way, for the choices and mistakes of the past.","706",NA
"Στους νέους μας επικρατεί Ανασφάλεια, Απογοήτευση, Φόβος, το αίσθημα της Αδικίας και Αγωνία για το μέλλον τους.","Among our young people there is insecurity, frustration, fear, a sense of injustice and anxiety about their future.","706",NA
"Πιστεύουν ότι η όποια εξέλιξη της χώρας δεν τους αφορά.","They believe that any development of the country does not concern them.","706",NA
"Ένας μεγάλος αριθμός αμφισβητεί τη χρησιμότητα της πολιτικής και των δημοκρατικών θεσμών, την ουσία της δημοκρατίας, δεν συμμετέχει στις εκλογικές διαδικασίες, στη λειτουργία των πολιτικών κομμάτων, στα συνδικάτα, αλλά και στις εθνικές εκλογές.","A large number question the usefulness of politics and democratic institutions, the essence of democracy, do not participate in the electoral process, in the functioning of political parties, in trade unions, and in national elections.","202.1",NA
"Μια νέα ανισότητα έρχεται να προστεθεί στις ήδη υπάρχουσες, η διαγενεακή ανισότητα, η προοπτική να ζήσουν οι νέες γενιές χειρότερα από τους γονείς τους.","A new inequality is added to the existing ones, intergenerational inequality, the prospect of new generations living worse than their parents.","503",NA
"Το δημοκρατικό έλλειμμα","The democratic deficit","H",NA
"Η γενικευμένη ανασφάλεια, η αβεβαιότητα, η απογοήτευση και ο φόβος για το αύριο έχει οδηγήσει ένα πολύ μεγάλο μέρος των συμπολιτών μας, που προσεγγίζει το 50%, να αισθάνονται ότι βρίσκονται «εκτός των τειχών» της κοινωνίας.","The generalised insecurity, uncertainty, frustration and fear of tomorrow has led a very large proportion of our fellow citizens, approaching 50%, to feel that they are ""outside the walls"" of society.","606.1",NA
"«Εκτός» δεν αισθάνονται μόνον άνθρωποι που ζουν με προνοιακά επιδόματα, στα σύνορα της φτώχειας, αλλά και άνθρωποι που έχουν δουλειά, σπίτι, οικογένεια, αυτοκίνητο, μα νιώθουν πως ισορροπούν σε ένα σχοινί δίχως δίχτυ ασφαλείας, πως η ζωή τους απειλείται και πως αδικούνται σε έναν κόσμο χαοτικών ανισοτήτων.","""It is not only people living on welfare benefits, on the edge of poverty, but also people who have a job, a house, a family, a car, but who feel that they are balancing on a tightrope without a safety net, that their lives are under threat and that they are being wronged in a world of chaotic inequalities.","503",NA
"Βασική αρχή της ιδεολογίας μας είναι ότι τα πολιτικά δικαιώματα αποκτούν δημοκρατικό περιεχόμενο μόνο όταν βασίζονται σε κοινωνικά δικαιώματα.","A basic principle of our ideology is that political rights only acquire a democratic content when they are based on social rights.","503",NA
"Αυτό, το 50%, συνεπώς, αποτελεί και ένα μέτρο του «δημοκρατικού ελλείμματος» στη χώρα μας.","This 50%, therefore, is also a measure of the 'democratic deficit' in our country.","202.1",NA
"Έλλειμμα, που δεν αφορά μόνο το κράτος δικαίου, τους θεσμούς και την διακυβέρνηση, αλλά την έλλειψη εργασιακών και κοινωνικών δικαιωμάτων απαραίτητων για την συμμετοχή στην κοινωνική ζωή με αξιοπρέπεια και προοπτική.","A deficit that concerns not only the rule of law, institutions and governance, but also the lack of labour and social rights necessary for participation in social life with dignity and perspective.","503",NA
"Το «δημοκρατικό έλλειμμα» αφορά σε ένα μεγάλο και ετερόκλητο μέρος των πολιτών - αδύναμα στρώματα, ανασφαλή και συνεχώς πιεζόμενα τμήματα της μικρομεσαίας τάξης, νέες γενιές της επισφάλειας με υψηλό εκπαιδευτικό και πολιτισμικό κεφάλαιο - αφορά σε ανασφάλεια διαβίωσης, έλλειψη προοπτικής και ανεπάρκεια πολιτικής εκπροσώπησης.","The 'democratic deficit' concerns a large and disparate part of citizens - weak strata, insecure and constantly pressured sections of the lower and middle classes, new generations of precariousness with high educational and cultural capital - it concerns insecurity of livelihood, lack of perspective and inadequate political representation.","202.1",NA
"Ένα σημαντικό τμήμα της μικρής και μεσαίας τάξης βλέπει το βιοτικό της επίπεδο να υποχωρεί συνεχώς και μηδενικές προοπτικές για τα παιδιά της.","A significant part of the small and middle class sees its living standards steadily declining and zero prospects for its children.","704",NA
"Ο νέος επιστήμονας που δεν μπορεί να ανταποκριθεί στις δαπάνες στέγασης και διαβίωσης και να δημιουργήσει οικογένεια.","The young scientist who cannot meet the costs of housing and living expenses and raise a family.","704",NA
"Που απαιτεί ρυθμίσεις και ευελιξίες για τις σύγχρονες μορφές ψηφιακής εργασίας.","Who demands regulation and flexibility for modern forms of digital work.","704",NA
"Που υποστηρίζει την επιχειρηματικότητα και την δυναμικότητα του ιδιωτικού τομέα, αλλά όχι τις κρατικοδίαιτες επιχειρήσεις, τη διαφθορά και τη διαπλοκή.","Who supports entrepreneurship and private sector dynamism, but not state-owned enterprises, corruption and corruption.","401",NA
"Που απαιτεί σύγχρονη παιδεία και αποτελεσματικές δομές υποστήριξης και χρηματοδότησης για να αξιοποιήσει τις ευκαιρίες της ψηφιακής επανάστασης και των startups σε παγκόσμιο επίπεδο.","That requires modern education and effective support and funding structures to harness the opportunities of the digital revolution and startups globally.","411",NA
"Αυτό το νέο πρεκαριάτο και ιδιαίτερα οι νέες γενιές της επισφάλειας και των social media αποτελούν ένα κρίσιμο μέγεθος σήμερα.","This new precariat and especially the new generations of precariousness and social media are a critical variable today.","701",NA
"Οι γενιές αυτές νοιώθουν πιο πολύ από ποτέ outsiders ακριβώς τη στιγμή που έρχεται η ώρα να αναλάβουν τα ηνία του κόσμου.","These generations feel more like outsiders than ever just as the time comes for them to take over the reins of the world.","503",NA
"Ο κόσμος της εργασίας","The world of work","H",NA
"Οι σοσιαλδημοκράτες πιστεύουμε ότι η πραγματική κινητήριος δύναμη της οικονομικής και κοινωνικής προκοπής είναι ο κόσμος της εργασίας, η μικρή και μεσαία τάξη, και ότι για να κινηθεί και πάλι η μηχανή αυτή πρέπει να επενδύσουμε σε τρία πράγματα: σε δουλειές και απασχόληση, σε εκπαίδευση και γνώσεις, σε ευκαιρίες.","Social Democrats believe that the real engine of economic and social progress is the world of work, the small and middle class, and that to get this engine moving again we need to invest in three things: jobs and employment, education and knowledge, and opportunity.","701",NA
"Πρέπει να επικεντρώσουμε στις περιοχές αυτές, για να κάνουμε τη χώρα μας ένα μαγνήτη για καλές δουλειές,","We need to focus on these areas to make our country a magnet for good jobs,","701",NA
"να εξασφαλίσουμε ότι τα παιδιά μας, οι νέοι και οι εργαζόμενοι έχουν τα προσόντα να δουλέψουν στις θέσεις αυτές,","to ensure that our children, young people and workers are qualified to work in these jobs,","701",NA
"και να κατοχυρώσουμε το ότι η σκληρή και παραγωγική δουλειά διασφαλίζει μια αξιοπρεπή ζωή και την προοπτική ότι τα παιδιά μας θα ζήσουν καλύτερα από εμάς.","and to enshrine the fact that hard and productive work ensures a decent life and the prospect that our children will live better than we do.","701",NA
"Η κυβέρνηση επαίρεται για την μείωση του στατιστικού δείκτη της ανεργίας.","The government boasts about the reduction in the unemployment statistic.","701",NA
"Δεν αμφισβητούμε τα στατιστικά στοιχεία, αλλά δυστυχώς η ευημερία αφορά μόνο τους οικονομικούς δείκτες.","We do not dispute the statistics, but unfortunately prosperity is only about economic indicators.","503",NA
"Η πραγματική κατάσταση στην αγορά εργασίας και την κοινωνία απέχει μακράν από την ειδυλλιακή εικόνα που προσπαθεί να κατασκευάσει η κυβέρνηση.","The real situation on the labour market and in society is far from the idyllic picture the government is trying to construct.","503",NA
"Οι στατιστικοί δείκτες, οι «οικονομικές επιδόσεις», η «ανάπτυξη» και η μείωση της στατιστικής ανεργίας στηρίζονται σε μια οικονομική πολιτική που για τους εργαζόμενους δεν είναι ούτε ορθή, ούτε υπεύθυνη, ούτε αποτελεσματική, όπως διατείνεται η κυβέρνηση.","Statistical indicators, 'economic performance', 'growth' and the reduction of statistical unemployment are based on an economic policy that is neither sound, responsible nor effective for workers, as the government claims.","701",NA
"Αντίθετα, η ακολουθούμενη οικονομική πολιτική διευρύνει τις ανισότητες και την επισφάλεια στην αγορά εργασίας.","On the contrary, the economic policy pursued widens inequalities and precariousness in the labour market.","503",NA
"Η συνεχής απορρύθμιση των εργασιακών σχέσεων - χωρίς την πίεση κάποιας τρόικας - και η διάλυση της Επιθεώρησης Εργασίας, αποτελούν αναπόσπαστο τμήμα και σημαντικότατο παράγοντα της οικονομικής πολιτικής και των «αναπτυξιακών επιδόσεων» και των «επενδύσεων» που δημιουργούν κατά κύριο λόγο επισφαλείς θέσεις εργασίας αναξιοπρεπών μισθών.","The continuous deregulation of labour relations - without pressure from any troika - and the dismantling of the Labour Inspectorate are an integral part and a major factor in economic policy and the 'growth performance' and 'investments' that create predominantly precarious jobs with undignified wages.","701",NA
"Στο σημείο αυτό έγκειται και η βαθιά διαφορά μας με τις πολιτικές της Συντήρησης.","Therein lies our profound difference with the policies of Conservation.","305.1",NA
"Η εργασία αποτελεί την πιο απτή και υλική παράμετρο της ανθρώπινης ζωής, το θεμέλιο της ατομικής και κοινωνικής αξιοπρέπειας.","Work is the most tangible and material parameter of human life, the foundation of individual and social dignity.","701",NA
"Η προστασία της εργασίας,","The protection of work,","701",NA
"το δικαίωμα στην αξιοπρεπή δουλειά και ένα δίκαιο μισθό,","the right to decent work and a fair wage,","701",NA
"η ενίσχυση του συνδικαλισμού,","the strengthening of trade unionism,","701",NA
"η μείωση των ανισοτήτων,","the reduction of inequalities,","503",NA
"η δίκαιη κατανομή των φορολογικών βαρών","the fair distribution of the tax burden","503",NA
"και η αναδιανομή βρίσκονται στην καρδιά της πολιτικής μας.","and redistribution are at the heart of our policies.","503",NA
"Για εμάς, την σύγχρονη σοσιαλδημοκρατία, η οικονομική ανάπτυξη, οι εξαγωγές, οι επενδύσεις, η ανταγωνιστικότητα της οικονομίας, η καινοτομία και η παραγωγικότητα των επιχειρήσεων δεν είναι αυτοσκοπός.","For us, modern social democracy, economic growth, exports, investment, economic competitiveness, innovation and business productivity are not an end in themselves.","503",NA
"Είναι το μέσο και το όχημα για την βελτίωση του βιοτικού επιπέδου των εργαζομένων","It is the means and the vehicle for improving the living standards of workers","503",NA
"και της μεσαίας τάξης,","and the middle class,","503",NA
"την πραγματική μείωση των ανισοτήτων,","for genuinely reducing inequalities,","503",NA
"την ουσιαστική προστασία των αδυνάμων","for effectively protecting the weak","503",NA
"και την αναγέννηση της ελπίδας ότι η νέα γενιά θα ζήσει καλύτερα από τους γονείς της.","and for reviving the hope that the younger generation will live better than their parents.","503",NA
"Η ατομική και κοινωνική αξιοπρέπεια των εργαζομένων είναι το μέτρο και το ύστατο κριτήριο των οικονομικών επιδόσεων.","The individual and social dignity of workers is the measure and ultimate criterion of economic performance.","701",NA
"Αυτός είναι ο πυρήνας του προγράμματός μας","This is the core of our programme","H",NA
"Πως ο κόπος και ο μόχθος του εργαζόμενου μπορεί να διασφαλίσει μια αξιοπρεπή ζωή και προοπτική για τα παιδιά μας;","How can the labour and toil of the worker ensure a decent life and prospects for our children?","701",NA
"Τι προσαρμογές απαιτούνται για να επιβιώσουμε με αξιοπρέπεια σε ένα περιβάλλον παγκοσμιοποιημένων αγορών και στυγνού ανταγωνισμού;","What adjustments are required to survive with dignity in an environment of globalised markets and brutal competition?","701",NA
"Είναι τάχα αναγκαίο οι προσαρμογές αυτές να καταστρατηγήσουν τις αξίες της πλήρους απασχόλησης, της κοινωνικής προστασίας, της ισότητας και της ισοπολιτείας;","Is it necessary for these adjustments to circumvent the values of full employment, social protection, equality and egalitarianism?","701",NA
"Η απάντησή μας είναι ότι όταν οι καιροί αλλάζουν, η τήρηση και η πίστη στις θεμελιώδεις αρχές μας απαιτούν να δίνουμε νέες και καθαρές απαντήσεις στις νέες προκλήσεις.","Our answer is that when times change, respect and loyalty to our fundamental principles require us to provide new and clear responses to new challenges.","305.1",NA
"Ότι η διατήρηση και προαγωγή των ατομικών μας ελευθεριών και των κοινωνικών δικαιωμάτων απαιτεί συλλογική δράση.","That preserving and promoting our individual freedoms and social rights requires collective action.","606.1",NA
"Η απάντησή μας είναι ότι μπορεί να υπάρξει μια οικονομική πολιτική με κέντρο τον άνθρωπο,","Our answer is that there can be a people-centred economic policy,","416.2",NA
"μια αξιοπρεπή ζωή για τον εργαζόμενο και την οικογένειά του,","a decent life for the worker and his family,","701",NA
"ένα σπίτι που μπορείς να το πληρώσεις,","a house you can afford,","403",NA
"μια ασφαλή σύνταξη που σου επιτρέπει να ζεις με αξιοπρέπεια μετά από χρόνια σκληρής δουλειάς,","a secure pension that allows you to live with dignity after years of hard work,","504",NA
"ένα σύστημα υγείας που σε στηρίζει στις δύσκολες ώρες,","a health care system that supports you in difficult times,","504",NA
"τη βάσιμη ελπίδα ότι τα παιδιά μας θα έχουν δίκαιες ευκαιρίες να ζήσουν καλύτερα αν προσπαθήσουν αρκετά,","the reasonable hope that our children will have a fair chance to live better if they try hard enough,","503",NA
"την προοπτική για πρόοδο και προκοπή στις πιο αδύναμες και φτωχές οικογένειες.","the prospect of progress and advancement for the weakest and poorest families.","503",NA
"Οικονομία","Economy","H",NA
"Αφού ο δυναμισμός μιας παραγωγικής οικονομίας είναι η θεμελιώδης προϋπόθεση για τη διεύρυνση των κοινωνικών δικαιωμάτων και την άσκηση κοινωνικής πολιτικής, η παραγωγικότητα και η ανταγωνιστικότητα πρέπει να είναι ψηλά στις προτεραιότητές μας.","Since the dynamism of a productive economy is the fundamental precondition for the expansion of social rights and the pursuit of social policy, productivity and competitiveness must be high on our priorities.","503",NA
"Διαπιστώσαμε με οδυνηρό τρόπο ότι όταν δεν δημιουργούμε νέο πλούτο και νέα αξία, η αύξηση του εθνικού προϊόντος δεν σημαίνει κατ’ ανάγκη μια ισχυρή οικονομία αλλά μπορεί να συνυπάρχει με μια σαθρή οικονομία που αργά ή γρήγορα θα καταρρεύσει, συμπαρασύροντας τις παραγωγικές της δυνάμεις, τις υγιείς επιχειρήσεις, τους εργαζόμενους και τις οικογένειές τους.","We have painfully found that when we do not create new wealth and value, increasing national output does not necessarily mean a strong economy but can coexist with a faltering economy that will sooner or later collapse, taking with it its productive forces, healthy businesses, workers and their families.","410",NA
"Η χώρα μας πρέπει να εκσυγχρονίσει και να διευρύνει την παραγωγική της βάση,","Our country must modernise and expand its productive base,","410",NA
"να ενισχύσει την καινοτομία και την εξωστρέφεια,","strengthen innovation and extroversion,","411",NA
"να δημιουργήσει αξιοπρεπείς θέσεις εργασίας με δίκαιους μισθούς, αντάξιες των προσόντων της νέας γενιάς,","create decent jobs with fair wages, worthy of the qualifications of the new generation,","701",NA
"και να μειώσει τις πολυσχιδείς κοινωνικές και οικονομικές ανισότητες, το μέγεθος και το βάθος του κοινωνικού αποκλεισμού.","and reduce the multiple social and economic inequalities, the extent and depth of social exclusion.","503",NA
"Να δημιουργήσει τις συνθήκες για την παραγωγή και τη δίκαιη διανομή νέας εθνικής αξίας, προϋπόθεση μιας κοινωνίας σεβασμού και αξιοπρέπειας.","To create the conditions for the production and fair distribution of new national value, a prerequisite for a society of respect and dignity.","606.1",NA
"Οι νέες προκλήσεις απαιτούν την έμφαση στην παραγωγή για τη δημιουργία μιας ανταγωνιστικής, ευέλικτης και δυναμικής οικονομίας, την κινητοποίηση των εγχώριων επενδυτών, την προτεραιότητα στις επενδύσεις με υψηλή εγχώρια προστιθέμενη αξία, τη συγκρότηση νέων παραγωγικών πόλων για την αξιοποίηση των νέων ευκαιριών και των ευρωπαϊκών χρηματοδοτικών πόρων, την ενίσχυση των παραγωγικών οικοσυστημάτων που συνθέτουν οι μεγάλες και μικρότερες επιχειρήσεις.","The new challenges require an emphasis on production to create a competitive, flexible and dynamic economy, mobilising domestic investors, giving priority to investments with high domestic added value, setting up new production poles to exploit new opportunities and European financial resources, and strengthening the productive ecosystems made up of large and small enterprises.","410",NA
"Απαιτούν να σταματήσουμε να σπρώχνουμε στο μέλλον και στις επόμενες γενιές το κόστος των προβλημάτων και να μειώσουμε το δημόσιο χρέος μας, να ανακτήσουμε την αυτοπεποίθησή μας.","They demand that we stop pushing the cost of problems onto the future and future generations and that we reduce our public debt and regain our confidence.","414",NA
"Οι νέες προκλήσεις απαιτούν πολιτικές που καθοδηγούνται από μια ισχυρή αίσθηση δημοσίου σκοπού, ένα νέο στρατηγικό ρόλο του «κράτους - στρατηγείου», με στρατηγικές άμεσες επενδύσεις, ένα κρατικό μηχανισμό με ισχυρές ικανότητες καθώς και συνεργασίες του δημόσιου με τον ιδιωτικό τομέα που πραγματικά υπηρετούν το δημόσιο συμφέρον.","The new challenges require policies guided by a strong sense of public purpose, a new strategic role for the 'state-headquarters', with strategic direct investment, a state apparatus with strong capabilities, and public-private partnerships that genuinely serve the public interest.","606.1",NA
"Η προοδευτική παράταξη έχει σήμερα ένα κύριο καθήκον: την ανασύνταξη των μικρών και μεσαίων κοινωνικών τάξεων που φτωχοποιούνται και περιθωριοποιούνται με επιταχυνόμενο ρυθμό.","The progressive party has one main task today: the reintegration of the small and middle social classes that are being impoverished and marginalised at an accelerating rate.","701",NA
"Το καθήκον αυτό μπορεί να πραγματοποιηθεί μόνο με την παραγωγή νέου πλούτου, την αύξηση και τη δικαιότερη κατανομή του εισοδήματος, δηλαδή μέσω της αύξησης των θέσεων εργασίας και της ενίσχυσης των μισθών και αμοιβών που προέρχονται από την σκληρή αλλά αξιοπρεπή εργασία και την υγιή επιχειρηματικότητα.","This task can only be achieved by generating new wealth, increasing and distributing income more fairly, that is, by increasing jobs and strengthening the wages and salaries that come from hard but decent work and healthy entrepreneurship.","701",NA
"Αυτός είναι ο μοναδικός δρόμος που εξασφαλίζει την ανάταξη των οικογενειών της μικρομεσαίας τάξης, των «χαμένων» της κρίσης και των νέων «μη προνομιούχων».","This is the only way to ensure the uplift of small and middle class families, the 'losers' of the crisis and the new 'underprivileged'.","704",NA
"Μια παραγωγική, ανταγωνιστική, ευέλικτη και δυναμική οικονομία, προϋποθέτει την αποδυνάμωση της διαπλοκής και της διαφθοράς, στηρίζεται σε σταθερούς κανόνες καθώς και στην εμπέδωση της αντίληψης ότι δημιουργία νέου πλούτου εξαρτάται από τον βαθμό ανάληψης επιχειρηματικών πρωτοβουλιών και καινοτομιών.","A productive, competitive, flexible and dynamic economy presupposes the weakening of interdependence and corruption, is based on stable rules, and on the perception that the creation of new wealth depends on the degree of entrepreneurial initiative and innovation.","410",NA
"Η καινοτομία και η επιχειρηματικότητα είναι στην ουσία τους ανάληψη κινδύνων και ρίσκων, αυτό είναι που τις καθιστά πηγή κοινωνικού πλούτου και αξίας.","Innovation and entrepreneurship are in essence risk-taking and risk-taking, which is what makes them a source of social wealth and value.","402",NA
"Είναι εξόχως παραπλανητική η αντίληψη ότι η Συντήρηση προωθεί ένα πνεύμα πρωτοβουλίας, ελευθερίας και ανάπτυξης της παραγωγικής επιχειρηματικότητας.","It is highly misleading to think that conservation promotes a spirit of initiative, freedom and the development of productive entrepreneurship.","305.1",NA
"Αντιθέτως, υπερασπίζεται και ενθαρρύνει προνόμια, εισοδήματα και προσόδους, δηλαδή κυβερνητικές πολιτικές που επιτρέπουν στους ισχυρούς να νέμονται εισοδήματα που δεν προέρχονται από την παραγωγή νέου πλούτου και αξίας αλλά από ανταμοιβές κεφαλαίων τοποθετημένων σε μη παραγωγικές χρήσεις ελάχιστου ρίσκου που δεν ευνοούν την ανάπτυξη και την ευημερία και εντείνουν τις ανισότητες.","On the contrary, it defends and encourages privilege, income and annuities, i.e. government policies that allow the powerful to inherit incomes that do not come from the production of new wealth and value but from rewards for capital invested in unproductive, low-risk uses that are not conducive to growth and prosperity and exacerbate inequalities.","305.1",NA
"Το ίδιο ισχύει με την προστασία προνομίων που εδράζονται στην αποθάρρυνση της παραγωγικότητας.","The same applies to the protection of privileges based on discouraging productivity.","305.1",NA
"Η προάσπιση των αμοιβών και των επιχειρηματικών κερδών από παραγωγική προσπάθεια, πρωτοβουλία και καινοτομία, των εισοδημάτων, δηλαδή, που πηγάζουν από την δημιουργία νέου πλούτου, αξίας και την αύξηση της παραγωγικότητας αποτελεί το προνομιακό πεδίο της Προόδου.","The protection of wages and business profits from productive effort, initiative and innovation, i.e. the incomes derived from the creation of new wealth, value and increased productivity, is the privileged domain of Progress.","401",NA
"Να σταματήσουμε να σπρώχνουμε στο μέλλον και στις επόμενες γενιές το κόστος των προβλημάτων.","Let us stop pushing the cost of problems onto the future and future generations.","706",NA
"Αυτός είναι ο μοναδικός δρόμος για να απελευθερωθούμε από την υποταγή σε δανειστές και διεθνείς ελέγχους και να ανακτήσουμε την αυτοπεποίθησή μας.","This is the only way to free ourselves from subservience to creditors and international controls and regain our self-confidence.","601.1",NA
"Η κρίσιμη προϋπόθεση είναι η αναβάθμιση της διεθνούς αξιοπιστίας της χώρας, δηλαδή η δημοσιονομική σταθερότητα και η ταχύτερη δυνατή επιστροφή σε ήπια πρωτογενή πλεονάσματα, που αποτελεί και απαραίτητη προϋπόθεση για την εξυγίανση και τον περαιτέρω εκσυγχρονισμό του χρηματοπιστωτικού συστήματος.","The crucial condition is to upgrade the country's international credibility, i.e. fiscal stability and the fastest possible return to mild primary surpluses, which is also a necessary condition for the consolidation and further modernisation of the financial system.","601.1",NA
"Πρωτογενές πλεόνασμα δεν συνεπάγεται αναγκαστικά πολιτικές λιτότητας.","Primary surpluses do not necessarily imply austerity policies.","410",NA
"Μια ετήσια αύξηση των δημοσίων δαπανών και εσόδων λίγο χαμηλότερη από την αύξηση του ΑΕΠ, μπορεί να δημιουργήσει πολύ σημαντικό δημοσιονομικό χώρο για άσκηση πολιτικών την τρέχουσα δεκαετία.","An annual increase in public expenditure and revenue slightly below GDP growth can create very significant fiscal space for policy over the current decade.","414",NA
"Να δεσμευτούμε έναντι των εργαζομένων ότι η κατανομή του μετασχηματισμού θα γίνει δίκαια.","Commit to workers that the distribution of the transformation will be shared fairly.","503",NA
"Ότι η πλήρης απασχόληση, η αξιοπρεπής εργασία, η προστασία από την εργοδοτική αυθαιρεσία, η υπεράσπιση και ενίσχυση των συλλογικών συμβάσεων, η μηδενική ανοχή στις διακρίσεις και η μείωση των ανισοτήτων θα είναι στο επίκεντρο των πολιτικών μας.","That full employment, decent work, protection against employer arbitrariness, the defence and strengthening of collective agreements, zero tolerance of discrimination and the reduction of inequalities will be at the heart of our policies.","701",NA
"Ότι θα υπερασπίσουμε τα δικαιώματα των εργαζομένων στην οικονομία της πλατφόρμας και τη δίκαιη κατανομή των ωφελειών από την ενίσχυση της παραγωγικότητας και την ανάπτυξη, με δίκαιους μισθούς, αντάξιους των προσόντων της Νέας Γενιάς.","That we will defend the rights of workers in the platform economy and the fair distribution of the benefits of productivity enhancement and growth, with fair wages worthy of the qualifications of the New Generation.","701",NA
"Έμφαση στην παραγωγή.","Focus on production.","410",NA
"Μετά από 13 χρόνια βαθιάς κρίσης, το 90% του ΑΕΠ μας προέρχεται ακόμη από την κατανάλωση.","After 13 years of deep crisis, 90% of our GDP still comes from consumption.","409",NA
"Σήμερα πρέπει να επικεντρωθούμε \στην εφαρμογή πολιτικών που βελτιώνουν πράγματι το σήμερα και το αύριο της κοινωνίας και στην αντικειμενική μέτρηση της αποτελεσματικότητας των πολιτικών.","Today we must focus on implementing policies that actually improve today and tomorrow's society and on objectively measuring the effectiveness of policies.","503",NA
"Όχι μόνο πόση ανάπτυξη,","Not just how much growth,","410",NA
"αλλά πόσο ενισχύθηκε η θέση της χώρας διεθνώς,","but how much the country's international position has been strengthened,","107",NA
"πόσο βελτιώθηκε η απόδοση του εκπαιδευτικού συστήματος,","how much the performance of the education system has improved,","506",NA
"πόσο αυξήθηκε πραγματικά το διαθέσιμο εισόδημα των ασθενέστερων και της μεσαίας τάξης,","how much the disposable income of the weakest and middle class has actually increased,","701",NA
"πόσο μειώθηκε η ανισότητα, η φτώχεια και ο κοινωνικός αποκλεισμός,","how much inequality, poverty and social exclusion have been reduced,","503",NA
"πόσο βελτιώθηκαν οι προοπτικές κοινωνικής κινητικότητας και προόδου για τη νέα γενιά,","how much the prospects for social mobility and progress for the younger generation have been improved,","503",NA
"πόσο βελτιώθηκαν οι υποδομές","how much infrastructure","411",NA
"και οι μηχανισμοί αντιμετώπισης της κλιματικής αλλαγής και άλλων απρόβλεπτων εξελίξεων","and mechanisms for dealing with climate change and other unforeseen developments have been","501",NA
"Η χώρα έχει τεράστια ανάγκη από μαζικές και εμπροσθοβαρείς επενδύσεις παγίου κεφαλαίου με κεντρικό στόχο την αύξηση της εγχώριας προστιθέμενης αξίας.","The country is in dire need of massive and forward-looking fixed capital investment with the central objective of increasing domestic value added.","404",NA
"Οι εισροές βραχυπρόθεσμων κερδοσκοπικών κεφαλαίων για μετοχές και ομόλογα, για εξαγορές υφιστάμενων επιχειρήσεων και ακίνητης περιουσίας, αν και χρήσιμες, δεν ενισχύουν το παραγωγικό μας υπόβαθρο, γιατί αφορούν απλά την αλλαγή ιδιοκτησίας και όχι μακροπρόθεσμες επενδύσεις παγίου κεφαλαίου.","Short-term speculative capital inflows for stocks and bonds, for acquisitions of existing businesses and real estate, though useful, do not strengthen our productive base because they are simply about changing ownership and not long-term fixed capital investment.","403",NA
"Οι ξένες επενδύσεις θα έλθουν μόνο αν έχουν διασφαλίσει τεράστιες εγγυήσεις για το μέλλον της επένδυσής τους και χρηματοδότηση από ελληνικές τράπεζες, δηλαδή μηδενικό ρίσκο για τον επενδυτή και ελάχιστα ξένα κεφάλαια στη χώρα.","Foreign investment will only come if they have secured huge guarantees for the future of their investment and financing from Greek banks, i.e. zero risk for the investor and little foreign capital in the country.","410",NA
"Είναι απαραίτητο να κινητοποιηθούν οι εγχώριοι επενδυτές, να επενδύσουν στη πατρίδα μας.","It is necessary to mobilise domestic investors to invest in our country.","410",NA
"Αυτό σημαίνει, όμως, ότι πρέπει να στηρίζεις τις τράπεζες της χώρας σου για να σε στηρίξουν και αυτές, εντελώς αντίθετα με τη λογική «οι καταθέσεις στο εξωτερικό και τα δάνεια στην Ελλάδα».","But this means that you have to support your country's banks so that they can support you, quite contrary to the logic of 'deposits abroad and loans in Greece'.","410",NA
"Υψηλή εγχώρια προστιθέμενη αξία.","High domestic value added.","410",NA
"Δεν είναι το ίδιο μια επένδυση που απαιτεί σχεδόν αποκλειστικά μεγάλες εισαγωγές προϊόντων και δημιουργεί ελάχιστες θέσεις εργασίας με μια επένδυση που συνδέεται άμεσα με την εγχώρια αγορά, χρησιμοποιεί προϊόντα και υπηρεσίες της εγχώριας παραγωγής, δημιουργεί πολλές και καλές θέσεις εργασίας, προσφέρει φόρους και εισφορές.","It is not the same an investment that requires almost exclusively large imports of products and creates few jobs as an investment that is directly linked to the domestic market, uses domestically produced goods and services, creates many good jobs, and provides taxes and contributions.","403",NA
"Αυτές οι επενδύσεις που δημιουργούν την υψηλότερη εγχώρια προστιθέμενη αξία πρέπει να έχουν άμεση προτεραιότητα.","Those investments that create the highest domestic value added should be given immediate priority.","403",NA
"Τα διαθέσιμα ευρωπαϊκά κεφάλαια του Ταμείου Ανάκαμψης και του νέου ΕΣΠΑ δεν θα ανατρέψουν την σημερινή πραγματικότητα αν δεν οδηγηθούν σε μια στρατηγική συγκρότηση νέων παραγωγικών πόλων επιχειρήσεων, κλάδων, τεχνολογιών και εκπαίδευσης.","The available European funds from the Recovery Fund and the new NSRF will not turn the current reality around unless they are used to strategically establish new productive poles of businesses, industries, technologies and education.","404",NA
"Η πανδημία και ο πόλεμος στην Ουκρανία αλλάζει με ταχύτατο και δραματικό τρόπο τις διεθνείς αλυσίδες παραγωγής, ανατρέποντας το μοντέλο της απεριόριστης παγκοσμιοποίησης προς πιο περιφερειακούς και τοπικούς κόμβους παραγωγής και κατανάλωσης.","The pandemic and war in Ukraine is rapidly and dramatically changing international production chains, overturning the model of unlimited globalisation towards more regional and local hubs of production and consumption.","404",NA
"Οι ευκαιρίες που ανοίγονται για την ελληνική παραγωγή, την αμυντική και τη ναυπηγική βιομηχανία μας είναι πολλές.","The opportunities for our Greek manufacturing, defence and shipbuilding industries are many.","404",NA
"Σήμερα λειτουργούν στη χώρα μας εκατοντάδες μικρές και μεσαίες επιχειρήσεις με εξαιρετικό δυναμισμό και εξαγωγικό προσανατολισμό και ένα εξαιρετικού επιπέδου εργατικό δυναμικό, ιδιαίτερα μεταξύ των νέων μας.","There are currently hundreds of small and medium-sized enterprises operating in our country with excellent dynamism and export orientation and an excellent workforce, especially among our young people.","401",NA
"Δεν το δηλώνουν μόνο οι ξένοι επενδυτές, αλλά και οι χιλιάδες επιχειρήσεις του εξωτερικού που αξιοποίησαν τους σχεδόν 500 χιλιάδες νέους που μετανάστευσαν, σε αντίθεση με τις εγχώριες γκρίνιες για «ελλείψεις κατάλληλου εργατικού δυναμικού».","Not only foreign investors declare this, but also the thousands of foreign companies that have taken advantage of the nearly 500 thousand young people who have emigrated, contrary to domestic grumblings about ""shortages of suitable labour"".","401",NA
"Αυτό το πολύτιμο παραγωγικό και ανθρώπινο δυναμικό πρέπει να διασωθεί.","This valuable productive and human potential must be saved.","701",NA
"Αυτή πρέπει να είναι η άμεση προτεραιότητα της οικονομικής πολιτικής μαζί με την καταπολέμηση των νέων ανισοτήτων.","This must be the immediate priority of economic policy along with the fight against new inequalities.","503",NA
"Το εμπόδιο στην ανάπτυξή των μεγαλύτερων σε μέγεθος μονάδων δεν είναι οι πολλοί μικροί επιχειρηματίες, αλλά η διαφθορά, η γραφειοκρατία, η αδυναμία των τραπεζών, η αβεβαιότητα και όλα αυτά που κατατάσσουν την Ελλάδα στις χειρότερες θέσεις παγκοσμίως στους δείκτες ανταγωνιστικότητας.","The obstacle to the growth of larger units is not the many small entrepreneurs, but corruption, bureaucracy, bank weakness, uncertainty and all the things that rank Greece among the worst in the world in competitiveness indicators.","410",NA
"Η ανάπτυξη μεσαίων και μεγάλων επιχειρήσεων δεν ισοδυναμεί με την ισοπέδωση των μικρών και των αυτοαπασχολουμένων.","The growth of medium-sized and large enterprises is not the same as the levelling out of small and self-employed businesses.","403",NA
"Αντίθετα, ο συνδυασμός ανάπτυξης με σταθερότητα προϋποθέτει κρίσιμους οργανικούς ρόλους τόσο για τις μικρές όσο και τις μεσαίες και μεγαλύτερες επιχειρήσεις.","On the contrary, combining growth with stability requires critical organic roles for both small, medium and large enterprises.","403",NA
"Κράτος και αγορά","State and market","H",NA
"Η πανδημία μας έδωσε την αφορμή για μια ριζική αναθεώρηση του ρόλου του κράτους, των ικανοτήτων και δυνατοτήτων που πρέπει να κατέχει.","The pandemic has given us cause for a radical rethink of the role of the state, its capacities and capabilities.","412",NA
"Ένα κράτος που στην καλύτερη περίπτωση «διορθώνει τις αποτυχίες της αγοράς» και στην χειρότερη περιορίζεται στον ρόλο του εξωτερικού αναθέτη (outsourcing) χωρίς να εξασφαλίζεται το δημόσιο συμφέρον, δεν μπορεί να ανταποκριθεί στις μεγάλες προκλήσεις της εποχής μας.","A state that at best 'corrects market failures' and at worst limits itself to the role of outsourcing without ensuring the public interest cannot respond to the major challenges of our time.","412",NA
"Απαιτούνται, συνεπώς, σχέδιο και επενδύσεις στη συνεχή δημιουργία γνώσεων και αυτοπεποίθησης στον εσωτερικό του μηχανισμό.","A plan is therefore needed and investment is needed to continuously build up knowledge and confidence within the mechanism.","404",NA
"Η πολιτική μας πρόταση καθορίζει με σαφήνεια τις γραμμές που μας διακρίνουν από την Συντήρηση, Δεξιά και Αριστερή, δύο συστήματα αντιλήψεων που επιχειρούν και αυτά να κυριαρχήσουν, μερικές φορές, μάλιστα, και σε αγαστή σύμπλευση μεταξύ τους:","Our policy proposal clearly defines the lines that distinguish us from Conservation, Right and Left, two systems of thought that also attempt to dominate, sometimes even in unison with each other:","305.1",NA
"Η Δεξιά Συντήρηση χαρακτηρίζεται από μια άκριτη πίστη στις δυνάμεις της αγοράς αλλά και από ένα βαθύ φόβο στις συλλογικές αξίες και πρωτοβουλίες της κοινωνίας.","Right Conservation is characterised by an uncritical faith in market forces but also by a deep fear of collective values and initiatives in society.","305.1",NA
"Από την πεποίθηση ότι αρκεί να μειώσεις τους φόρους των πλουσίων για να αυξηθούν οι επενδύσεις.","By the belief that it is enough to reduce taxes on the rich to increase investment.","305.1",NA
"Από τη βεβαιότητα ότι όλες οι επενδύσεις είναι το ίδιο χρήσιμες, ανεξάρτητα από την εγχώρια προστιθέμενη αξία τους, και ότι η «ανάπτυξη» με κινητήρα τα κέρδη των λίγων με κάποιο μαγικό τρόπο θα διαχυθεί αυτομάτως στους πολλούς.","From the certainty that all investments are equally useful, regardless of their domestic added value, and that 'growth' driven by the profits of the few will somehow magically spread automatically to the many.","305.1",NA
"Από την αντίληψη ότι το κράτος είναι ένας αδέξιος γραφειοκρατικός μηχανισμός που δεν είναι ικανός για καινοτομία, σχεδιασμό και στρατηγική και ο ρόλος του πρέπει να περιορίζεται στο ελάχιστο δυνατό και στο outsourcing.","From the notion that the state is a clumsy bureaucratic mechanism incapable of innovation, planning and strategy and its role should be kept to a minimum and outsourced.","305.1",NA
"Ένα Κράτος Παρατηρητή και Τροχονόμο.","A Watch and Watchdog State.","404",NA
"Χαρακτηριστικό παράδειγμα οι δράσεις του Ταμείου Ανάκαμψης.","A typical example is the actions of the Recovery Fund.","404",NA
"Κατάλογοι έργων χωρίς συγκεκριμένο σχέδιο για την εθνική οικονομία, την πρωτογενή παραγωγή, τα ενεργειακά δίκτυα και τους εθνικούς παραγωγικούς πόλους κλάδων και τεχνολογιών που διαθέτουν συγκριτικά πλεονεκτήματα.","Lists of projects without a specific plan for the national economy, primary production, energy networks and national production poles of sectors and technologies with comparative advantages.","404",NA
"Χωρίς σχέδιο για τις περιφερειακές οικονομίες της χώρας μας.","No plan for the regional economies of our country.","404",NA
"Οι επιλογές των μεγάλων επενδύσεων αφήνονται ολοκληρωτικά στο τραπεζικό σύστημα χωρίς μέριμνα για τις εθνικές προτεραιότητες και μια κατανομή που θα ενισχύει την περιφερειακή ισορροπία.","The choice of major investments is left entirely to the banking system without any concern for national priorities and an allocation that will strengthen regional balance.","403",NA
"Η αποδιάρθρωση των εργασιακών σχέσεων και του δημόσιου χαρακτήρα του ΕΣΥ, η αποδυνάμωση των ελεγκτικών μηχανισμών με συνέπεια τον πληθωρισμό των υπερκερδών και της απληστίας, η αδιαφάνεια και η υποβάθμιση των θεσμών επιβεβαιώνουν ότι η συντηρητική παράταξη στην Ελλάδα είναι, διαχρονικά, αντιμεταρρυθμιστική δύναμη.","The dismantling of labour relations and the public character of the NHS, the weakening of the control mechanisms, resulting in the inflation of excess profits and greed, the lack of transparency and the degradation of institutions confirm that the conservative party in Greece is, over time, an anti-reform force.","305.1",NA
"Το κατά καιρούς διαφορετικό πρόσωπο που παρουσιάζει, όπως και σήμερα, είναι απλώς ψευδές.","The occasionally different face it presents, as it does today, is simply false.","305.1",NA
"Από την άλλη μεριά υπάρχει και η Αριστερή εκδοχή της Συντήρησης με μια εξίσου θεολογική πίστη στον κρατισμό και ένα Κράτος – Εξουσιαστή, δυσπιστία και αντιπαλότητα με τον ιδιωτικό τομέα.","On the other hand, there is also the Left version of Conservation with an equally theological belief in statism and an Authoritarian State, distrust and rivalry with the private sector.","305.1",NA
"Αρνείται την δυναμικότητα που μπορεί να αποκτήσει και την κοινωνική ωφέλεια που μπορεί να επιφέρει ένας ανταγωνιστικός ιδιωτικός τομέας, αν υπάρχει ένας συγκροτημένος σχεδιασμός από ένα Κράτος - Στρατηγείο.","It denies the dynamism that can be gained and the social benefits that a competitive private sector can bring if there is a coherent planning by a State-General.","403",NA
"Ενδυνάμωση του Κράτους - Συνεργασίες που υπηρετούν πραγματικά το Δημόσιο Συμφέρον.","Empowerment of the State - Partnerships that truly serve the Public Interest.","606.1",NA
"Η πανδημία μας προσέφερε ένα κρίσιμο μάθημα, ότι απέναντι στις κρίσεις - αλλά και τις μεγάλες προκλήσεις της κλιματικής αλλαγής, των ψηφιακών κολοσσών και των θηριωδών ανισοτήτων - η κυβερνητική παρέμβαση είναι αποτελεσματική μόνο όταν ο κρατικός μηχανισμός διαθέτει τις απαραίτητες ικανότητες και δυνατότητες να δράσει.","The pandemic has offered us a crucial lesson that in the face of crises - and the grand challenges of climate change, digital giants and savage inequalities - government intervention is only effective when the state apparatus has the necessary capacities and capabilities to act.","412",NA
"Πρέπει, συνεπώς, να επενδύσουμε στην ενδυνάμωση του κράτους σε κρίσιμες περιοχές όπως είναι η αναβάθμιση της ικανότητάς του για στρατηγικές παρεμβάσεις μακράς πνοής, οι συνεργασίες δημόσιου και ιδιωτικού τομέα που πραγματικά υπηρετούν το δημόσιο συμφέρον και η εξειδίκευση στις ψηφιακές τεχνολογίες και τα data.","We must therefore invest in strengthening the state in critical areas such as upgrading its capacity for strategic, long-term interventions, public-private partnerships that truly serve the public interest, and expertise in digital technologies and data.","412",NA
"Οι πολιτικές που βασίζονται στην υπόθεση ότι οι επιχειρήσεις θέλουν πάντοτε να επενδύσουν και απλά χρειάζονται χαμηλότερους φόρους, είναι απλοϊκές και αφελείς.","Policies based on the assumption that businesses always want to invest and simply need lower taxes are simplistic and naive.","412",NA
"Τα κίνητρα αυτά, αν δεν συνοδεύονται από στρατηγικές άμεσες επενδύσεις του κράτους, σπανίως θα πετύχουν πράγματα που δεν θα γινόντουσαν έτσι κι αλλιώς, με αποτέλεσμα απλά να αυξάνουν την κερδοφορία χωρίς την επιπλέον αύξηση των επενδύσεων και της απασχόλησης.","These incentives, if not accompanied by strategic direct investment by the state, will rarely achieve things that would not happen anyway, resulting in simply increasing profitability without the additional increase in investment and employment.","412",NA
"Ο πρωταρχικός στόχος μιας πραγματικά προοδευτικής πολιτικής πρέπει να είναι η αύξηση των επενδύσεων, όχι των κερδών.","The primary goal of a truly progressive policy should be to increase investment, not profits.","416.1",NA
"Το πρόβλημα δεν είναι η κερδοφορία αλλά οι παραγωγικές επενδύσεις και η αξιοπρεπής εργασία.","The problem is not profitability but productive investment and decent work.","701",NA
"Στις απαιτήσεις της νέας εποχής δεν μπορεί να ανταποκριθεί ούτε το φιλελεύθερο κράτος της «Δεξιάς», ούτε το παραδοσιακό γραφειοκρατικό, δαπανηρό και αναποτελεσματικό κράτος της «Αριστεράς» ούτε το αποτυχημένο εφεύρημα του «επιτελικού» αλλά βαθύτατα πελατειακού κράτους της ΝΔ ούτε το κομματικό πελατειακό κράτος και των δύο.","Neither the liberal state of the 'right', nor the traditional bureaucratic, costly and inefficient state of the 'left', nor the failed invention of the 'executive' but deeply clientelistic state of the South-West, nor the party clientelistic state of both, can meet the demands of the new era.","305.1",NA
"Η δημογραφική γήρανση είναι η κρισιμότερη, ίσως, πρόκληση που αντιμετωπίζουμε.","Demographic ageing is perhaps the most critical challenge we face.","706",NA
"Για να μη γίνουμε μια κοινωνία χωρίς νέους, απαιτείται μια συγκροτημένη πολιτική́ που θα διασφαλίζει επαρκή́ και αξιοπρεπή κατοικία στα νέα ζευγάρια, με αιχμή την προώθηση του μοντέλου κοινωνικής κατοικίας.","If we are not to become a society without young people, a coherent policy is needed to ensure adequate and decent housing for young couples, with the promotion of the social housing model at the forefront.","504",NA
"Γενναιότερες και στοχευμένες ενισχύσεις για τα παιδιά, ευρεία επέκταση της ένταξης σε βρεφονηπιακούς σταθμούς και εργασιακές διευκολύνσεις προς τους νέους γονείς, ιδιαίτερα τις μητέρες.","More generous and targeted support for children, a broad expansion of day-care integration and work incentives for young parents, especially mothers.","504",NA
"Η αναγέννηση του Εθνικού Συστήματος Υγείας, η επάρκεια και αξιοπιστία του, προϋποθέτει ένα οργανωμένο σύστημα Πρωτοβάθμιας Φροντίδας Υγείας που παρέχει περίθαλψη, φροντίδα και πρόληψη, σύγχρονες μονάδες περίθαλψης εκτός νοσοκομείων, την υιοθέτηση σύγχρονων τεχνολογιών και τη λειτουργία ανεξάρτητων μηχανισμών αξιολόγησης.","The regeneration of the National Health System, its adequacy and reliability, requires an organised Primary Health Care system providing care, treatment and prevention, modern non-hospital care units, the adoption of modern technologies and the operation of independent evaluation mechanisms.","504",NA
"Σήμερα και πολύ περισσότερο στο άμεσο μέλλον, η Παιδεία και το Σχολείο αποτελεί το καθοριστικό πεδίο που παρέχει γνώσεις, δεξιότητες αλλά και ένα σύστημα αξιών στους αυριανούς πολίτες.","Today, and even more so in the near future, education and schools are the decisive field that provides knowledge, skills and a system of values for tomorrow's citizens.","506",NA
"Οι προτάσεις μας αφορούν εκπαιδευτικές πολιτικές με στοχευμένη οικονομική́ ενίσχυση του συστήματος, ενισχυτικά μαθήματα για τους μαθητές που υστερούν, ιδιαίτερη έμφαση στην Προσχολική Αγωγή, υποστήριξη της Ειδικής Αγωγής και ουσιαστική αναβάθμιση του αποτελματωμένου συστήματος της επαγγελματικής εκπαίδευσης και της Δια Βίου Μάθησης με την ουσιαστική συμμετοχή των κοινωνικών εταίρων.","Our proposals concern educational policies with targeted financial strengthening of the system, remedial courses for pupils who are lagging behind, special emphasis on pre-school education, support for special education and a substantial upgrading of the failing system of vocational education and lifelong learning with the effective participation of the social partners.","506",NA
"Θεσμοί - Εμπιστοσύνη - Πολιτικό Σύστημα","Institutions - Trust - Political System","H",NA
"Οι ώριμες δημοκρατίες με υψηλή ποιότητα θεσμών και διακυβέρνησης καταφέρνουν να εξασφαλίσουν υψηλότερα επίπεδα εισοδήματος, περισσότερες ευκαιρίες επιτυχίας και καλύτερο βιοτικό επίπεδο για τους πολίτες τους.","Mature democracies with high quality institutions and governance succeed in ensuring higher levels of income, more opportunities for success and a better standard of living for their citizens.","202.1",NA
"Αντιθέτως σε χώρες που οι δημοκρατικοί θεσμοί είναι ανίσχυροι τους υποκαθιστούν μηχανισμοί συναλλαγής ανάμεσα στην πολιτική εξουσία, την οικονομική εξουσία και τους πολίτες.","In contrast, in countries where democratic institutions are weak, they are replaced by mechanisms of transaction between political power, economic power and citizens.","202.1",NA
"Η ενδυνάμωση των δημοκρατικών θεσμών, συνεπώς, εκτός από τη βελτίωση της ευρωστίας της δημοκρατίας έχει ευδιάκριτο οικονομικό αποτύπωμα στην οικονομική αποτελεσματικότητα και το βιοτικό επίπεδο των πολιτών.","Strengthening democratic institutions, therefore, in addition to improving the robustness of democracy, has a distinct economic impact on the economic efficiency and living standards of citizens.","202.1",NA
"Στην Ελλάδα οι κυριότερες και οι πιο σημαντικές δημοκρατικές τομές της έχουν την υπογραφή του ΠΑΣΟΚ.","In Greece, the main and most important democratic changes have been signed by PASOK.","305.1",NA
"ΑΣΕΠ, ΚΕΠ, Γενική Γραμματεία Πληροφοριακών Συστημάτων, Συνήγορος του Πολίτη, Αρχή Προστασίας Προσωπικών Δεδομένων, Αρχή Διασφάλισης του Απορρήτου των Επικοινωνιών, ΕΣΡ και η Επιτροπή Ανταγωνισμού (ως πραγματικά Ανεξάρτητη Αρχή), είναι οι μεταρρυθμίσεις που συνέβαλαν στην αναβάθμιση της Δημοκρατίας μας και στην υποχώρηση του πελατειακού κράτους.","The AESEP, the CCP, the General Secretariat for Information Systems, the Citizen's Advocate, the Personal Data Protection Authority, the Communications Privacy Authority, the FCC and the Competition Commission (as a truly Independent Authority) are the reforms that have contributed to the upgrading of our democracy and the retreat of the client state.","305.1",NA
"Η Διαύγεια, η Δημόσια Διαβούλευση, η απογραφή των Δημοσίων υπαλλήλων, η ανεξάρτητη ΕΛΣΤΑΤ, η Ενιαία Ανεξάρτητη Αρχή Δημοσίων Συμβάσεων (και το Κεντρικό Ηλεκτρονικό Μητρώο Δημοσίων Συμβάσεων), ο ΕΟΠΠΥ, η ηλεκτρονική συνταγογράφηση, οι Εισαγγελείς διαφθοράς και οικονομικού εγκλήματος, η άρση του τραπεζικού απορρήτου, την Αρχή για την καταπολέμηση του «μαύρου χρήματος» θεσμοθετήθηκαν παρά το γεγονός ότι η Κυβέρνηση του ΠΑΣΟΚ διαχειριζόταν το ναυάγιο στο οποίο οδήγησε την ελληνική οικονομία η Κυβέρνηση της ΝΔ το 2009 και αποτέλεσαν ένα κύμα ουσιαστικών μεταρρυθμίσεων που εκσυγχρόνισαν περαιτέρω το κράτος.","Transparency, Public Consultation, the Census of Public Employees, the independent ELSTAT, the Single Independent Public Procurement Authority (and the Central Electronic Register of Public Procurement), the National Health Insurance Fund, e-prescription, corruption and financial crime prosecutors, the lifting of banking secrecy, The Anti-Black Money Authority were established despite the fact that the PASOK government was managing the shipwreck to which the ND government led the Greek economy in 2009 and constituted a wave of substantial reforms that further modernised the state.","305.1",NA
"Ωστόσο οι ουσιαστικές μεταρρυθμίσεις υποχώρησαν μαζί με το ΠΑΣΟΚ.","However, substantial reforms receded along with PASOK.","305.1",NA
"Τις διαδέχθηκαν ένας συνεχής εκφυλισμός τόσο από τη Νέα Δημοκρατία όσο και από τον ΣΥΡΙΖΑ με την απαξίωση των νομοθετικών διαδικασιών, την επανακομματικοποίηση της δημόσιας διοίκησης, διορισμούς μετακλητών σε θέσεις ευθύνης, την «κανονικοποίηση» των απευθείας αναθέσεων έργων με πρόσχημα την πανδημία και των κατά παρέκκλιση προσλήψεων, με την προσπάθεια ποδηγέτησης της πολυφωνίας στα ΜΜΕ και της Δικαιοσύνης.","They were followed by a continuous degeneration by both New Democracy and SYRIZA with the devaluation of legislative procedures, the re-partisanship of the public administration, appointments of post-graduates to positions of responsibility, the ""normalization"" of direct contracting of works under the pretext of the pandemic and recruitment by deviation, with the attempt to drive pluralism in the media and the judiciary.","305.1",NA
"Οι περισσότερες χώρες της Ευρώπης με ισχυρές οικονομίες, υψηλά επίπεδα απασχόλησης και ποιότητας της εργασίας, οι χώρες δηλαδή που έχουν, κατά τεκμήριο, απορροφήσει αρκετούς από τους εκατοντάδες χιλιάδες νέους μας του brain drain, διακρίνονται επίσης από υψηλά επίπεδα φορολογίας κερδών και μερισμάτων.","Most European countries with strong economies, high levels of employment and quality of work, i.e. the countries that have presumably absorbed many of our hundreds of thousands of young people from the brain drain, are also characterised by high levels of taxation on profits and dividends.","403",NA
"Διακρίνονται επίσης από πολύ υψηλότερα επίπεδα ""θεσμικής ποιότητας"", δηλαδή ποιότητας διακυβέρνησης, λειτουργίας των θεσμών, της δικαιοσύνης, εμπιστοσύνης στο κράτος και τη δημόσια διοίκηση και χαμηλότερα επίπεδα διαφθοράς.","They are also distinguished by much higher levels of 'institutional quality', i.e. quality of governance, functioning of institutions, justice, trust in the state and public administration, and lower levels of corruption.","303",NA
"Αυτός είναι ο βασικότερος λόγος που χαρακτηρίζονται από πολύ χαμηλότερα επίπεδα παραοικονομίας, φοροδιαφυγής και ""μαύρης"" εργασίας.","This is the main reason why they are characterised by much lower levels of underground economy, tax evasion and undeclared work.","403",NA
"Η θεσμική ποιότητα και η εμπιστοσύνη αντανακλάται και στα υψηλότερα επίπεδα φορολογικής ηθικής που διακρίνει τις κοινωνίες αυτές.","Institutional quality and trust are also reflected in the higher levels of tax ethics that characterise these societies.","403",NA
"Για το λόγο αυτό μπορούν να υποστηρίζουν πολύ δυναμικότερες και εξωστρεφείς οικονομίες με υψηλότερους συντελεστές φορολογίας κερδών και μερισμάτων και χαμηλότερη εξάρτηση των δημοσίων εσόδων από τους έμμεσους φόρους.","For this reason they can support much more dynamic and outward-looking economies with higher tax rates on profits and dividends and lower dependence of public revenues on indirect taxes.","403",NA
"Στην περίπτωση της χώρας μας, φαίνεται ότι ""ανταλλάσσουμε"" την μεγάλη υστέρησή μας στην ποιότητα των θεσμών και της διακυβέρνησης με τη μείωση της φορολογίας του μεγάλου πλούτου, των κερδών και των μερισμάτων.","In the case of our country, it seems that we are 'trading' our great lag in the quality of institutions and governance for lower taxes on great wealth, profits and dividends.","303",NA
"Ο πληθωρισμός, η ακρίβεια και η βίαιη πτώση του βιοτικού επιπέδου των εργαζομένων, των αδύναμων στρωμάτων και της μικρομεσαίας τάξης δεν οφείλεται αποκλειστικά στις, όντως, δυσμενέστατες διεθνείς συνθήκες.","Inflation, inexactness and the violent fall in the living standards of workers, the weak and the middle classes are not entirely due to the adverse international conditions.","701",NA
"Είναι σε ένα σημαντικό βαθμό και πληθωρισμός «απληστίας».","It is also, to a considerable extent, 'greed' inflation.","304",NA
"Οφείλεται στην ολιγοπωλιακή συγκρότηση ορισμένων κρίσιμων κλάδων, τις κερδοσκοπικές επιχειρηματικές συμπεριφορές και την σθεναρή άρνηση της κυβέρνησης να ενεργοποιήσει με ουσιαστικό και αποδοτικό τρόπο τους θεσμούς και μηχανισμούς ρύθμισης και ελέγχου της αγοράς, των τιμών και των περιθωρίων κέρδους.","It is due to the oligopolistic constitution of certain critical sectors, speculative business behaviour and the government's strong refusal to activate in a meaningful and efficient way the institutions and mechanisms for regulating and controlling the market, prices and profit margins.","305.1",NA
"Ο δρόμος αυτός, ωστόσο, είναι αδιέξοδος και κινδυνεύει να μετατραπεί σε ένα καθοδικό σπιράλ, όπου η υποβάθμιση της ποιότητας των θεσμών και της διακυβέρνησης θα απαιτεί ολοένα και μικρότερη φορολογία πλούτου, κερδών και μερισμάτων και θα επιφέρει, όχι την συρρίκνωση αλλά, την διεύρυνση της φοροδιαφυγής, της παραοικονομίας και της διαφθοράς.","This path, however, is a dead-end and risks turning into a downward spiral, where the deterioration in the quality of institutions and governance will require ever lower taxes on wealth, profits and dividends and will result, not in a contraction but in an expansion of tax evasion, the underground economy and corruption.","202.1",NA
"Ευνοεί, επίσης, την αέναη συνέχιση της κομματικοποίησης και της δυσλειτουργίας της δημόσιας διοίκησης και την εξάρτησή της από την πολιτική βούληση του κόμματος που, κερδίζοντας τις εκλογές, παίρνει το κράτος ως λάφυρο και στη συνέχεια επικαλείται την αδυναμία του κρατικού μηχανισμού ως άλλοθι για τις δικές του πολιτικές αδυναμίες.","It also favours the perpetual continuation of the partisanship and dysfunction of the public administration and its dependence on the political will of the party that, by winning elections, takes the state as a spoil and then invokes the weakness of the state apparatus as an alibi for its own political weaknesses.","304",NA
"Γιατί όταν μπορεί το κράτος να παραβιάζει βάναυσα και ανεξέλεγκτα την ιδιωτικότητα, όταν οι θεσμοί δεν λειτουργούν για να προστατεύσουν τους πολίτες, τότε μπορεί να μην επιτρέψει στην Επιτροπή Ανταγωνισμού και στην ΡΑΕ, να προστατεύσει την αγοραστική δύναμη πολιτών και την επιβίωση των μικρομεσαίων επιχειρήσεων από την αισχροκέρδεια και τις ολιγοπωλειακές πρακτικές.","For when the state can brutally and uncontrollably violate privacy, when institutions do not function to protect citizens, then it can prevent the Competition Commission and the RAE from protecting the purchasing power of citizens and the survival of small and medium-sized enterprises from obscenity and oligopolistic practices.","304",NA
"Πρωταρχικό μας καθήκον είναι να σταματήσουμε την πορεία αυτή.","Our primary task is to stop this course.","304",NA
"Για να αποκτήσουμε Αυτοπεποίθηση πρέπει να εμπεδώσουμε θεσμούς δικαιοσύνης και αξιοκρατίας.","In order to gain confidence, we need to entrench institutions of justice and meritocracy.","202.1",NA
"Να αποδυναμώσουμε την οικογενειοκρατία, τη διαπλοκή και τη διαφθορά.","We need to weaken family rule, interlocking and corruption.","304",NA
"Να εμπεδώσουμε σταθερούς κανόνες για την εξυπηρέτηση του πολίτη και την αντίληψη ότι το κράτος υπάρχει για να τον στηρίζει και όχι για να το εκμεταλλεύονται διάφορες ομάδες πίεσης και συντεχνίες.","We need to inculcate firm rules to serve the citizen and the notion that the state exists to support the citizen and not to be exploited by various pressure groups and guilds.","304",NA
"Πρόοδος και Συντήρηση","Progress and Maintenance","H",NA
"Η διάκριση μεταξύ προοδευτικής και συντηρητικής πολιτικής συνεχίζει να έχει νόημα, αν και όχι το ίδιο νόημα που είχε κάποτε.","The distinction between progressive and conservative politics continues to make sense, though not the same sense it once did.","305.1",NA
"Ως σύγχρονοι σοσιαλδημοκράτες διαφέρουμε ξεκάθαρα από τους άλλους.","As modern social democrats we are clearly different from the others.","305.1",NA
"Για αυτούς το πολιτικό πεδίο είναι μια μάχη μέχρι εσχάτων χωρίς δημοκρατικά όρια και κανόνες, ένας πόλεμος με στόχο την εξόντωση με κάθε μέσο του πολιτικού «εχθρού».","For them, the political arena is a battle to the finish without democratic boundaries and rules, a war aimed at annihilating the political 'enemy' by any means necessary.","305.1",NA
"Για εμάς είναι ένα πεδίο δημοκρατικής αντιπαράθεσης και σύγκρουσης, που αναγνωρίζει και δεν καταργεί τον πολιτικό αντίπαλο, δεν τον ταυτίζει με το απόλυτο πολιτικό κακό.","For us it is a field of democratic confrontation and conflict, which recognises and does not abolish the political opponent, does not identify him with the ultimate political evil.","305.1",NA
"Σεβόμαστε το δικαίωμά του να έχει υπόσταση, θεσμική ιδιότητα και φωνή που να ακούγεται.","We respect his right to have substance, institutional status and a voice that can be heard.","202.1",NA
"Για αυτούς η δημοκρατία είναι το πολίτευμα της παντοδυναμίας του νικητή των εκλογών, της αυταρχικής και ανεξέλεγκτης διακυβέρνησης και της υπονόμευσης και της χειραγώγησης των θεσμών.","For them, democracy is the constitution of the omnipotence of the winner of elections, of authoritarian and uncontrolled government and of the undermining and manipulation of institutions.","305.1",NA
"Για εμάς η δημοκρατία είναι το πολίτευμα της δημοκρατικής λογοδοσίας, της διαφάνειας, της υπεράσπισης και εμβάθυνσης των θεσμών, είναι το πολίτευμα της συνύπαρξης, που η εύρυθμη λειτουργία του εγγυάται την κοινωνική συμβίωση.","For us, democracy is the constitution of democratic accountability, transparency, the defence and deepening of institutions; it is the constitution of coexistence, whose proper functioning guarantees social coexistence.","202.1",NA
"Για αυτούς η αντιμετώπιση της κλιματικής αλλαγής είναι ευκαιρία για την ενεργειακή ολιγαρχία, για εμάς είναι ευκαιρία η Ελλάδα να είναι αυτάρκης ενεργειακά, με ενεργειακή δημοκρατία, να γίνει ο πολίτης από καταναλωτής – παραγωγός ενέργειας, ευκαιρία για τον πρωτογενή τομέα, την κτηνοτροφία και αγροτική παραγωγή, για την αναβάθμιση της ποιότητας ζωής στις πόλεις μας.","For them, tackling climate change is an opportunity for the energy oligarchy; for us, it is an opportunity for Greece to be self-sufficient in energy, with energy democracy, for citizens to become energy consumers and producers, an opportunity for the primary sector, livestock and agricultural production, for the improvement of the quality of life in our cities.","501",NA
"Για αυτούς ενίσχυση της άμυνας μας είναι η εισαγωγή και αγορά οπλικών συστημάτων χωρίς την μεταφορά τεχνογνωσίας και την σύνδεσή της με την εγχώρια παραγωγή, την αμυντική μας βιομηχανία.","For them, strengthening our defence is the import and purchase of weapons systems without the transfer of know-how and its connection to domestic production, our defence industry.","104",NA
"Για εμάς είναι προτεραιότητα η ανάπτυξη της έρευνας, της ελληνικής τεχνολογίας και της αμυντικής και της ναυπηγικής μας βιομηχανίας.","For us, the priority is the development of research, of Greek technology and of our defence and shipbuilding industry.","411",NA
"Για αυτούς ασφάλεια του πολίτη είναι η καλύτερη οργάνωση της καταστολής, για εμάς ασφάλεια του πολίτη είναι η πρόληψη, η προετοιμασία και η αποτελεσματική πολιτική προστασία ,","For them, civil security is the better organisation of repression; for us, civil security is prevention, preparation and effective civil protection;","504",NA
"είναι το δημόσιο σύστημα υγείας,","it is the public health system,","504",NA
"η πρόσβαση σε ποιοτική παιδεία,","access to quality education,","504",NA
"η σιγουριά σε ένα αξιοπρεπές εισόδημα και όρους διαβίωσης,","the certainty of a decent income and living conditions,","504",NA
"η προστασία του εργαζόμενου","the protection of the working population","504",NA
"και της τρίτης ηλικίας.","and the elderly.","504",NA
"Για αυτούς παιδεία είναι μόνον η επαγγελματική κατάρτιση, για εμάς η παιδεία πρέπει να διαμορφώνει μορφωμένους πολίτες με σύγχρονες δεξιότητες, ικανούς για εργασία","For them, education is only vocational training; for us, education must form educated citizens with modern skills, capable of working","202.1",NA
"αλλά και για την προστασία της δημοκρατίας.","and of protecting democracy.","202.1",NA
"Για τη δεξιά η ελεύθερη αγορά είναι θεός, για την παραδοσιακή αριστερά δαίμονας, για εμάς ένα εργαλείο που απαιτεί ισχυρές ρυθμίσεις για να υπηρετεί το δημόσιο συμφέρον και τις ανάγκες του πολίτη.","For the right the free market is a god, for the traditional left a demon, for us a tool that requires strong regulation to serve the public interest and the needs of the citizen.","403",NA
"Για αυτούς το κράτος είναι λάφυρο για πελατειακές διευθετήσεις κομματικών ψηφοφόρων και ισχυρών συμφερόντων, για εμάς το κράτος είναι θεσμός δικαίου, που προστατεύει τα δικαιώματα κάθε ανθρώπου ισότιμα και τον υπηρετεί με σεβασμό.","For them the state is a prey to patronage arrangements of party voters and powerful interests; for us the state is an institution of law, protecting the rights of every human being equally and serving them with respect.","202.1",NA
"Για αυτούς δημοκρατία είναι εκλογές κάθε 4 χρόνια, για εμάς δημοκρατία σημαίνει συμμετοχή, δράση, διαβούλευση και συλλογική γνώση.","For them democracy is elections every 4 years, for us democracy means participation, action, consultation and collective knowledge.","202.1",NA
"Για αυτούς πατριωτισμός είναι η εκμετάλλευση των εθνικών μας συμβόλων για κομματική χρήση, για εμάς πατριωτισμός είναι ό,τι κάνει τη χώρα μας να ξεχωρίζει και να πηγαίνει μπροστά, ό,τι αναδεικνύει τις ικανότητες του λαού μας.","For them, patriotism is the exploitation of our national symbols for party use; for us, patriotism is whatever makes our country stand out and move forward, whatever brings out the abilities of our people.","601.1",NA
"Άρρηκτα δεμένες με την ταυτότητά μας είναι διαχρονικές αξίες τις οποίες δεν πρέπει να ξεχνάμε ποτέ.","Inextricably linked to our identity are timeless values that we must never forget.","202.1",NA
"Αξιοπρέπεια, Αλληλεγγύη, Ισότητα, Δικαιοσύνη, Αξιοκρατία, Διαφάνεια, Ανθρώπινα και Κοινωνικά δικαιώματα, προσήλωση στη Δημοκρατία, Λογοδοσία.","Dignity, Solidarity, Equality, Justice, Dignity, Transparency, Human and Social Rights, Commitment to Democracy, Accountability.","202.1",NA
"Τα πάντα στον κόσμο που ζούμε, και ακόμη περισσότερο αυτόν στον οποίο πρόκειται να ζήσουν τα παιδιά μας και η Νέα Γενιά, «φωνάζουν» για μια πραγματικά προοδευτική απάντηση.","Everything in the world we live in, and even more so in the one in which our children and the New Generation are to live, ""cries out"" for a truly progressive response.","706",NA
"Με λίγα λόγια, μια σύγχρονη σοσιαλδημοκρατική πολιτική και μια αποτελεσματική διακυβέρνηση.","In short, a modern social democratic politics and effective governance.","305.1",NA
"ΜΕΡΟΣ Ι Πρόσφατες εξελίξεις & νέες προτεραιότητες","PART I Recent developments & new priorities","H",NA
"1. ΕΙΣΑΓΩΓΗ: Η ΜΙΑ ΚΡΙΣΗ ΜΕΤΑ ΤΗΝ ΑΛΛΗ...","1. INTRODUCTION: ONE CRISIS AFTER ANOTHER...","H",NA
"Ούτε τρία χρόνια δεν έχουν περάσει από τις εκλογές του 2019 και οι προγραμματικές θέσεις που είχε τότε υιοθετήσει το ΚΙΝΑΛ χρειάζονται μια ριζική επανεξέταση στο φως των εξελίξεων που μεσολάβησαν.","Not even three years have passed since the 2019 elections and the programmatic positions adopted by KINAL at that time need a radical rethink in the light of the intervening developments.","305.1",NA
"Πριν τρία χρόνια, το βασικό ζητούμενο της ελληνικής οικονομίας ήταν να επιταχυνθεί η έξοδος από τα Μνημόνια και η επίτευξη υψηλών ρυθμών ανάπτυξης, ικανών να εξασφαλίσουν μια συστηματική άνοδο της απασχόλησης, σταδιακή αποκατάσταση εισοδημάτων και ομαλοποίηση πολλών διαδικασιών και λειτουργιών που είχαν υποστεί στρεβλώσεις στην διάρκεια της οκταετούς εποπτείας.","Three years ago, the main objective of the Greek economy was to accelerate the exit from the Memoranda and achieve high growth rates, capable of ensuring a systematic rise in employment, a gradual restoration of incomes and the normalisation of many processes and functions that had been distorted during the eight-year supervision.","404",NA
"Κύριος μηχανισμός επανόδου στην ομαλότητα θα ήταν - όπως προτείναμε - η επιτάχυνση των επενδύσεων έτσι ώστε να μειωθεί κάπως το χάσμα αποεπένδυσης της προηγούμενης δεκαετίας μέσω της ενίσχυσης των ιδιωτικών και δημοσίων επενδύσεων με τα κοινοτικά προγράμματα καθώς και την προώθηση μεταρρυθμίσεων που θα αύξαναν την προσέλκυση ξένων επενδύσεων.","The main mechanism for a return to normality would be - as we have proposed - to accelerate investment so as to reduce somewhat the disinvestment gap of the previous decade by boosting private and public investment through Community programmes and promoting reforms that would increase the attraction of foreign investment.","305.1",NA
"Κεντρική ιδέα των επενδύσεων ήταν η ικανότητα αύξησης της Εγχώριας Προστιθέμενης Αξίας (ΕΠΑ) στην παραγωγή, ώστε να βελτιωθεί το Ισοζύγιο Τρεχουσών Συναλλαγών υε υονιμότερο τρόπο και όχι πάλι με μεθόδους εσωτερικής υποτίμησης.","The central idea of investment was the ability to increase Domestic Value Added (DVA) in production, so as to improve the current account balance in a more sustainable way and not again through internal devaluation methods.","404",NA
"Η δημοσιονομική πολιτική που είχαμε εξαγγείλει είχε στόχο την διατήρηση ήπιων πρωτογενών πλεονασμάτων για να μπορέσει να χρηματοδοτήσει επενδύσεις χωρίς να επιβαρύνει περαιτέρω το δημόσιο χρέος.","The fiscal policy we announced was aimed at maintaining mild primary surpluses to be able to finance investment without further burdening public debt.","414",NA
"Τα κρατικά έσοδα θα διασφαλιζόταν καλύτερα με μία εκτεταμένη απλοποίηση του φορολογικού και ασφαλιστικού συστήματος που θα μείωναν τις υπερβολικές επιβαρύνσεις των εισοδημάτων με ένα δίκαιο και διατηρήσιμο τρόπο.","Government revenues would be better secured by an extensive simplification of the tax and social security system that would reduce excessive income burdens in a fair and sustainable way.","414",NA
"Η είσοδος της οικονομίας σε μία θετική πορεία θα παρείχε κίνητρα για την επάνοδο πολλών νέων επιστημόνων που είχαν μεταναστεύσει στο εξωτερικό και μαζί με μία πιο ενεργή πολιτική κινήτρων και ενισχύσεων θα δημιουργούσε μια καλύτερη δημογραφική δυναμική στο μέλλον.","Putting the economy on a positive path would provide incentives for the return of many young scientists who had emigrated abroad and, together with a more active policy of incentives and support, would create a better demographic dynamic in the future.","704",NA
"Πολύ γρήγορα όμως μετά τις εκλογές, η δυναμική των πραγμάτων άλλαξε και το προωθητικό άλμα δεν συντελέστηκε.","Very quickly after the elections, however, the dynamics of things changed and the promotional leap did not take place.","305.1",NA
"Βραχυπρόθεσμα, ο λόγος ήταν μια σειρά από βεβιασμένες αποφάσεις της νέας κυβέρνησης οι οποίες συχνά προκάλεσαν μεγαλύτερη αβεβαιότητα από όση σκόπευαν να περιορίσουν.","In the short term, the reason was a series of hasty decisions by the new government that often caused more uncertainty than they intended to limit.","305.1",NA
"Για παράδειγμα, οι υπερβολικά στενές προθεσμίες απολιγνιτοποίησης έως το 2028 προκάλεσαν μεγάλη αναστάτωση στους τοπικούς πληθυσμούς που θα έφεραν το μεγάλο βάρος της μετάβασης, τροφοδότησαν φόβους ότι η Ελλάδα θα αναγκαστεί να κάνει μεγάλες αγορές ενέργειας αν έκλεινε τις λιγνιτικές μονάδες, ενώ οι νέες επενδύσεις θα γινόταν κυρίως με εισαγωγές μηχανημάτων προκαλώντας μεγάλη διόγκωση του εξωτερικού ελλείμματος.","For example, excessively tight deadlines for denuclearisation until 2028 caused great disruption to local populations who would bear the brunt of the transition, fuelled fears that Greece would be forced to make large energy purchases if it closed down lignite plants, while new investment would be mainly in machinery imports, causing a large swelling of the external deficit.","416.2",NA
"Το πρώτο βαρύ πλήγμα ήλθε όμως με την μορφή της πανδημίας οονϊό-19 που έσπειρε τον τρόμο στην κοινωνία επιβάλλοντας συνεχείς εγκλεισμούς και αποκλεισμούς των μετακινήσεων, καθήλωσε την οικονομική δραστηριότητα και προκάλεσε καθολική έκλειψη ολόκληρων κλάδων για ένα χρονικό διάστημα.","The first heavy blow came, however, in the form of the onion-19 pandemic which spread terror in society by imposing constant confinement and blockades of travel, crippled economic activity and caused a total shutdown of entire industries for a period of time.","408",NA
"Υπήρξαν όμως και οι θετικές εκφάνσεις της πανδημίας: Το δημόσιο σύστημα υγείας έφτασε στα ακραία όρια αντοχής του, αλλά άντεξε την πίεση και απεδείχθη μια σταθερή αξία της ελληνικής κοινωνίας.","But there were also positive aspects of the pandemic: The public health system reached the extreme limits of its endurance, but withstood the pressure and proved to be a constant value of Greek society.","504",NA
"Το εμβολιαστικό σύστημα δούλεψε με επάρκεια, ενώ μια εκτεταμένη προσπάθεια ηλεκτρονικής εκπαίδευσης κάλυψε πολλά από τα κενά που διαφορετικά θα υπήρχαν από το κλείσιμο των εκπαιδευτικών ιδρυμάτων.","The vaccination system worked adequately, while an extensive e-education effort filled many of the gaps that would otherwise have been left by the closure of educational institutions.","506",NA
"Το επόμενο πλήγμα εμφανίστηκε στον ευρωπαϊκό ορίζοντα όταν οι κοινωνίες άρχισαν να βλέπουν την δραστική μείωση της πανδημίας και μία σταδιακή επιστροφή στην κανονικότητα.","The next blow appeared on the European horizon as societies began to see a drastic reduction in the pandemic and a gradual return to normality.","108",NA
"Η εισβολή της Ρωσίας στην Ουκρανία επανάφερε τα σκοτεινά σενάρια πολέμου στην ευρωπαϊκή ήπειρο που είχαν εκλείψει από το τέλος του Β' Παγκοσμίου πολέμου και τροφοδότησε μια άνευ προηγουμένου ενεργειακή κρίση στις οικονομίες της.","Russia's invasion of Ukraine brought back the dark scenarios of war on the European continent that had faded away since the end of World War II and fuelled an unprecedented energy crisis in its economies.","108",NA
"Σε αυτές τις συνθήκες, η διατύπωση των απαραίτητων επιλογών που πρέπει να κάνει μία χώρα σαν την Ελλάδα γίνεται εξαιρετικά δύσκολη, αλλά επίσης και απαραίτητη.","In these circumstances, formulating the necessary choices to be made by a country like Greece becomes extremely difficult, but also essential.","108",NA
"Το Κίνημα Αλλαγής αποτολμά την διατύπωση μιας σειράς προτάσεων στα βασικά θέματα Οικονομίας και Ανάπτυξης,","The Movement for Change ventures to formulate a series of proposals on the key issues of Economy and Development, as well as","410",NA
"καθώς και στο ευρύτερο φάσμα της λειτουργίας του κράτους και των πολιτικών που εφαρμόζει.","on the broader spectrum of the functioning of the state and the policies it implements.","202.1",NA
"2. ΤΑ ΜΝΗΜΟΝΙΑ ΠΡΟΣΑΡΜΟΓΗΣ ΚΑΙ Η ΚΛΗΡΟΝΟΜΙΑ ΤΟΥΣ ΣΤΗΝ ΕΛΛΑΔΑ","2. THE ADJUSTMENT MEMORANDA AND THEIR LEGACY FOR GREECE","H",NA
"Όταν η χώρα άρχισε το 2018 να βγαίνει σταδιακά από τα Μνημόνια Προσαρμογής, η ελληνική οικονομία χαρακτηριζόταν από μια σειρά αντιφατικών μηνυμάτων: οι μακρο-οικονομικές βελτιώσεις συνυπήρχαν με πολλές μικρο-οικονομικές αγκυλώσεις,","When the country started to gradually exit the Adjustment Memoranda in 2018, the Greek economy was characterised by a series of contradictory messages: macro-economic improvements coexisted with many micro-economic stumbling blocks;","414",NA
"τα εξωτερικά ελλείμματα είχαν εξαλειφθεί όχι όμως και η χρόνια αδυναμία μαζικών εξαγωγών,","external deficits had been eliminated but not the chronic weakness of massive exports;","414",NA
"τα έσοδα είχαν βελτιωθεί θεαματικά","revenues had improved dramatically","414",NA
"αλλά το φορολογικό σύστημα περιείχε πλήθος στρεβλώσεων,","but the tax system contained numerous distortions","414",NA
"ενώ το ασφαλιστικό οικοδόμημα είχε μεν αποφύγει την κατάρρευση αλλά βυθιζόταν σε μια πρωτοφανή γραφειοκρατία και αδιαφάνεια.",", while the insurance structure had avoided collapse but was mired in unprecedented bureaucracy and opacity.","414",NA
"Η οικονομία είχε γλυτώσει την ανοιχτή χρεοκοπία και την έξοδο από το Ευρώ, χωρίς όμως να διαθέτει ακόμα διασφαλίσεις για μια απρόσκοπτη πορεία στο μέλλον.","The economy had escaped open bankruptcy and exit from the euro, but still lacked the safeguards for a smooth future.","414",NA
"Γ ια παράδειγμα, το δημοσιονομικό έλλειμμα περιορίστηκε πράγματι δραστικά, από το 16% περίπου του ΑΕΠ το 2009, στο 4% του ΑΕΠ το 2016.","For example, the budget deficit was indeed drastically reduced from around 16% of GDP in 2009 to 4% of GDP in 2016.","414",NA
"Ακόμα πιο εντυπωσιακό είναι το γεγονός ότι το πρωτογενές έλλειμμα από 10% του ΑΕΠ το 2009, μετατράπηκε σε πλεόνασμα 3,20% του ΑΕΠ το 2016.","Even more impressive is the fact that the primary deficit turned from a 10% of GDP deficit in 2009 to a surplus of 3.20% of GDP in 2016.","414",NA
"Όμως οι δαπάνες ενδέχεται στο μέλλον να αυξηθούν προκειυένου να επαναφέρουν ζωτικές λειτουργίες του κράτους σε κανονικά επίπεδα.","But spending may in the future be increased in order to restore vital functions of the state to normal levels.","414",NA
"Οι φόροι είναι πιθανόν να μειωθούν για να τροφοδοτήσουν μια ανάκαμψη της οικονομίας, ενώ οι δημόσιες επενδύσεις θα πρέπει να ενισχυθούν για να περιορίσουν την μεγάλη απαξίωση υποδομών που έχει συντελεστεί.","Taxes are likely to be reduced to fuel an economic recovery, while public investment will need to be boosted to curb the major infrastructure depreciation that has taken place.","411",NA
"Όλοι αυτοί οι παράγοντες θα ελαττώσουν την δημοσιονομική πειθαρχία και τα ελλείμματα θα πιεστούν ανοδικά.","All these factors will reduce fiscal discipline and deficits will be pushed upwards.","414",NA
"Παρομοίως, το εξωτερικό έλλειμμα είχε μεν χαλιναγωγηθεί στην διάρκεια των Μνημονίων και από το -14% του ΑΕΠ το 2009, έφτασε σχεδόν σε κατάσταση ισορροπίας το 2016.","Similarly, the external deficit had been reined in during the Memoranda and from -14% of GDP in 2009, it reached near balance in 2016.","414",NA
"Όμως αυτό δεν οφείλεται σε μαζική αφύπνιση των εξαγωγών, παρά την σημαντική μείωση του μισθολογικού κόστους και την εντυπωσιακή επίδοση του τουρισμού το 2019.","But this is not due to a massive export awakening, despite a significant reduction in wage costs and an impressive tourism performance in 2019.","414",NA
"Ήταν κυρίως αποτέλεσμα του δραστικού περιορισμού της ζήτησης των εισαγωγών, λόγω της παρατεταμένης ύφεσης.","It was mainly the result of a drastic reduction in import demand due to the prolonged recession.","414",NA
"Με την ανάκαμψη της οικονομίας, οι εισαγωγές θα εκτιναχθούν εκ νέου, ενώ οι εξαγωγές θα παραμείνουν σχεδόν καθηλωμένες, ιδιαίτερα μάλιστα αν αρχίσουν να δίνονται κάποιες αυξήσεις στις μισθολογικές αμοιβές του ιδιωτικού τομέα μετά από μια μακρά περίοδο συμπίεσης.","As the economy recovers, imports will surge again, while exports will remain almost flat, especially if some increases in private sector wages start to be given after a long period of compression.","414",NA
"Για όλους αυτούς τους λόγους, η Ελλάδα - για αρκετά χρόνια μετά την κορύφωση της οικονομικής κρίσης και την έναρξη εφαρμογής των Προγραμμάτων Προσαρμογής - εξακολουθούσε να βρίσκεται σε μια κατάσταση αβεβαιότητας, με σοβαρές διαρθρωτικές αδυναμίες και χωρίς να έχουν εξαλειφθεί τα αίτια για τις προηγούμενες παθογένειες.","For all these reasons, Greece - for several years after the peak of the economic crisis and the launch of the Adjustment Programmes - remained in a state of uncertainty, with serious structural weaknesses and without the causes of the previous pathologies having been eliminated.","414",NA
"Τρία ήταν τα μεγάλα προβλήματα που εξακολουθούσε να αντιμετωπίζει: Το πρώτο ήταν η μεγάλη αποεπένδυση που είχε υποστεί η παραγωγική διαδικασία, ιδιωτική και δημόσια, στις επιχειρήσεις και τις υποδομές.","Three major problems remained: The first was the large disinvestment that had taken place in the productive process, both private and public, in enterprises and infrastructure.","411",NA
"Γ ια να αναπληρώσει το κενό, η χώρα έπρεπε να πραγματοποιήσει μέσα σε μια δεκαετία πάγιες επενδύσεις ύψους περίπου 100 δισεκ. Ευρώ για να αποκαταστήσει το δυναμικό και την απασχόληση που είχε πριν την κρίση του 2010.","To fill the gap, the country had to make fixed investments of around 100 billion euros over a decade. EUR 100 billion over a decade to restore the potential and employment it had before the 2010 crisis.","410",NA
"Το ποσόν ήταν εξαιρετικά μεγάλο και για να προσελκυστεί θα χρειαζόταν δραστικές παρεμβάσεις στην λειτουργία του κράτους, την αποτελεσματικότητα των θεσμών και την χρηματοδοτική επάρκεια του τραπεζικού συστήματος.","The amount was extremely large and would require drastic interventions in the functioning of the state, the efficiency of institutions and the financial adequacy of the banking system to attract it.","414",NA
"Κανένα από αυτά δεν ικανοποιούνταν εκείνη την περίοδο και γιαυτό άλλωστε οι επενδύσεις δεν ανταποκρινόταν στις απανωτές προσκλήσεις των ελληνικών αρχών.","None of these were being met at the time, which is why investment did not respond to the repeated invitations from the Greek authorities.","414",NA
"Επιπλέον, η υπαγωγή όλων των δημοσίων επιχειρήσεων στο λεγόμενο Υπερταμείο για μία περίοδο κηδεμονίας 99 ετών, προσέδιδε στην ελληνική οικονομία χαρακτηριστικά εξάρτησης που είναι ασύμβατα με την ελευθερία των επενδύσεων και το καθεστώς διαφάνειας που απαιτείται για να προσελκυστούν ξένα κεφάλαια.","Moreover, the inclusion of all public enterprises in the so-called 'Ypertafond' for a period of 99 years of guardianship gave the Greek economy characteristics of dependency that are incompatible with the freedom of investment and the transparency regime required to attract foreign capital.","414",NA
"2. Το δεύτερο μεγάλο πρόβλημα της ελληνικής οικονομίας ήταν το υψηλό δημόσιο χρέος, η αποπληρωμή του οποίου απαιτούσε υψηλά πρωτογενή πλεονάσματα που πιθανότατα θα προκαλούσαν ασφυξία στην αναπτυξιακή διαδικασία.","2. The second major problem of the Greek economy was the high level of public debt, the repayment of which required high primary surpluses that would probably suffocate the growth process.","414",NA
"Τελικά το πρόβλημα διευθετήθηκε με την επιμήκυνση των πληρωμών σε μεγάλη χρονική κλίμακα και την συμφωνία για την συσσώρευση πιο μετριοπαθών πλεονασμάτων.","Eventually the problem was resolved by extending payments over a long period of time and agreeing to accumulate more modest surpluses.","414",NA
"Δεν παύει όμως το χρέος να είναι πολύ υψηλό ως ποσοστό του ΑΕΠ.","But the debt is still too high as a percentage of GDP.","414",NA
"Αν μέχρι τέλος της τρέχουσας δεκαετίας δεν έχει μειωθεί λόγω της ανάπτυξης ή/και της μείωσης των επιτοκίων θα απαιτηθούν νέες ρυθμίσεις επέκτασης των αποπληρωμών για να ξαναγίνει διαχειρίσιμο.","If by the end of the current decade it has not been reduced by growth and/or lower interest rates, new arrangements for extending repayments will be required to make it manageable again.","414",NA
"3. Το τρίτο σύμπλεγμα προβλημάτων περιλαμβάνει το φορολογικό και το ασφαλιστικό σύστημα.","3. The third cluster of problems includes the tax and social security systems.","414",NA
"Και τα δύο χαρακτηρίζονται από μεγάλες επιβαρύνσεις των εργαζομένων και των επιχειρήσεων, χαμηλή εισπραξιμότητα εσόδων, πολύπλοκους και ακατανόητους κανόνες, ενώ η διαχείριση τους στην χρηματοδότηση δαπανών και συντάξεων είναι συχνά αδιαφανής, άδικη και αναποτελεσματική.","Both are characterised by heavy burdens on workers and businesses, low revenue collection, complex and incomprehensible rules, and their management of expenditure and pension financing is often opaque, unfair and inefficient.","414",NA
"Τα προβλήματα αυτά προκαλούν τόσες στρεβλώσεις που τελικά συρρικνώνουν την επιχειρηματικότητα και περιορίζουν τις προοπτικές απασχόλησης και αμοιβών των εργαζομένων.","These problems cause so many distortions that ultimately shrink entrepreneurship and limit the employment and pay prospects of workers.","402",NA
"Ένα σημαντικό μέρος νέων εργαζομένων επέλεξε να μεταναστεύσει την περίοδο της κρίσης και δεν δείχνει καμμία διάθεση παλινόστησης μετά το πέρας των Μνημονίων.","A significant proportion of young workers chose to emigrate during the crisis and show no inclination to return after the end of the Memoranda.","706",NA
"Για όλους τους παραπάνω λόγους, η διατύπωση προτάσεων οικονομικής πολιτικής ξεπερνά σήμερα κατά πολύ την απαίτηση μιας καλύτερης διαχείρισης της συγκυρίας ή ακόμη και την επίτευξη κάποιου συγκεκριμένου επιμέρους στόχου τα επόμενα χρόνια.","For all the above reasons, the formulation of economic policy proposals today goes far beyond the requirement of better management of the situation or even the achievement of a specific individual objective in the coming years.","305.1",NA
"Οφείλει να αντιμετωπίζει όχι μόνο τα βραχυχρόνια προβλήματα, αλλά ταυτόχρονα να οδηγεί σε μια νέα δυναμική, ικανή να ανατρέψει τις αρνητικές μακροχρόνιες τάσεις.","It must not only address short-term problems, but at the same time lead to a new dynamic capable of reversing negative long-term trends.","414",NA
"Η ανάγκη αυτή κατέστη αδήριτη με τα όσα ακολούθησαν από το 2019 μέχρι σήμερα: η ελληνική κοινωνία αποδιαρθρώθηκε από το κύμα της πανδημίας που διαρκεί έως σήμερα, η οικονομία δοκιμάζεται από το κύμα ακρίβειας στα ενεργειακά καύσιμα και η χώρα συνολικά απειλείται από μια σειρά επικίνδυνων γεωπολιτικών αναταράξεων.","This need has become imperative with what has followed from 2019 until today: the Greek society has been dismantled by the pandemic wave that lasts until today, the economy is being tested by the wave of energy fuel shortages and the country as a whole is threatened by a series of dangerous geopolitical upheavals.","414",NA
"3. ΣΥΝΕΠΕΙΕΣ ΤΗΣ ΠΑΝΔΗΜΙΑΣ","3. CONSEQUENCES OF THE PANDEMIC","H",NA
"Μεσοπρόθεσμα, η ακύρωση της αναπτυξιακής δυναμικής ήλθε όμως από την επέλαση της πανδημίας του οονίά-19 που από τις αρχές του 2020 έπληξε όλες τις χώρες του πλανήτη προκαλώντας μεγάλο αριθμό θυμάτων και οδηγώντας την οικονομική ζωή σε απανωτά ΙοοΚ-άοννη και αποδιοργάνωση.","In the medium term, however, the cancellation of the growth momentum came from the onslaught of the Ozone-19 pandemic that since the beginning of 2020 has hit all the countries of the world, causing a large number of victims and leading economic life to repeated IOC-ion and disorganization.","410",NA
"Μετά από μια διετία εξάρσεων, μέτρων και αβεβαιότητας, η κατάσταση δείχνει να τείνει προς μια ύφεση κρουσμάτων αλλά οι επιπτώσεις της πανδημίας φαίνεται να έχουν μονιμότερο χαρακτήρα και είναι βέβαιο ότι θα καθορίσουν την εξέλιξη πολλών πραγμάτων στο άμεσο μέλλον.","After two years of outbreaks, measures and uncertainty, the situation seems to be tending towards a decline in outbreaks but the effects of the pandemic seem to be more permanent and are bound to determine the course of many things in the near future.","410",NA
"Εστιάζοντας μόνο στις οικονομικές συνέπειες της πανδημίας, οι κυριότερες αλλαγές είναι οι εξής: 1. Περιορισμός της παγκοσμιοποίησης λόγω των σημαντικών καθυστερήσεων στην διεθνή εφοδιαστική αλυσίδα και την συρρίκνωση της διακίνησης του ανθρώπινου δυναμικού στις διάφορες χώρες λόγω των υγειονομικών απαγορεύσεων.","Focusing only on the economic consequences of the pandemic, the main changes are as follows: 1. limitation of globalisation due to significant delays in the international supply chain and the contraction of the movement of human resources across countries due to health restrictions.","410",NA
"Στην θέση της αναπτύσσονται νέες οικονομικές σχέσεις με μικρότερο διεθνές βεληνεκές και εντονότερη περιφερειακή διάσταση.λ","In its place, new economic relations are developing with a smaller international scope and a stronger regional dimension.l","410",NA
"2. Συρρίκνωση του τομέα των υπηρεσιών και ιδιαίτερα των παρεχόμενων προς τελικούς καταναλωτές, όπως ο τουρισμός.","2. A shrinking of the services sector, particularly those provided to final consumers, such as tourism.","410",NA
"Αντίθετα, αυξήθηκε σημαντικά η διακίνηση εμπορεύσιμων αγαθών, όπως τα διατροφικά προϊόντα και η μεταποίηση.","In contrast, there has been a significant increase in the movement of tradable goods, such as food products and manufacturing.","410",NA
"Δευτερογενώς αυτό είχε ως συνέπεια την χειροτέρευση του εξωτερικού ισοζυγίου σε οικονομίες υπηρεσιών και την βελτίωση του σε χώρες παραγωγής υψηλής προστιθέμενης αξίας.","This has had the secondary effect of worsening the external balance in service economies and improving it in high value-added producing countries.","414",NA
"3. Μεγάλες ανατροπές στην φύση της απασχόλησης με την ταχεία και ευρεία διάδοση δικτυακής εργασίας.","3. Major reversals in the nature of employment with the rapid and widespread diffusion of network work.","411",NA
"Λόγω της πανδημίας επιταχύνθηκαν πολλές πρωτοβουλίες υιοθέτησης νέων τεχνολογιών πληροφορικής για την ατομική τηλεργασία ή την ομαδική διαβούλευση που θα εξακολουθήσουν πλέον να χαρακτηρίζουν τα εργασιακά δεδομένα εφεξής.","The pandemic has accelerated many initiatives to adopt new information technologies for individual teleworking or group consultation, which will continue to characterise the workplace from now on.","411",NA
"4. Ανάδειξη της σημασίας των δημοσίων υποδομών, ιδιαίτερα στον τομέα της υγείας και της παιδείας.","4. Highlighting the importance of public infrastructure, particularly in the health and education sectors.","411",NA
"Η ικανότητα της φαρμακευτικής βιομηχανίας να παράγει σε σύντομο χρόνο τα απαιτούμενα εμβόλια, η δυνατότητα χρηματοδότησης και εντατικής διάδοσης των εμβολιασμών, καθώς και η γενναία κινητοποίηση του νοσηλευτικού συστήματος είχαν ως αποτέλεσμα την αντιμετώπιση της πανδημίας και την αποφυγή γενικευμένης ανθρωπιστικής καταστροφής.","The ability of the pharmaceutical industry to produce the necessary vaccines at short notice, the ability to finance and disseminate vaccinations intensively, and the courageous mobilisation of the health care system, have resulted in the response to the pandemic and the avoidance of a generalised humanitarian disaster.","504",NA
"Η παροχή των απαραίτητων υποδομών τηλεκπαίδευσης για την αναπλήρωση των σχολικών ωρών είχε σαφώς πιο περιορισμένη επιτυχία, συνετέλεσε όμως και αυτή στην μερική αντιμετώπιση της εκπαιδευτικής αποχής που υποχρεωτικά επιβλήθηκε.","The provision of the necessary tele-education infrastructure to make up for school hours had a much more limited success, but it too contributed to partially addressing the compulsory school absenteeism.","506",NA
"5. Ανατροπή των δημοσιονομικών σχεδιασμών, λόγω της απόφασης των περισσότερων κυβερνήσεων να καλύψουν χρηματοδοτικά τις εισοδηματικές απώλειες εργαζομένων και επιχειρήσεων από το παρατεταμένο ΙοοΙ<-όοννη και τους συναφείς περιορισμούς.","5. Reversal of fiscal plans, due to the decision of most governments to financially cover the income losses of workers and businesses from the prolonged IoI<-ion and associated constraints.","414",NA
"Επίσης οι περισσότερες κεντρικές τράπεζες υιοθέτησαν άκρως χαλαρή νομισματική πολιτική για να τονώσουν την ρευστότητα και να αποφύγουν την παγίδα αποπληθωρισμού στις οικονομίες τους.","Also, most central banks adopted highly accommodative monetary policies to stimulate liquidity and avoid the deflation trap in their economies.","414",NA
"Αποτέλεσμα ήταν η διόγκωση των δημοσίων δαπανών, η οποία σε συνδυασμό με την κατάρρευση των φορολογικών εσόδων οδήγησε σε εκτίναξη του δημόσιου χρέους.","As a result, public spending ballooned, which, combined with the collapse of tax revenues, led to soaring public debt.","414",NA
"6. Επανεμφάνιση του πληθωρισμού.","6. Re-emergence of inflation.","414",NA
"Ως αποτέλεσμα αυξήσεων στις τιμές πρώτων υλών, των δυσκολιών στην τελική παράδοση καταναλωτικών αγαθών, στην αυξημένη αποταμίευση λόγω του εγκλεισμού αλλά και τις γενναίες κρατικές ενισχύσεις, οι τιμές των αγαθών μπήκαν σε μια ανοδική πορεία έπειτα από μακρά περίοδο στασιμότητας ή/και μειώσεων.","As a result of increases in raw material prices, difficulties in the final delivery of consumer goods, increased savings due to the lock-in and generous government subsidies, goods prices entered an upward trend after a long period of stagnation and/or decline.","414",NA
"Με την ύφεση της πανδημίας, άρχισε να διαμορφώνεται μια τάση επιστροφής στην δημοσιονομική και νομισματική αυστηρότητα, πλην όμως και οι δύο ανακόπηκαν εξαιτίας της νέας διαταραχής λόγω του πολέμου στην Ουκρανία.","With the recession of the pandemic, a trend towards a return to fiscal and monetary austerity began to emerge, but both were halted by the new disturbance caused by the war in Ukraine.","414",NA
"Ο πληθωρισμός - ενώ αρχικά εθεωρείτο ότι θα είναι μεταβατικό και ήπιο φαινόμενο - τώρα εκτιμάται ότι θα παραμείνει σε υψηλά επίπεδα για απροσδιόριστο διάστημα.","Inflation - while initially thought to be transitory and mild - is now expected to remain high for an indefinite period.","414",NA
"7. Ταμείο Ανάκαμψης και Ανθεκτικότητας.","7. Recovery and Resilience Fund.","408",NA
"Έπειτα από πολλές εσωτερικές συγκρούσεις, η Ευρωπαϊκή Επιτροπή εμφανίστηκε ως από μηχανής θεός για να αντιμετωπιστεί η καταβύθιση της ανάπτυξης που απειλούσε όλα τα μέλη της - αν και σε διαφορετικό βαθμό.","After much internal conflict, the European Commission emerged as a godlike machine to deal with the plummeting growth that threatened all its members - albeit to varying degrees.","108",NA
"Το Ευρωπαϊκό Συμβούλιο της 27/7/2020 αποφάσισε την ίδρυση του Ταμείου Ανάκαμψης & Ανθεκτικότητας (ΤΑΑ), με σημαντικούς νέους πόρους για να χρηματοδοτηθούν οι πληγείσες οικονομίες.","The European Council of 27/7/2020 decided to establish the Recovery Fund & Resilience Fund (SRF), with significant new resources to finance the affected economies.","108",NA
"Στόχος είναι οι χώρες να ανασυγκροτήσουν τις οικονομίες τους σε δύο κατευθύνσεις: πρώτον την αντιμετώπιση του πλήγματος λόγω πανδημίας και, δεύτερον, τον μετασχηματισμό τους σύμφωνα με τις απαιτήσεις της λεγάμενης «Πράσινης Μετάβασης» και της «Ψηφιακής Μετάβασης», όπως καθορίζονται στους στόχους για την Ευρωπαϊκή Ένωση Επόμενης Γενεάς (Next Generation European Union, NGEU).","The aim is for countries to rebuild their economies along two lines: firstly, to cope with the pandemic shock and secondly, to transform them in line with the requirements of the so-called ""Green Transition"" and ""Digital Transition"" as set out in the objectives for the Next Generation European Union (NGEU).","416.2",NA
"Συγκεκριμένα προβλέπεται να διατεθούν στα κράτη- μέλη 750 δισ. ευρώ επιπλέον του κοινοτικού προϋπολογισμού για την περίοδο 2021-2027.","In particular, it is foreseen that Member States will be allocated an additional €750 billion to the Community budget for the period 2021-2027.","108",NA
"Τα κονδύλια αυτά δεν θα προέλθουν από εισφορές μελών αλλά από δανεισμό που θα συνάψει η ΕΕ ως ενιαίος θεσμός.","These funds will not come from Member States' contributions but from borrowing by the EU as a single institution.","108",NA
"Με τον τρόπο αυτό, εισάγεται για πρώτη φορά η δυνατότητα σύναψης κοινοτικού χρέους και διευρύνεται η δημοσιονομική ευελιξία της Νομισματικής Ένωσης.","This introduces for the first time the possibility of contracting Community debt and increases the fiscal flexibility of the Monetary Union.","108",NA
"4. ΣΥΝΕΠΕΙΕΣ ΤΗΣ ΠΑΝΔΗΜΙΑΣ ΓΙΑ ΤΗΝ ΕΛΛΑΔΑ ΚΑΙ ΚΑΤΕΥΘΥΝΣΗ ΠΟΛΙΤΙΚΩΝ","4. CONSEQUENCES OF THE PANDEMIC FOR GREECE AND POLICY DIRECTION","H",NA
"Αν και σε διαφορετικό βαθμό, οι παραπάνω συνέπειες χαρακτήρισαν σχεδόν όλες τις οικονομίες.","Although to varying degrees, the above consequences have affected almost all economies.","408",NA
"Στην συνέχεια σκιαγραφείται η ένταση και οι ιδιομορφίες με τις οποίες εκδηλώθηκαν στην Ελλάδα, ώστε να δούμε με ποιες πολιτικές θα πρέπει να πορευτούμε στο μέλλον.","The following section outlines the intensity and the specificities with which they manifested themselves in Greece, in order to see what policies should be adopted in the future.","404",NA
"Συγκεκριμένα;","Specifically?","404",NA
"4.1 Λιγότερη παγκοσμιοποίηση","4.1 Less globalisation","H",NA
"Ο περιορισμός της παγκοσμιοποίησης δεν θα έχει σοβαρό αντίκτυπο στην ελληνική οικονομία, δεδομένου ότι η παραγωγή εμπορεύσιμων αγαθών είναι ως επί το πλείστον μικρής κλίμακας και η αξιοποίηση διεθνών δικτύων περιορισμένη.","Reducing globalisation will not have a serious impact on the Greek economy, given that the production of tradable goods is mostly small-scale and the use of international networks is limited.","404",NA
"Ίσα-ίσα, η Ελλάδα μπορεί να επωφεληθεί σημαντικά από την τάση περιφερειοποίησης των οικονομικών συναλλαγών, καθώς το σχετικά μικρό μέγεθος των επιχειρήσεων θα βρίσκει ευκολότερα διέξοδο σε μικρότερες αγορές, σχετικά κοντά στην επικράτεια τους.","Equally, Greece may benefit significantly from the trend towards regionalisation of economic transactions, as the relatively small size of firms will find easier access to smaller markets relatively close to their own territory.","404",NA
"Ακόμα όμως και σε αυτό το επίπεδο, οι ελλείψεις υποδομών παραγωγής και εμπορίας παραμένουν σημαντικές και θα πρέπει να ενισχυθούν άμεσα.","Even at this level, however, the deficiencies in production and marketing infrastructure remain significant and need to be urgently addressed.","411",NA
"Εμπορευματικά κέντρα, διασυνδέσεις με οδικούς και σιδηροδρομικούς άξονες, κέντρα μάρκετινγκ και ποιοτικού ελέγχου, καθώς και επιχειρηματικές συστάδες (οΙυεΐθΓδ) για την ολοκληρωμένη διαχείριση της παραγωγής είναι πολιτικές που χρειάζονται ευρεία χρηματοδότηση και υλοποίηση.","Trade centres, road and rail links, marketing and quality control centres, as well as business clusters (OIWI) for integrated production management are policies that need to be widely funded and implemented.","411",NA
"Καθοριστικής σημασίας είναι η διάδοση και ευρεία χρήση των αναγκαίων χρηματοπιστωτικών εργαλείων για την προώθηση των προϊόντων σε ξένες αγορές.","The dissemination and widespread use of the necessary financial instruments to promote products in foreign markets is crucial.","404",NA
"Γ ια τον σκοπό αυτό, χρειάζεται η επανίδρυση υποκαταστημάτων των ελληνικών τραπεζών στην ευρύτερη περιοχή της ΝΑ Ευρώπης, Μέσης Ανατολής και Βόρειας Αφρικής που θα λειτουργήσουν ως γέφυρες των επιχειρηματικών και εμπορικών δεσμών με αυτές τις περιοχές.","To this end, it is necessary to re-establish branches of Greek banks in the wider region of South-Eastern Europe, the Middle East and North Africa, which will act as bridges for business and commercial links with these regions.","404",NA
"Η εμπειρία της ελληνικής τραπεζικής επέκτασης στα Βαλκάνια από το 1990 και μετά ήταν ιδιαιτέρως θετική πριν εκριζωθεί αδικαιολόγητα από τις απαιτήσεις των Μνημονίων.","The experience of Greek banking expansion in the Balkans since 1990 was particularly positive before it was unduly eradicated by the requirements of the Memoranda.","404",NA
"Αξίζει τέλος να σημειωθεί ότι η περιφερειακή εξάπλωση της ελληνικής οικονομίας θα ενισχυθεί ακόμα περισσότερο αν τα κράτη των Δυτικών Βαλκανίων μπουν γρήγορα σε μια διαδικασία προσαρμογής για την ένταξη τους στην Ευρωπαϊκή Ένωση.","Finally, it is worth noting that the regional expansion of the Greek economy will be further enhanced if the Western Balkan states quickly enter into an adjustment process for their accession to the European Union.","410",NA
"4.2 Αστάθεια/κατάρρευση υπηρεσιών","4.2 Instability/collapse of services","H",NA
"Για να αντιμετωπιστεί μακροπρόθεσμα η αστάθεια στην διεθνή ζήτηση υπηρεσιών, πρέπει να δώσουμε έμφαση αφενός μεν στην καλύτερη και πιο ολοκληρωμένη οργάνωση τους, αφετέρου δε στην ενίσχυση της παραγωγής εμπορεύσιμων αγαθών που τώρα είναι ιδιαίτερα ασθενής στην Ελλάδα.","In order to address the instability in international demand for services in the long term, we need to emphasise, on the one hand, better and more integrated organisation of services and, on the other hand, strengthening the production of tradable goods, which is currently particularly weak in Greece.","404",NA
"Αξίζει να αναφερθεί ότι το 2021 μετά από δύο έτη πανδημίας η βιομηχανική παραγωγή είχε αυξηθεί κατά +12,50% σε σύγκριση με το 2019, ενώ την ίδια περίοδο οι υπηρεσίες είχαν μειωθεί κατά -4,4% και στο σύνολο του το ΑΕΠ είχε μειωθεί κατά -3,50%. (Στοιχεία ΕΛΣΤΑΤ, 11/3/2022).","It is worth mentioning that in 2021, after two years of pandemic, industrial production had increased by +12.50% compared to 2019, while in the same period services had decreased by -4.4% and overall GDP had decreased by -3.50%. (ELSTAT data, 11/3/2022).","404",NA
"Η ενίσχυση της μεταποίησης απαιτεί μια ολοκληρωμένη βιομηχανική πολιτική που θα διευκολύνει τον σχεδίασμά και την εγκατάσταση νέων μονάδων σε περιοχές με σύγχρονες υποδομές, την περιβαλλοντική τους συμμόρφωση και τον εκσυγχρονισμό τους με νέες μεθόδους παραγωγής, ιδιαίτερα της λεγάμενης Αης γενεάς.","Strengthening manufacturing requires an integrated industrial policy that will facilitate the design and installation of new plants in areas with modern infrastructure, their environmental compliance and their modernisation with new production methods, particularly the so-called 'A' generation.","404",NA
"Σοβαρές θεσμικές παρεμβάσεις απαιτούνται κα για την αναβάθμιση στους τομείς των υπηρεσιών.","Serious institutional interventions are also needed for upgrading in the service sectors.","404",NA
"Οι περισσότερες που παρέχονται σήμερα στην Ελλάδα είναι απευθείας προς καταναλωτές (Βυ5ΐηθ55 ΐο ΟοηδυπίθΓδ, Β20), οι οποίες είναι πιο ευάλωτες σε εισοδήματος και γεωπολιτικές αβεβαιότητες.","Most services currently provided in Greece are direct-to-consumer (Bv5ΐηθ55 ϊο OоηδυπίθΓδ, B20), which are more vulnerable to income and geopolitical uncertainties.","404",NA
"Αντίθετα, οι υπηρεσίες προς επιχειρήσεις (Βυ5ΐηθ55 ΐο Βυ5ΐηθ55, Β2Β), έχουν βρεθεί να είναι πολύ πιο ανθεκτικές σε διακυμάνσεις, είναι όμως μικρό μερίδιο της συνολικής δραστηριότητας.","In contrast, business-to-business services (Byy5ΐηηθ55 ΐo Byy5ΐηθ55, B2B), have been found to be much more resilient to fluctuations, but are a small share of total activity.","404",NA
"Ο βαθμός ολοκλήρωσης των παρεχόμενων υπηρεσιών θα αύξαινε επίσης την ανθεκτικότητα τους και μπορεί να επιτευχθεί είτε μέσω διεύρυνσης των επιχειρήσεων που τις παρέχουν (μέσω οΙυδΐΘΓΐης), είτε μέσω χρονικής επιμήκυνσης τους (πχ, χειμερινός τουρισμός).","The degree of integration of the services provided would also increase their resilience and can be achieved either by expanding the firms providing them (through OIdItHiHi) or by extending their duration (e.g., winter tourism).","404",NA
"Τέλος ένα σημαντικό βήμα για να μειωθεί ο βαθμός έκθεσης σε απρόβλεπτες διαταραχές είναι η δημιουργία Επαγγελματικών Ταμείων Αυτασφάλισης Έναντι Κινδύνων (ΕΤΑΕΚ) που θα βασίζονται στην συμμετοχή των επιχειρήσεων και θα τις αποζημιώνουν όταν αντιμετωπίζουν αρνητικές επιπτώσεις.","Finally, an important step to reduce the degree of exposure to unforeseen disturbances is the creation of Professional Self-Insurance Funds against Risks (PIFs) based on the participation of enterprises and compensating them when they face negative impacts.","404",NA
"4.3 Τηλεργασία","4.3 Teleworking","H",NA
"Η τηλεργασία δημιουργεί νέες δυνατότητες για τους εργαζόμενους, εφόσον το αποτέλεσμα της εργασίας τους ψηφιοποιείται για να μπορεί να μεταφερθεί δικτυακά.","Teleworking creates new opportunities for workers, since the result of their work is digitised so that it can be transferred over the network.","701",NA
"Αφορά κυρίως όσους μπορούν να εξατομικεύουν την παρεχόμενη εργασία - δηλαδή κατεξοχήν τους ελεύθερους επαγγελματίες - αλλά και για πιο συλλογικές μορφές με τις κατάλληλες προϋποθέσεις συντονισμού.","It concerns mainly those who can personalise the work they do - i.e. mainly the self-employed - but also more collective forms with the right conditions for coordination.","701",NA
"Σε αυτές τις κατηγορίες, η τηλεργασία μπορεί να προσφέρει πιο άνετες συνθήκες παροχής, απαλλάσσει τον εργαζόμενο από την ανάγκη άσκοπων μετακινήσεων και δημιουργεί αποθέματα δημιουργικού χρόνου που μπορεί να τα αφιερώσει πιο δημιουργικά με θετικό αποτέλεσμα για τον ίδιο αλλά και την επιχείρηση.","In these categories, teleworking can offer more comfortable conditions of provision, relieves the employee of the need for unnecessary travel and creates reserves of creative time that can be spent more creatively, with positive results for both the employee and the company.","701",NA
"Ενέχει όμως και κινδύνους, επειδή η εξατομικευμένη παροχή εργασίας καταργεί την συλλογική παρουσία και μπορεί να οδηγήσει σε καταχρηστικές εργοδοτικές συμπεριφορές σε σχέση με τα ώρες ή/και τις απαιτήσεις εργασίας.","It also carries risks, however, because individualised work provision removes collective presence and can lead to abusive employer behaviour in relation to hours and/or work requirements.","701",NA
"Για αυτό χρειάζονται πρωτόκολλα που διασφαλίζουν τον χρόνο εργασίας και την πρόσβαση σε ηλεκτρονικά δεδομένα από τις επιχειρήσεις.","This is why protocols are needed to safeguard working time and access to electronic data by businesses.","701",NA
"Δικτυακές καινοτομίες έχουν γίνει επίσης κατά την διάρκεια της πανδημίας στα δίκτυα διανομής προϊόντων, κατ’ οίκον ή στην οιυοικυυιυ ιιυμυγωγης.","Network innovations have also been made during the pandemic in product distribution networks, in-house or in the home.","701",NA
"Όμως η ευρεία διάδοση της τηλεργασίας και των ηλεκτρονικών μορφών οικονομίας θα τείνει να ευνοεί τους πιο καταρτισμένους εργαζόμενους διευρύνοντας έτσι τις ανισότητες αμοιβών μεταξύ των διαφόρων κατηγοριών.","But the widespread diffusion of teleworking and electronic forms of the economy will tend to favour more skilled workers, thus widening pay inequalities between different categories.","701",NA
"Για την μείωση της τεχνολογικής ανισότητας, το καλύτερο εργαλείο είναι η ανάλογη εκπαίδευση στις νέες μορφές υπολογιστών και τηλεκπαίδευσης.","To reduce technological inequality, the best tool is appropriate training in the new forms of computers and tele-education.","411",NA
"Βάση θα αποτελεί μία δέσμη μαθημάτων δΤΕΜ (δοίθηοο, ΤθοήηοΙοςγ, Εηςμηθβπης), Μ3ΐήθπΐ3ΐίθ5) που θα δίνουν την δυνατότητα εξοικείωσης με τις σύγχρονες τάσεις πληροφορικής σε διάφορους τομείς.","The basis will be a set of dTEM (DTEM) courses (DITH, TTHOIOIOSG, EIS, M3IITHIOIOSG, M3IITHIOSG) which will allow familiarisation with modern computer trends in various fields.","411",NA
"Η εκπαίδευση θα γίνεται κατά προτεραιότητα στην νέα γενιά με δυνατότητα επέκτασης σε όλες τις ηλικίες, αναλόγως των αναγκών και των δυνατοτήτων.","Training will be given priority to the younger generation with the possibility of extending to all ages, depending on needs and potential.","411",NA
"4.4 Δημόσια αγαθά","4.4 Public goods","H",NA
"Η ενίσχυση των δημοσίων αγαθών της παιδείας, υγείας και γενικότερα της προστασίας των πολιτών έναντι μεγάλων διαταραχών που ανατρέπουν τις κοινωνικές και οικονομικές συνθήκες έχει πλέον λάβει την μορφή γενικευμένης απαίτησης και ανάγκης μετά την πανδημία.","The strengthening of the public goods of education, health and, more generally, the protection of citizens against major disruptions that upset social and economic conditions has now taken the form of a general demand and need in the wake of the pandemic.","504",NA
"Για να δημιουργηθούν οι συνθήκες επαρκούς ανταπόκρισης του κράτους χρειάζονται μεγάλες επενδύσεις, στελέχωση με το κατάλληλο ανθρώπινο δυναμικό και ετοιμότητα παροχής των αντίστοιχων υπηρεσιών.","In order to create the conditions for an adequate state response, major investments, staffing with the appropriate human resources and readiness to provide the relevant services are needed.","504",NA
"Συγκεκριμένα οι στόχοι για την παιδεία και την υγεία είναι οι εξής-","Specifically, the objectives for education and health are as follows;","504",NA
"1. Ενίσχυση του συστήματος υγείας με σύγχρονο εξοπλισμό και αντίστοιχης εμπειρίας ιατρικό και νοσηλευτικό προσωπικό.","1. Strengthening the health system with modern equipment and appropriately experienced medical and nursing staff.","504",NA
"Βασικό στοιχείο του σχεδιασμού είναι η ευέλικτη μετατροπή για την αντιμετώπιση των αναγκών που προκύπτουν κάθε φορά και τον δραστικό περιορισμό των διακομιδών νοσηλείας.","A key element of planning is flexible transformation to meet the needs that arise at any given time and drastically reduce hospitalizations.","504",NA
"2. Ενίσχυση της βιομηχανίας φαρμάκου και ανάδειξη της σε βασικό ανταγωνιστικό κλάδο της ελληνικής οικονομίας.","2. Strengthening the pharmaceutical industry and making it a key competitive sector of the Greek economy.","410",NA
"3. Ενίσχυση όλων των βαθμιδών της εκπαίδευσης, με έμφαση στην απόκτηση τεχνολογικών γνώσεων και δεξιοτήτων (μηχανική, μαθηματικά, κλπ - τα λεγάμενα δΤΕΜ), καθώς και την αναβάθμιση της επαγγελματικής εκπαίδευσης.","3. Strengthening all levels of education, with emphasis on the acquisition of technological knowledge and skills (engineering, mathematics, etc. - the so-called dTEMs), as well as upgrading vocational education.","411",NA
"4.5 Κρατικές ενισχύσεις","4.5 State aid","H",NA
"Η ελληνική κυβέρνηση υιοθέτησε και αυτή τις εκτεταμένες εισοδηματικές ενισχύσεις προς αργούσες επιχειρήσεις και εργαζόμενους, πολύ συχνά όμως με υπερβάλλοντα ζήλο και χωρίς τον απαραίτητο έλεγχο κριτηρίων επιλεξιμότητας.","The Greek government has also adopted extensive income support for latecomers to business and workers, but very often with excessive zeal and without the necessary control of eligibility criteria.","303",NA
"Σε συνδυασμό με την κατάρρευση των εσόδων, αυτό οδήγησε στην εκτίναξη του δημοσιονομικού ελλείμματος στο 10% του ΑΕΠ για το 2020, ενώ το δημόσιο χρέος το 2021 ξεπέρασε το 206% του ΑΕΠ, το υψηλότερο πλέον παγκοσμίως και από αυτό της Ιαπωνίας.","Combined with the collapse of revenues, this led to a ballooning fiscal deficit of 10% of GDP in 2020, while public debt in 2021 exceeded 206% of GDP, now the highest in the world and higher than that of Japan.","303",NA
"4.6 Οι ρίζες του πληθωρισμού πριν τον πόλεμο","4.6 The roots of inflation before the war","H",NA
"Ο πληθωρισμός στην Ελλάδα εμφανίστηκε ήδη από το φθινόπωρο του 2021, τροφοδοτούμενος αρχικά τόσο από τις αυξήσεις στις τιμές των ενεργειακών προϊόντων όσο και εξαιτίας της αυξημένης καταναλωτικής ζήτησης λόγω υπερ-αποταμίευσης αλλά και της μειωμένης προσφοράς που οφειλόταν στο μποτιλιάρισμα του διεθνούς εφοδιασμού.","Inflation in Greece emerged as early as the autumn of 2021, fuelled initially both by increases in energy product prices and because of increased consumer demand due to over-saving and reduced supply due to the bottleneck in international supply.","408",NA
"Οι αρχές παρέμειναν καθησυχαστικές αλλά τώρα πλέον ο πληθωρισμός έγινε απειλητικός λόγω των επιπτώσεων του πολέμου στην Ουκρανία.","The authorities remained reassuring but now inflation has become threatening due to the impact of the war in Ukraine.","408",NA
"Θεωρούμε καταρχήν ότι για την αντιμετώπιση των ενεργειακών κρίσεων στην Ευρώπη πρέπει να συντονιστεί ολόκληρη η Ευρωπαϊκή Ένωση και όχι κάθε χώρα χωριστά.","We believe, first of all, that in order to deal with the energy crises in Europe, the entire European Union must be coordinated, not each country separately.","108",NA
"Ειδικότερα όμως στην Ελλάδα τρία άμεσα μέτρα που επιβάλλεται να ληφθούν για να περιοριστεί ο πληθωρισμός και οι συνέπειες του:","But in Greece in particular, three immediate measures must be taken to reduce inflation and its consequences:","404",NA
"Πρώτον, πρέπει να υπάρξουν πιο ρεαλιστικές επιλογές για τον χρονικό ορίζοντα απολιγνιτοποίησης για να μην διαμορφώνονται συνθήκες πίεσης στην αγορά ενέργειας.","First, there must be more realistic options for the time horizon for defoliation to avoid creating pressure on the energy market.","404",NA
"Δεύτερον, να γίνει μείωση της έμμεσης φορολογίας στα καύσιμα που σε σημαντικό βαθμό θα αντισταθμίσει την άνοδο της τιμής, χωρίς μάλιστα να επέλθει πτώση στα έσοδα λόγω χαμηλής ελαστικότητας ζήτησης.","Secondly, a reduction in indirect taxes on fuel should be introduced, which will to a large extent compensate for the price increase, without a drop in revenues due to low demand elasticity.","408",NA
"Τρίτον, οι χαμηλόμισθοι και όσοι επλήγησαν από την πανδημία πρέπει αμέσως να ισοφαρίσουν τις απώλειες που είχαν από τον πληθωρισμό με ισοδύναμες μισθολογικές αυξήσεις για να αποφύγουν ένα βέρτιγκο αγοραστικής καθίζησης.","Third, low-wage earners and those affected by the pandemic must immediately offset their inflation losses with equivalent wage increases to avoid a market depression vertigo.","701",NA
"Αντίθετα, εταιρείες που στηρίχθηκαν κατά την διάρκεια της πανδημίας οφείλουν να «απορροφήσουν» όσο είναι εφικτό την πίεση του πληθωρισμού, ως ανταπόδοση της αλληλεγγύης προς την κοινωνία, ανάλογη αυτής που το κράτος έδειξε προς τις ίδιες.","Conversely, companies that were sustained during the pandemic must 'absorb' as much as possible the pressure of inflation as a return of solidarity with society, commensurate with that shown by the state to them.","402",NA
"4.7 Χρηματορροές στην ελληνική οικονομία 2021-2027","4.7 Financial flows in the Greek economy 2021-2027","H",NA
"Η Ελλάδα εξασφάλισε ένα σημαντικό μερίδιο με το οποίο μπορεί να σχεδιάσει τόσο την ανάκαμψη της οικονομικής δραστηριότητας από το πλήγμα της πανδημίας όσο και τη μεσοπρόθεσμη ανόρθωση των ρυθμών ανάπτυξης.","Greece has secured a significant share with which it can plan both the recovery of economic activity from the pandemic hit and the medium-term recovery of growth rates.","410",NA
"Από τους πόρους αυτούς, η Ελλάδα αναμένεται συνολικά να λάβει €32 δισ., από τα οποία € 19,5 δισ. ως χορηγία και € 12,5 δισ., ως χαμηλότοκα και μακροχρόνια δάνεια.","Of these resources, Greece is expected to receive a total of €32 billion, of which €19.5 billion as a grant and €12.5 billion as low-interest and long-term loans.","410",NA
"Το μερίδιο της Ελλάδας είναι το 4,3% του συνόλου, σημαντικά μεγαλύτερο τόσο από την πληθυσμιακή της αναλογία στην ΕΕ","Greece's share is 4.3% of the total, significantly higher than both its population share in the EU","410",NA
"(2,4%) όσο και από τη συμμετοχή της στην οικονομική δραστηριότητα (1,2%).","(2.4%) and its share of economic activity (1.2%).","410",NA
"Ορίζοντας απορρόφησης θα είναι η τετραετία, αν και η Ελλάδα μπορεί αργότερα να ζητήσει εκτενέστερη προθεσμία.","The absorption horizon will be four years, although Greece may later request a longer period.","410",NA
"Πίνακας 1. Χρηματορροές ΕΕ","Table 1. EU financial flows",NA,NA
"Προς Την Ελληνική Οικονομία","To the Greek Economy",NA,NA
"ΠρόγραμμαΠόροιΕΕ (δισ. €)Δάνεια (δισ. €)ΣΥΝΟΛΟ (δισ. €)","ProgrammeEU Funds (€ billion)Loans (€ billion)TOTAL (€ billion)",NA,NA
"Ταμείο Ανάκαμψης & Ανθεκτικότητα ς19,612,532","Recovery Fund & Recovery Fund 19,612,532",NA,NA
"ΕΣΠΑ","NSRF",NA,NA
"2021-20272222","2021-20272222",NA,NA
"ΚΑΠ-Γεωργία18-18","CAP-Georgia18-18",NA,NA
"ΣΥΝΟΛΟ59,512,572","TOTAL59,512,572",NA,NA
"Πηγές: Ευρ.","Sources: Eur.",NA,NA
"Συμβούλιο (2020).","Source.",NA,NA
"Απόφαση 27/7/2020, Πολυετές Δημοσιονομικό Πλαίσιο","Decision 27/7/2020, Multiannual Financial Framework",NA,NA
"Τα ποσά του ΕΤΑΑ θα είναι πρόσθετα στα κονδύλια που είχε προγραμματιστεί να λάβει από τον κοινοτικό προϋπολογισμό.","The EBRD amounts will be additional to the funds it was programmed to receive from the Community budget.","408",NA
"Έτσι, τα επόμενα χρόνια θα λάβει επίσης €18 δισ. από τις ενισχύσεις της ΚΑΠ και €22 δισ. για τη χρηματοδότηση του προγράμματος ΕΣΠΑ.","Thus, in the coming years it will also receive €18 billion from CAP aid and €22 billion to finance the NSRF programme.","408",NA
"Σημειωτέον ότι οι πόροι €22 δισ. που θα χρηματοδοτήσουν το νέο ΕΣΠΑ, είναι αυξημένοι από τις αρχικές εκτιμήσεις των €20 δισ..","It should be noted that the €22 billion to finance the new NSRF is an increase from the initial estimates of €20 billion.","408",NA
"Η αναλογούσα εθνική συγχρηματοδότηση του ΕΣΠΑ θα γίνει με το εθνικό σκέλος του ΠΔΕ, αν και το ακριβές ύψος δεν έχει ακόμα προσδιοριστεί.","The proportionate national co-financing of the NSRF will be provided by the national part of the EIF, although the exact amount has not yet been determined.","408",NA
"Παλιότερα έφτανε έως το 50% του συνολικού προϋπολογισμού, στο τρέχον όμως ΕΣΠΑ 2014-2020 μειώθηκε στο 20% για δημοσιονομικούς λόγους.","Previously it was up to 50% of the total budget, but in the current NSRF 2014-2020 it has been reduced to 20% for budgetary reasons.","408",NA
"Πρακτικά αυτό σημαίνει ότι η χώρα πιθανόν να διαθέσει και επιπλέον ποσά για υποδομές και επενδύσεις που θα ενισχύσουν περαιτέρω την πορεία ανάπτυξης.","In practice, this means that the country is likely to allocate additional amounts for infrastructure and investments that will further boost the growth path.","411",NA
"Αθροιστικά, η Ελλάδα την επόμενη πενταετία μπορεί να προσδοκά μια συνολική καθαρή εισροή κοινοτικών πόρων €59,5 δισ. και επιπλέον θα μπορεί να συνάψει δάνεια έως €12,5 δισ. για την αντιμετώπιση των επιπτώσεων της πανδημίας.","Cumulatively, Greece can expect a total net inflow of €59.5 billion of EU funds over the next five years, plus it will be able to take out loans of up to €12.5 billion to deal with the effects of the pandemic.","408",NA
"Το σύνολο των χρηματοδοτήσεων από την ΕΕ μπορεί έτσι να προσεγγίσει τα €72 δισ., όπως συνοψίζεται στον Πίνακα 1.","Total EU funding may thus approach €72 billion, as summarised in Table 1.","408",NA
"Το ερώτημα φυσικά είναι πώς θα πρέπει να κατανεμηθούν και να αξιοποιηθούν αυτά τα κονδύλια έτσι ώστε το αποτέλεσμα να είναι αναπτυξιακά ισχυρό και κοινωνικά δίκαιο.","The question of course is how these funds should be allocated and used so that the outcome is developmentally strong and socially equitable.","403",NA
"Οι γενικές αρχές πρέπει να είναι οι εξής: (i) Χρηματοδότηση των επενδύσεων κατάρτισης, ψηφιοποίησης και αντιμετώπισης κλιματικής αλλαγής σύμφωνα με το σχέδιο NGEU.","The general principles should be as follows: (i) Funding of training, digitization and climate change mitigation investments in line with the NGEU plan.","404",NA
"Για την καλύτερη υλοποίηση τους και την μελλοντική τους αξιοποίηση είναι ενδεδειγμένη – σε συμφωνία με την ΕΕ – η μετεξέλιξη της Αναπτυξιακής Τράπεζας σε ένα Ταμείο Εθνικού Πλούτου, το οποίο θα λειτουργήσει ως ενιαίος αναπτυξιακός φορέας για όλη την επικράτεια, χωρίς την γραφειοκρατική δομή του σημερινού συστήματος.","For their better implementation and future utilization, it is appropriate - in agreement with the EU - to transform the Development Bank into a National Wealth Fund, which will function as a single development agency for the whole territory, without the bureaucratic structure of the current system.","404",NA
"Σε αυτό θα υπαχθεί και το υφιστάμενο Υπερταμείο Δημόσιας Περιουσίας, τερματίζοντας το καθεστώς μακροχρόνιας κηδεμονίας και δικαιωμάτων εκποίησης που επιβλήθηκε στην χώρα με το Τρίτο Μνημόνιο.","This will also include the existing Public Property Super Fund, ending the long-term guardianship and divestment rights regime imposed on the country by the Third Memorandum.","404",NA
"(ii) Ενίσχυση των δημοσίων υποδομώντόσο για την στήριξη της παραγωγής όσο και για τη διασφάλιση επάρκειας και ποιότητας στους τομείς παιδείας, υγείας και κατοικίας για τα ευάλωτα νοικοκυριά.","(ii) Strengthening public infrastructureboth to support production and to ensure adequacy and quality in the education, health and housing sectors for vulnerable households.","411",NA
"Ιδιαίτερη σημασία πρέπει να δοθεί σε δίκτυα σύγχρονων μεταφορών (όπως ο σιδηρόδρομος) και ηλεκτρικής ενέργειας, τα οποία ταυτοχρόνως προάγουν την πράσινη μετάβαση, την διασύνδεση των διαφόρων περιοχών της χώρας και την παραγωγική αναβάθμιση.","Particular attention should be paid to modern transport (such as railways) and electricity networks, which at the same time promote the green transition, the interconnection of the different regions of the country and productive upgrading.","411",NA
"(iii) Στήριξη της βιομηχανικής παραγωγής και των επιχειρήσεων εξαγωγικού προσανατολισμού αλλά και υποκατάστασης εισαγωγώνμε σύγχρονες υποδομές εγκατάστασης και λειτουργίας.","(iii) Supporting industrial production and export-oriented and import-substitution enterprises with modern infrastructure for installation and operation.","411",NA
"Παραδείγματα, οι οργανωμένες βιομηχανικές περιοχές, θεματικά βιοτεχνικά πάρκα, χώροι συγκέντρωσης και μεταποίησης αγροτικής παραγωγής, μονάδες αξιοποίησης λυμάτων και απορριμμάτων κλπ.","Examples include organised industrial areas, thematic industrial parks, agro-processing and agro-industrial concentration areas, waste water and waste treatment plants, etc.","411",NA
"(iv) Χρηματοδότηση υποδομών που σχετίζονται με τον τουρισμό, οι οποίες θα λειτουργήσουν καταλυτικά για τη δημιουργία σύγχρονων μονάδων που υποστηρίζουν τη χρονική διεύρυνση του τουριστικού προϊόντος, την περιφερειακή ισόρροπη ανάπτυξη και την ανθεκτικότητα σε διαταραχές της διεθνούς ζήτησης.","(iv) Financing of tourism-related infrastructure that will act as a catalyst for the creation of modern facilities that support the temporal expansion of the tourism product, regional balanced development and resilience to international demand disturbances.","411",NA
"5. O ΠΟΛΕΜΟΣ ΣΤΗΝ ΟΥΚΡΑΝΙΑ ΚΑΙ Η ΕΝΕΡΓΕΙΑΚΗ ΚΡΙΣΗ","5. THE WAR IN UKRAINE AND THE ENERGY CRISIS","H",NA
"Η εισβολή της Ρωσίας στο ανεξάρτητο κράτος της Ουκρανίας έπληξε βάναυσα την επίπονη πορεία εξόδου της ευρωπαϊκής οικονομίας από την ύφεση της πανδημίας και προκάλεσε νέες αδιέξοδες καταστάσεις και προβλήματα.","Russia's invasion of the independent state of Ukraine has severely affected the European economy's painful path out of the pandemic recession and created new deadlocks and problems.","108",NA
"Η εφαρμογή οικονομικών κυρώσεων μεταξύ ΕΕ και Ρωσίας, ο περιορισμός στην προμήθεια ενεργειακών προϊόντων από την Ρωσία καθώς και η απόφαση για άμεση αύξηση των στρατιωτικών δαπανών στην Γερμανία και άλλες χώρες σηματοδοτούν μια περίοδο που θα έχει έντονα πληθωριστικά χαρακτηριστικά, αβεβαιότητες τροφοδοσίας σε βασικά αγαθά, καθώς και ένα κλίμα γενικευμένης καχυποψίας και ανταγωνισμών.","The application of economic sanctions between the EU and Russia, the restriction on the supply of energy products from Russia and the decision to immediately increase military spending in Germany and other countries mark a period of strong inflationary features, uncertainties in the supply of basic goods and a climate of generalised suspicion and competition.","408",NA
"Πολλές προσπάθειες αμοιβαίων προσεγγίσεων και διμερούς συνεργασίας μεταξύ ΕΕ και Ρωσίας ακυρώνονται, ενώ η ένταξη χωρών (όπως των Δυτικών Βαλκανίων) καθίσταται αβέβαιη με πιθανές νέες εστίες τριβής και εντάσεων.","Many attempts at mutual rapprochement and bilateral cooperation between the EU and Russia are cancelled, while the integration of countries (such as the Western Balkans) becomes uncertain with potential new sources of friction and tension.","408",NA
"5.1 Η Στρατηγική Πυξίδα της ΕΕ","5.1 The EU Strategic Compass","H",NA
"Μέσα σε αυτό το κλίμα, ιδιαίτερη σημασία αποκτά η απόφαση της ΕΕ να υλοποιήσει το πρόγραμμα Στρατηγική Πυξίδα με το οποίο σχεδιάζει να αποκτήσει ένα επιχειρησιακό μηχανισμό παρέμβασης στις γεωπολιτικές και στρατιωτικές εξελίξεις που την αφορούν.","In this climate, the EU's decision to implement the Strategic Compass programme, through which it plans to acquire an operational mechanism to intervene in the geopolitical and military developments that concern it, takes on particular significance.","108",NA
"Στην πορεία, αναμένεται να λυθούν πολλά ζητήματα τα οποία επί του παρόντος είναι ασαφή, όπως για παράδειγμα η σχέση της με το ΝΑΤΟ, η υποχρεωτική ένταξη σε αυτήν των χωρών που δεν ανήκουν στο ΝΑΤΟ, καθώς και η σχέση των ευρωπαϊκών χωρών του ΝΑΤΟ που δεν είναι μέλη της ΕΕ (όπως Βρετανία και Νορβηγία).","In the process, it is expected to resolve many issues that are currently unclear, such as its relationship with NATO, the compulsory membership of non-NATO countries, and the relationship of non-EU European NATO countries (such as Britain and Norway).","108",NA
"Ανεξάρτητα όμως από την διευθέτηση διαδικαστικών θεμάτων, η νέα πραγματικότητα που διαμορφώνεται επιφυλάσσει νέες πρωτοβουλίες της ΕΕ σε τομείς από τους οποίους μέχρι σήμερα απείχε, όπως η παρέμβαση σε συγκρούσεις ή απειλές συγκρούσεων.","But regardless of the settlement of procedural issues, the new reality that is taking shape holds out the prospect of new EU initiatives in areas from which the EU has so far refrained, such as intervention in conflicts or threats of conflict.","108",NA
"Η προφανής συνέπεια θα είναι η αύξηση των στρατιωτικών δαπανών σε όλα τα κράτη-μέλη και κατ’ επέκταση η άνοδος του δημόσιου χρέους για να τις χρηματοδοτήσει.","The obvious consequence will be an increase in military expenditure in all member states and, by extension, a rise in public debt to finance it.","105",NA
"Κατά μία ενδιαφέρουσα σύμπτωση, οι παρενέργειες αυτών των εξελίξεων στην οικονομική δραστηριότητα της ΕΕ θα είναι παρεμφερείς με αυτές της πανδημίας, αν και θα έχουν μονιμότερο χαρακτήρα.","In an interesting coincidence, the side-effects of these developments on EU economic activity will be similar to those of a pandemic, albeit of a more permanent nature.","108",NA
"Είναι προφανές ότι η επιστροφή σε ένα ψυχροπολεμικό περιβάλλον, θα μειώσει την απήχηση της παγκοσμιοποίησης και θα ενισχύσει τις πλησιέστερες περιφερειακές συναλλαγές.","It is obvious that a return to a Cold War environment will reduce the impact of globalisation and enhance closer regional trade.","109",NA
"Θα αυξήσει επίσης την αστάθεια στην παροχή υπηρεσιών, ενώ αντιθέτως τα προγράμματα εξοπλισμών θα ενισχύσουν την βιομηχανία και την μεταποίηση γενικότερα.","It will also increase instability in the provision of services, while arms programmes will, by contrast, strengthen industry and manufacturing in general.","109",NA
"Η τηλεργασία θα βρεθεί ότι είναι πολύ ασφαλέστερη και θα λάβει ακόμα μεγαλύτερες διαστάσεις, ενώ οι ηλεκτρονικές συναλλαγές αυξημένης αξιοπιστίας θα αντικαταστήσουν πολλές διαδικασίες φυσικής παρουσίας και διεκπεραίωσης.","Teleworking will be found to be much safer and will take on even greater dimensions, while electronic transactions of increased reliability will replace many physical presence and processing procedures.","411",NA
"Η στρατηγική μείωσης της ευρωπαϊκής εξάρτησης από τα ενεργειακά προϊόντα της Ρωσίας, θα επιταχύνει την «Πράσινη Μετάβαση» αλλά και την «Ψηφιακή Μετάβαση» σύμφωνα με το σχέδιο NGEU.","The strategy to reduce European dependence on Russian energy products will accelerate the Green Transition and the Digital Transition under the NGEU plan.","108",NA
"5.2 Οι επιπτώσεις στην Ελλάδα","5.2 The implications for Greece","H",NA
"Στο ζήτημα της Στρατηγικής Πυξίδας, η πρωτοβουλία της ΕΕ να αποκτήσει κοινή αμυντική ισχύ για την προστασία των κρατών-μελών και της ευρύτερης ευρωπαϊκής περιοχής, η Ελλάδα πρέπει να συμμετάσχει εξαρχής και ολοκληρωμένα.","On the issue of the Strategic Compass, the EU's initiative to acquire a common defence force to protect the Member States and the wider European region, Greece must be involved from the outset and in a comprehensive manner.","104",NA
"Στόχος πρέπει να είναι η διαμόρφωση ενός αποτελεσματικού μηχανισμού αμυντικής προστασίας έναντι οποθενδήποτε προερχομένων απειλών, συμμετρικών ή ασύμμετρων.","The aim must be to formulate an effective defence protection mechanism against threats from any source, whether symmetrical or asymmetrical.","104",NA
"Ένας τομέας που χρήζει ειδικής αναφοράς είναι η αυξημένη ανάγκη αμυντικών δαπανών.","One area that deserves special mention is the increased need for defence spending.","104",NA
"Πολύ πριν γίνει η εισβολή στην Ουκρανία και η ΕΕ αποφασίσει για την υλοποίηση της Στρατηγικής Πυξίδας, στην Ελλάδα είχε ενσκήψει ο παράγων της τουρκικής απειλής σε κλίμακα πολύ αγριότερη από την συνήθη των προηγούμενων χρόνων.","Long before the invasion of Ukraine took place and the EU decided to implement the Compass Strategy, the Turkish threat factor had entered Greece on a much wilder scale than usual in previous years.","102",NA
"Αποκορύφωμα υπήρξε η απόπειρα μαζικών εισροών στα χερσαία σύνορα της Θράκης, καθώς και η αμείωτη πολεμική ρητορική για μία υπέρ της Τουρκίας αναθεώρηση των Συνθηκών που διέπουν το καθεστώς των νησιών.","The culmination of this was the attempted mass influx at the land borders of Thrace, as well as the unabated polemical rhetoric for a pro-Turkish revision of the Treaties governing the status of the islands.","102",NA
"Σε αυτό το περιβάλλον πιστεύουμε ότι η Ελλάδα πρέπει να διατηρεί μια αξιόμαχη δύναμη αποτροπής και να προβαίνει σε όσους εξοπλισμούς θα την καθιστούν σύγχρονη και αποτελεσματική.","In this environment, we believe that Greece must maintain a credible deterrent force and undertake such armaments as will make it modern and effective.","104",NA
"Οι εξοπλισμοί πρέπει όμως να υπόκεινται σε δύο κανόνες:","However, armaments must be subject to two rules:","104",NA
"Πρώτον, οι πόροι που θα χρηματοδοτήσουν τους εξοπλισμούς να αντλούνται από μια εύρωστη οικονομία, ώστε να μην οδηγούν σε εκτίναξη του χρέους με κίνδυνο η χώρα να περιέλθει εκ νέου σε καθεστώς δανειακής εποπτείας","First, the resources to finance the armaments must be drawn from a robust economy, so that they do not lead to a spiralling debt at the risk of the country falling back into debt surveillance","414",NA
"και να αποδυναμωθεί η αίσθηση εθνικής κυριαρχίας.","and weakening its sense of national sovereignty.","601.1",NA
"Δεύτερον, για να στελεχωθεί η δύναμη αποτροπής με επάρκεια και αξιοπιστία, χρειάζονται πολιτικές συγκράτησης του νέου ανθρώπινου δυναμικού στην Ελλάδα και κίνητρα παλιννόστησης σε όσους μετανάστευσαν για εργασιακούς και ασφαλιστικούς λόγους.","Secondly, in order to staff the deterrent force with competence and credibility, policies are needed to retain new human resources in Greece and incentives for those who have emigrated for employment and security reasons to return.","104",NA
"Τρίτον, προκειμένου να είναι η αποτροπή αποτελεσματική, πρέπει να αναπτυχθεί σε ένα εγχώριο οικοσύστημα σύγχρονης τεχνολογίας και υψηλής παραγωγικότητας με συμβάσεις μεταφοράς τεχνογνωσίας και κοινοπραξίες επιχειρήσεων.","Thirdly, for deterrence to be effective, it must be developed in a domestic ecosystem of modern technology and high productivity with know-how transfer contracts and business consortia.","104",NA
"Μόνο έτσι μπορεί η χώρα να διασφαλίζει σε μεγάλο βαθμό τον ανεφοδιασμό από εγχώριες πηγές παραγωγής και σε κρίσιμες περιόδους να μπορεί να μειώνει την εξάρτηση σε στρατιωτικό υλικό από τρίτα κράτη.","Only in this way can the country largely secure supplies from domestic production sources and in critical periods be able to reduce dependence on military hardware from third countries.","104",NA
"Στο ζήτημα της ενεργειακής απεξάρτησης, η Ελλάδα μπορεί να ανταποκριθεί με ένα πλέγμα πολιτικών και υποδομών που θα περιλαμβάνουν:","On the issue of energy independence, Greece can respond with a matrix of policies and infrastructures that will include","416.2",NA
"1. Εντατική επέκταση της παραγωγής ηλεκτρικής ενέργειας με ανανεώσιμες μορφές (αέρας, ήλιος, θάλασσα, υδροηλεκτρικά)","1. Intensive expansion of electricity generation with renewable energy sources (air, solar, sea, hydroelectric)","416.2",NA
"2. Αξιοποίηση κοιτασμάτων φυσικού αερίου και πετρελαίου στην ευρύτερη περιοχή της ΝΑ Μεσογείου ως συμπληρωματικών καυσίμων με συγκεκριμένο ορίζοντα βαθμιαίας απόσυρσης από το ενεργειακό ισοζύγιο.","Exploitation of natural gas and oil deposits in the wider SE Mediterranean region as complementary fuels with a specific horizon for gradual withdrawal from the energy balance.","416.2",NA
"3. Διατήρηση ορισμένων λιγνιτικών μονάδων ως στρατηγική εφεδρεία σε περιπτώσεις αυξημένης ενεργειακής πίεσης και εκτάκτων αναγκών.","3. Maintaining certain lignite plants as a strategic reserve in cases of increased energy pressure and emergency needs.","416.2",NA
"4. Κατασκευή δικτύων μεταφοράς ηλεκτρικής ενέργειας που θα διευκολύνουν την ένταξη ενεργειακών κοινοτήτων στο εθνικό σύστημα.","4. Construction of electricity transmission networks to facilitate the integration of energy communities into the national system.","411",NA
"5. Προσαρμογή των δικτύων μεταφοράς/ διανομής φυσικού αερίου, ώστε να μπορούν να υποδεχθούν βιομεθάνιο και - σε επόμενο στάδιο - πράσινο υδρογόνο.","5. Adaptation of natural gas transmission/distribution networks to accommodate biomethane and - at a later stage - green hydrogen.","411",NA
"5.3 Το νέο κύμα πληθωρισμού","5.3 The new wave of inflation","H",NA
"Ο περιορισμός τροφοδοσίας των ευρωπαϊκών οικονομιών με φυσικό αέριο από την Ρωσία, προκάλεσε μεγάλη αύξηση στις τιμές του και συνακόλουθα στις τιμές ηλεκτρικής ενέργειας που σε μεγάλο βαθμό στηρίζεται σε αυτό το είδος καυσίμου.","The restriction of the supply of natural gas from Russia to European economies has caused a large increase in gas prices and consequently in electricity prices, which are largely based on this type of fuel.","404",NA
"Εναλλακτικές προμήθειες φυσικού αερίου (π.χ. από τις ΗΠΑ) αδυνατούν να καλύψουν με επάρκεια τις ελλείψεις, ενώ η αναζήτηση διαφορετικών καυσίμων ή πηγών (πχ ΑΠΕ) θα είναι μια αργή διαδικασία.","Alternative gas supplies (e.g. from the US) are unable to adequately cover the shortages, while the search for different fuels or sources (e.g. renewable energy sources) will be a slow process.","404",NA
"Ανάλογες πληθωριστικές πιέσεις εντοπίστηκαν και στην εμπορία πετρελαίου, πλην όμως η ύπαρξη πολλών εναλλακτικών δυνατοτήτων προμήθειας περιόρισε την έξαρση των τιμών.","Similar inflationary pressures have been identified in oil marketing, but the existence of many alternative supply options has limited the price spike.","404",NA
"Εξίσου όμως απειλητικά κύματα πληθωρισμού προκλήθηκαν σε πρώτες ύλες και βασικά είδη διατροφής, με συνέπεια να σημειωθούν ανατιμήσεις και ελλείψεις σε διεθνή κλίμακα.","Equally threatening waves of inflation were triggered in raw materials and basic foodstuffs, resulting in international price increases and shortages.","404",NA
"Ένα σύγχρονο σοσιαλδημοκρατικό πλαίσιο αντιμετώπισης των φαινομένων αυτών, θα βασίζεται σε παρεμβάσεις καθολικής αναβάθμισης της παραγωγής, του επιχειρηματικού κλίματος και του εργασιακού περιβάλλοντος, ταυτόχρονα με τον τερματισμό της εξάρτησης της ενεργειακής τροφοδοσίας από μία μόνο πηγή ή χώρα.","A modern social-democratic framework for dealing with these phenomena will be based on interventions to upgrade production, the business climate and the working environment across the board, while ending the dependence of energy supply on a single source or country.","416.2",NA
"Δηλαδή, μια συνολική ανασύνταξη του μοντέλου παραγωγής και διανομής της απαιτούμενης ενέργειας και των υποδομών διασύνδεσης.","In other words, a comprehensive reorganisation of the model for the production and distribution of the energy required and the interconnection infrastructure.","411",NA
"Φυσικά, μία τέτοια πολιτική παίρνει χρόνια για να ολοκληρωθεί και να αποδώσει.","Of course, such a policy takes years to complete and pay off.","411",NA
"Μέχρι τότε χρειάζονται χειρουργικές δημοσιονομικές επεμβάσεις στις τιμές των καυσίμων (κυρίως με μείωση των ειδικών φόρων), καθώς και στήριξη του εισοδήματος των πιο ευάλωτων ομάδων που διαφορετικά θα στερηθούν το αγαθό της ενέργειας και θα περιθωριοποιηθούν ακόμα περισσότερο.","Until then, surgical fiscal interventions on fuel prices (mainly by reducing specific taxes) are needed, as well as income support for the most vulnerable groups who will otherwise be deprived of the energy commodity and further marginalized.","412",NA
"Χρειάζεται όμως και χρήμα και είναι προφανές ότι η ορθή κλίμακα διαχείρισης είναι τα εργαλεία της Ευρωπαϊκής Ένωσης και δευτερευόντως οι εθνικές πολιτικές κάθε κράτους χωριστά.","But money is also needed, and it is obvious that the right scale of management is the tools of the European Union and, secondarily, the national policies of each individual state.","412",NA
"Όπως τα έργα ενεργειακής μετάβασης χρηματοδοτούνται από το Ταμείο Ανάκαμψης, έτσι και τα δημοσιονομικά εργαλεία αντιμετώπισης της ενεργειακής κρίσης πρέπει να αντλήσουν πόρους από ένα ανάλογο ευρωπαϊκό μηχανισμό.","Just as energy transition projects are financed by the Recovery Fund, the financial instruments for dealing with the energy crisis must draw resources from a similar European mechanism.","404",NA
"Το πλεονέκτημα θα είναι ότι αφενός μεν η ΕΕ θα έχει αποφασιστικό λόγο για την χρηματοδότηση, περιορίζοντας σπατάλες και κακοδιαχείριση από τα διάφορα κράτη.","The advantage would be that on the one hand the EU would have a decisive say on funding, limiting waste and mismanagement by the various states.","404",NA
"Θα ξέρει επίσης πότε, πού και σε ποιους πρέπει να σταματήσει η χρηματοδότηση, αποφεύγοντας έτσι την αναζωπύρωση του στασιμοπληθωρισμού σε διάφορες χώρες.","It will also know when, where and to whom funding should be stopped, thus avoiding the resurgence of stagflation in various countries.","404",NA
"Ενεργειακή κρίση και ελλείψεις στην Ελλάδα","Energy crisis and shortages in Greece","408",NA
"Με την απειλή του στασιμοπληθωρισμού, η εύθραυστη ανταγωνιστικότητα της ελληνικής οικονομίας υφίσταται νέο συντριπτικό πλήγμα, ενώ οι προσπάθειες των επιχειρήσεων να ορθοποδήσουν μετά από τρία χρόνια πανδημίας και άλλα οκτώ χρόνια κρίσης είναι ξανά μετέωρες.","With the threat of stagflation, the fragile competitiveness of the Greek economy is suffering a new crushing blow, while the efforts of businesses to recover after three years of pandemic and another eight years of crisis are again in limbo.","408",NA
"Η σημερινή κατάσταση είναι δύσκολη και κανείς δεν μπορεί ρεαλιστικά να εξαλείψει όλες τις συνέπειες της σε σύντομο χρόνο.","The current situation is difficult and no one can realistically eliminate all its consequences in the short term.","408",NA
"Όσοι το επιχειρούν και τάζουν αλόγιστα προς όλες τις κατευθύνσεις ότι κατέχουν την λύση στα προβλήματα τους είτε είναι δημαγωγοί χωρίς να νιώθουν την ευθύνη να αιτιολογήσουν την πολιτική τους, είτε αγνοούν το μέγεθος και την ένταση των προβλημάτων που πλήττουν την οικονομία μας.","Those who attempt to do so and recklessly pretend in all directions that they possess the solution to their problems are either demagogues without feeling the responsibility to justify their policies, or they are ignorant of the magnitude and intensity of the problems afflicting our economy.","305.1",NA
"Όμως ακόμα και αν δεν μπορούμε να ανατρέψουμε στο σύνολο της την αρνητική κατάσταση, μπορούμε σίγουρα να κάνουμε δύο πράγματα:","But even if we cannot reverse the whole negative situation, we can certainly do two things:","403",NA
"Πρώτον, να μετριάσουμε τις συνέπειες της για τις ευρείες κατηγορίες των λαϊκών στρωμάτων, τους μισθωτούς και συνταξιούχους, τις μικρές επιχειρήσεις και γενικά τα νοικοκυριά που πλήττονται με σφοδρότητα από την ακρίβεια.","First, to mitigate its consequences for the broad categories of the grassroots, wage earners and pensioners, small businesses and households in general who are being hit hard by the reality.","403",NA
"Δεύτερον, με τις αποφάσεις μας να βοηθήσουμε το βάρος προσαρμογής να κατανεμηθεί κυρίως σε όσους ωφελούνται από τις εξελίξεις και έχουν την ευκαιρία ακόμα και μέσα στην κρίση να αυξάνουν τα κέρδη τους και να πολλαπλασιάζουν την επιχειρηματική τους δραστηριότητα και τον πλούτο τους.","Secondly, by our decisions to help distribute the burden of adjustment mainly to those who benefit from developments and have the opportunity, even in the crisis, to increase their profits and multiply their business activity and wealth.","403",NA
"Στόχος μας είναι ένας δίκαιος μηχανισμός που φορολογεί τα υπερκέρδη των λίγων που επωφελούνται επιδέξια από την κρίση και χρηματοδοτεί τις ζημιές των πολλών και ανήμπορων να αντιδράσουν στην επέλαση της.","Our aim is a fair mechanism that taxes the excess profits of the few who skilfully benefit from the crisis and finances the losses of the many who are unable to react to its onslaught.","403",NA
"Ταυτόχρονα, πρέπει όμως να σχεδιάσουμε και στρατηγικές επιλογές για την ενεργειακή επάρκεια και τροφοδοσία της χώρας, αναθεωρώντας αρκετές επιπόλαιες και μη-ρεαλιστικές κατευθύνσεις που είχαν τεθεί τα προηγούμενα χρόνια χωρίς κανένα δημόσιο διάλογο και συναίνεση.","At the same time, however, we must also plan strategic options for the country's energy sufficiency and supply, revising several frivolous and unrealistic directions that were set in previous years without any public dialogue and consensus.","404",NA
"α. Βραχυπρόθεσμα μέτρα","α. Short-term measures","H",NA
"1. Μείωση των ειδικών φόρων στα καύσιμα για να ελαττωθεί η τελική τιμή καταναλωτή, να μειωθεί ο πληθωρισμός και να περιοριστεί η διάβρωση της αγοραστικής δύναμης.","1. Reduce fuel excise taxes to lower the final consumer price, reduce inflation and limit the erosion of purchasing power.","412",NA
"2. Μείωση ΦΠΑ σε επιλεγμένα είδη ευρείας κατανάλωσης, ιδιαίτερα στον τομέα διατροφής.","2. Reduce VAT on selected consumer goods, particularly in the food sector.","412",NA
"3. Ενίσχυση του εισοδήματος των πιο ευάλωτων ομάδων,","3. Strengthen the income of the most vulnerable groups,","503",NA
"καθώς και του κατώτερου μισθού.","including the minimum wage.","412",NA
"Εκστρατεία εξοικονόμησης ενέργειας στα νοικοκυριά και τις επιχειρήσεις με αυτοπεριορισμό της κατανάλωσης.","Energy saving campaign in households and businesses by self-limiting consumption.","416.2",NA
"Κίνητρα και ελαφρύνσεις για την μειωμένη κατανάλωση.","Incentives and rebates for reduced consumption.","416.2",NA
"4. Υψηλή φορολογία στα υπερκέρδη των παρόχων ηλεκτρικής ενέργειας και με τα έσοδα χρηματοδότηση μείωσης των ειδικών φόρων.","4. High taxation on excess profits of electricity providers and with revenue funding reduction of special taxes.","403",NA
"β. Μεσοπρόθεσμα μέτρα","β. Medium-term measures","H",NA
"1. Ενίσχυση της ενεργειακής αυτονομίας της χώρας με επέκταση και διασύνδεση ανανεώσιμων πηγών.","1. Strengthen the country's energy autonomy by expanding and interconnecting renewable sources.","416.2",NA
"2. Μείωση της εξάρτησης από χώρες και εταιρείες με μονοπωλιακή συμπεριφορά.","2. Reduce dependence on countries and companies with monopolistic behaviour.","403",NA
"3. Διάδοση της αυτοπαραγωγής ενέργειας σε μικρή και μεσαία κλίμακα παραγωγικής δραστηριότητας.","3. Dissemination of self-generation of energy on a small and medium scale of productive activity.","403",NA
"(Σπίτια, μικρές επιχειρήσεις, καλλιέργειες)","(homes, small businesses, crops)","416.2",NA
"4. Ώθηση στην παραγωγή μηχανημάτων ΑΠΕ με κίνητρα/υποδομές και επενδύσεις που στόχο έχουν την αύξηση της Εγχώριας Προστιθέμενης Αξίας.","4. Boosting the production of renewable energy machinery with incentives/infrastructure and investments aimed at increasing Domestic Value Added.","410",NA
"5. Άμεση κατασκευή δικτύων μέσης τάσης για την διασύνδεση της ηλεκτροπαραγωγής.","5. Immediate construction of medium voltage networks for interconnection of power generation.","411",NA
"6. Διατήρηση επιλεγμένων λιγνιτικών μονάδων ως ψυχρής εφεδρεία στο σύστημα μέχρις ότου ολοκληρωθεί η διαδικασία Πράσινης Μετάβασης.","6. Retention of selected lignite units as a cold reserve in the system until the Green Transition process is completed.","416.2",NA
"7. Για να μετριαστεί ο αντίκτυπος των υψηλών τιμών καυσίμων στην τιμή ηλεκτρικής ενέργειας, προτείνεται η κατάργηση της καθολικής κάλυψης ζήτησης μέσω του Χρηματιστηρίου Ενέργεια (ΤθΓςθί ιτιοάθΙ) και η επανεξέταση του ρόλου του συνολικά.","7. To mitigate the impact of high fuel prices on electricity prices, it is proposed to abolish the universal demand response through the Energy Exchange (TthGshi itioathl) and review its role altogether.","403",NA
"6. Η ΚΕΝΤΡΙΚΗ ΠΡΟΤΕΡΑΙΟΤΗΤΑ ΤΟΥ ΠΡΟΓΡΑΜΜΑΤΟΣ","6. THE CENTRAL PRIORITY OF THE PROGRAMME","H",NA
"Λαμβάνοντας υπόψη όλες τις εξελίξεις, τις διεθνείς αντιξοότητες, τις εθνικές ανάγκες και τις ευρωπαϊκές προοπτικές, πώς - άραγε - πρέπει να ιεραρχήσουμε τους στόχους και τις προτεραιότητες του Κινήματος Αλλαγής τα επόμενα χρόνια;","Taking into account all the developments, international adversities, national needs and European perspectives, how - I wonder - should we prioritise the objectives and priorities of the Movement for Change in the coming years?","305.1",NA
"Ποιους πρέπει προεχόντως να εμπνεύσουμε και να στηρίξουμε, σε ποιους να σταθούμε αρωγοί και σε ποιους απέναντι, ποιες πρακτικές θέλουμε να πολλαπλασιάσουμε και ποιες να εξαλείψουμε;","Who should we primarily inspire and support, who should we support and oppose, which practices do we want to multiply and which ones do we want to eliminate?","305.1",NA
"Κάθε γενιά πληρώνει ένα τίμημα, μεγαλύτερο ή μικρότερο.","Each generation pays a price, greater or lesser.","706",NA
"Όμως, στην δεκαετία του 1980, ίσως και σε αυτή του 1990, νέα εργαζόμενα ζευγάρια είχαν την δυνατότητα, παρά τον καλπάζοντα πληθωρισμό και τα διψήφια επιτόκια, να αγοράσουν σπίτι και να αντιμετωπίσουν το κόστος εκπαίδευσης του ή των παιδιών τους.","But in the 1980s, perhaps even in the 1990s, young working couples were able, despite galloping inflation and double-digit interest rates, to buy a house and face the cost of educating his or her child or children.","706",NA
"Σήμερα, η ακρίβεια και οι φόροι εκμηδενίζουν το διαθέσιμο εισόδημα των νέων εργαζομένων.","Today, accuracy and taxes are wiping out the disposable income of young workers.","408",NA
"Τα επακόλουθα αυτής της πραγματικότητας είναι πολλαπλά: υπογεννητικότητα, με επιπτώσεις στο δημογραφικό και στις δομές του ασφαλιστικού, μειωμένη παραγωγικότητα, με ορατές παρενέργειες στην αποτελεσματική διαχείριση, στην προθυμία για ανάληψη ευθύνης και πρωτοβουλιών, στην αγάπη για εργασία και δημιουργία.","The consequences of this reality are manifold: under-generation, with consequences for demographics and social security structures, reduced productivity, with visible side effects on effective management, on the willingness to take responsibility and initiatives, on the love of work and creativity.","408",NA
"Πολλοί, ικανοί και καταρτισμένοι, επιλέγουν την καταφυγή σε άλλες χώρες, αρνούμενοι την αποδοχή συμβιβασμού.","Many competent and qualified people are choosing to take refuge in other countries, refusing to accept compromise.","704",NA
"Η έλλειψη αυτών των ανθρώπων προκαλεί διπλό κακό: αφενός στερεί την χώρα από απαραίτητα ταλέντα, αφετέρου συνιστά επένδυση (κόστος εκπαίδευσης) χωρίς ανταποδοτικότητα.","The shortage of these people causes a double harm: on the one hand, it deprives the country of essential talent, and on the other, it constitutes an investment (cost of education) without return.","704",NA
"6.1 Η νέα γενιά πλήρωσε το κόστος, αλλά τώρα κινητήρια δύναμη","6.1 The younger generation has paid the cost, but now it is the driving force","H",NA
"Αν κάποιος δεν θέλει κανέναν να αγνοήσει στον κατάλογο προτεραιοτήτων και κυρίως κανέναν να μην δυσαρεστήσει σε όσα τάξει, οι απαντήσεις μπορούν να γίνουν απέραντες και το Πρόγραμμα να θυμίζει τηλεφωνικό κατάλογο που το ανοίγεις και βρίσκεις αυτό που θέλεις.","If one does not want anyone to be ignored in the list of priorities and especially no one to be displeased in what ranks, the answers can become endless and the Programme can become like a telephone directory that you open and find what you want.","000",NA
"Γ ια μας όμως, η ικανότητα και η τόλμη ενός πρωτοπόρου κινήματος είναι να εντοπίσει και να αναδείξει εκείνες τις πρωτοπόρες κατηγορίες που αν κινητοποιηθούν δυναμικά θα πάνε όλη την κοινωνία μπροστά.","For us, however, the ability and audacity of a pioneering movement is to identify and highlight those pioneering categories which, if mobilised dynamically, will move the whole of society forward.","305.1",NA
"Και σε αυτές τις κατηγορίες πρέπει να ρίξουμε το βάρος της πολιτικής μας.","And it is on these categories that we must put the weight of our politics.","305.1",NA
"Αν δεν πετύχουν αυτές, όλοι θα αποτύχουμε.","If they do not succeed, we will all fail.","305.1",NA
"Αν όμως πετύχουν, τότε όλη η κοινωνία θα πάει καλύτερα και το κράτος θα μπορέσει να ασκήσει την πολιτική του με πολύ καλύτερα αποτελέσματα.","But if they succeed, then the whole of society will be better off and the state will be able to carry out its policy with much better results.","305.1",NA
"Για μας λοιπόν, για το Κίνημα Αλλαγής, ο θεμελιώδης πρωταγωνιστής για την αναζωογόνηση της οικονομίας και την κοινωνική συνοχή, την προσαρμογή της χώρας στην Πράσινη και την Ψηφιακή Μετάβαση, την ανασυγκρότηση της πατρίδας μας με ισχυρή διεθνή παρουσία και ασφάλεια, είναι η σημερινή Νέα Γενιά!","So for us, for the Movement for Change, the fundamental protagonist for the revitalization of the economy and social cohesion, the adaptation of the country to the Green and Digital Transition, the reconstruction of our country with a strong international presence and security, is today's New Generation!","706",NA
"Είναι όσοι στην αρχή της σταδιοδρομίας τους σημαδεύτηκαν από την κρίση και τα Μνημόνια και έμειναν χρόνια άνεργοι ή ξενιτεύτηκαν ή - και αν έμειναν - δούλεψαν με αμοιβές πολύ χαμηλότερες από τα προσόντα τους.","They are those who at the beginning of their careers were scarred by the crisis and the Memoranda and remained unemployed for years or emigrated or - even if they stayed - worked for wages far below their qualifications.","706",NA
"Είναι αυτοί που έμειναν έγκλειστοι με την πανδημία και πρέπει διαρκώς να εκπαιδεύονται σε νέες τεχνολογίες και νέες μορφές επικοινωνίας για να μπορέσουν να παραμείνουν στην αγορά εργασίας, αντιμετωπίζοντας όλο και περισσότερες απαιτήσεις απόδοσης αλλά με διαρκώς αμφισβητούμενα δικαιώματα και αμοιβές.","They are the ones who have been locked in with the pandemic and have to be constantly trained in new technologies and new forms of communication in order to be able to remain in the labour market, facing ever more performance demands but with constantly contested rights and pay.","706",NA
"Είναι αυτοί που μέσα στις πιο αντίξοες συνθήκες, χωρίς κρατική στήριξη και τραπεζική ρευστότητα, επιχείρησαν να κάνουν την γνώση τους παραγωγική, να σχεδιάσουν ανταγωνιστικά προϊόντα, να βγουν στις διεθνείς αγορές.","It is they who, in the most adverse conditions, without state support and bank liquidity, have attempted to make their knowledge productive, to design competitive products, to enter international markets.","706",NA
"Να δημιουργήσουν έτσι μια ολόκληρη γενιά νέων τολμηρών επιχειρήσεων που ξέρει να παίρνει ρίσκα, αλλά και να βρίσκει τρόπους συνεργασίας και ανάπτυξης.","They have thus created a whole generation of young, daring enterprises that know how to take risks, but also how to find ways to cooperate and grow.","706",NA
"Είναι όμως και όσοι παλεύουν ακόμα να μπουν στην αγορά εργασίας, είτε επειδή δεν έχουν τις απαραίτητες γνώσεις, είτε οι ευκαιρίες είναι πολύ λίγες και πρέπει οι μεν να αποκτηθούν, οι δε να διευρυνθούν για να σπάσει ο φαύλος κύκλος ανεργίας και έλλειψης κατάρτισης.","But there are also those who are still struggling to enter the labour market, either because they do not have the necessary skills, or the opportunities are too few and they need to be acquired and the others need to be expanded in order to break the vicious circle of unemployment and lack of training.","706",NA
"Βασικός στόχος του Προγράμματος μας είναι η περιγραφή συγκεκριμένων δράσεων για να δημιουργήσουμε καλύτερες προϋποθέσεις για την οικονομική πορεία και την επαγγελματική εξέλιξη της Νέας Γενιάς, σε ένα περιβάλλον ασφάλειας, αξιοκρατίας και προόδου.","The main objective of our programme is to describe specific actions to create better conditions for the economic and professional development of the younger generation, in an environment of security, meritocracy and progress.","701",NA
"Από την προτεραιότητα που δίνουμε στην Εγχώρια Προστιθέμενη Αξία και τις πρωτοβουλίες παραγωγικής ανασυγκρότησης, έως τις διευκολύνσεις και τα νέα εργαλεία τραπεζικού δανεισμού, ο στόχος είναι πώς η νέα επιχειρηματικότητα θα βρει πιο γόνιμο έδαφος να αναπτυχθεί και να στεριώσει.","From the priority we give to Domestic Value Added and productive reconstruction initiatives, to facilities and new bank lending tools, the aim is how young entrepreneurship will find more fertile ground to grow and take root.","402",NA
"Από τις δράσεις κατάρτισης σε νέες τεχνολογίες και δεξιότητες έως την απλοποίηση των κρατικών διαδικασιών αδειοδότησης, αξιολόγησης τεχνο-ερευνητικών προγραμμάτων και έγκρισης προϊόντων, ο στόχος είναι πώς η νέα επιχειρηματικότητα θα μπορέσει να ενταχθεί πιο ολοκληρωμένα στην παραγωγική διαδικασία και να βρει τις ευκαιρίες που της αξίζουν.","From training actions in new technologies and skills to the simplification of government procedures for licensing, evaluation of techno-research projects and product approval, the objective is how new entrepreneurship can be more fully integrated into the production process and find the opportunities it deserves.","402",NA
"Για όλους τους νέους, είτε δοκιμάζουν την καριέρα τους σε μια επιχείρηση είτε σε ένα οργανισμό, θεμελιώδης προϋπόθεση για να αφοσιωθούν στην δουλειά τους με μεράκι είναι να έχουν μπροστά τους ένα ορίζοντα που δεν σκιάζεται από κομματικές παρεμβάσεις, ρουσφέτια και διαφθορά.","For all young people, whether they are trying out a career in a company or in an organisation, a fundamental prerequisite for them to devote themselves to their work with passion is to have a horizon in front of them that is not obscured by party interference, buffers and corruption.","304",NA
"Να ξέρουν ότι την πορεία τους θα την κρίνουν μόνο η δική τους ικανότητα και η άμιλλα των άλλων και όχι η πολιτική καμαρίλα, η οικογενειοκρατία και οι διασυνδέσεις.","They should know that their progress will be judged only by their own ability and the rhetoric of others, and not by political patronage, family power and connections.","304",NA
"Για τον λόγο αυτό θεωρούμε πώς μια άλλη θεμελιώδης προϋπόθεση για να έλθει η Νέα Γενιά στο προσκήνιο είναι να εμπεδώσουμε θεσμούς αξιοκρατίας, από τις προσλήψεις και την εξέλιξη στην Δημόσια Διοίκηση, έως τις χρηματοδοτήσεις του τραπεζικού τομέα και τα κάθε λογής Προγράμματα και επενδύσεις.","This is why we believe that another fundamental prerequisite for the New Generation to come to the fore is to entrench institutions of meritocracy, from recruitment and progression in the Civil Service, to banking sector funding and all kinds of programmes and investments.","303",NA
"6.2 Γιατί πρέπει να πετύχει η Νέα Γενιά","6.2 Why the New Generation must succeed","H",NA
"Πολλοί ίσως θεωρούν αυτονόητο ότι η εξέλιξη μιας κοινωνίας βασίζεται στην πρόοδο και την επιτυχία της Νέας Γενιάς.","Many may take it for granted that the evolution of a society is based on the progress and success of the New Generation.","706",NA
"Δυστυχώς όμως στην χώρα μας - έπειτα από τις αλλεπάλληλες και οδυνηρές κρίσεις - αυτή η παραδοχή δεν είναι πλέον καθόλου δεδομένη.","Unfortunately, however, in our country - following successive and painful crises - this assumption is no longer a given.","706",NA
"Όχι μόνο αναφορικά με το επίπεδο ευημερίας που προσδοκά να έχει κάθε γενιά και να το βλέπει να βελτιώνεται σε σχέση με την προηγούμενη, αλλά και με τους ακόμα πιο θεμελιώδεις όρους δημογραφικής δυναμικής και εθνικής επιβίωσης.","Not only with regard to the level of prosperity that each generation expects to have and to see improving in relation to the previous one, but also with regard to the even more fundamental terms of demographic dynamics and national survival.","706",NA
"Οι λόγοι που μας κάνουν να θεωρούμε την Νέα Γενιά ως την μεγάλη προτεραιότητα και στόχευση στο Πρόγραμμα μας είναι πολλοί, μεταξύ άλλων και οι εξής:","There are many reasons why we see the New Generation as the major priority and target in our Programme, including the following:","706",NA
"(α). Οικονομική εξέλιξη, παραγωγή, ανταγωνιστικότητα:","(α). Economic development, production, competitiveness:","H",NA
"Σήμερα όλες οι χώρες - ιδιαίτερα μάλιστα στην ΕΕ - προσπαθούν να σχεδιάσουν και να εφαρμόσουν μια νέα παραγωγική διαδικασία που βασίζεται στην Πράσινη και την Ψηφιακή Μετάβαση, την άνοδο της εθνικής ανταγωνιστικότητας και την επέκταση της απασχόλησης σε συνδυασμό με μια θετική προοπτική αμοιβών και κοινωνικών υπηρεσιών.","Today all countries - especially in the EU - are trying to design and implement a new production process based on Green and Digital Transition, rising national competitiveness and expanding employment combined with a positive outlook for wages and social services.","416.2",NA
"Είναι προφανές ότι αυτή η διαδικασία μετάβασης μπορεί να υλοποιηθεί αποτελεσματικά μόνο αν υιοθετηθεί καθολικά από την Νέα Γενιά και οδηγήσει σε ένα νέο τρόπο οργάνωσης της εργασίας και των δραστηριοτήτων.","It is obvious that this transition process can only be effectively implemented if it is universally adopted by the New Generation and leads to a new way of organising work and activities.","706",NA
"Η συμμετοχή των μεγαλύτερων ηλικιών θα γίνεται ολοένα και μεγαλύτερη καθώς θα βλέπουν την πορεία των πραγμάτων και - προπάντων - την κοινωνική τους χρησιμότητα και θα ξεπερνούν ευκολότερα μια φυσιολογική τάση να την αποφύγουν και να συνεχίσουν να λειτουργούν με τις παλιότερες δομές και νοοτροπίες.","The participation of older people will become increasingly greater as they see the course of events and - above all - their social utility and will more easily overcome a natural tendency to shun it and continue to operate with the old structures and attitudes.","706",NA
"Από τις τεχνολογίες παραγωγής έως τα συστήματα εξυπηρέτησης του πολίτη, η συμμετοχή θα επεκτείνεται όσο περισσότερο οι νέοι εντάσσονται σε αυτά, τα κάνουν κτήμα τους αλλά και πεδίο διαρκούς βελτίωσης και άμιλλας.","From production technologies to citizen service systems, participation will expand as young people become more involved in them, making them their own and a field of constant improvement and exchange.","706",NA
"(β). Κοινωνικό κράτος","(b). Social state","H",NA
"Στόχος μας είναι να παρέχουμε μια σειρά από κρίσιμα δημόσια αγαθά σε όλους τους πολίτες, ανεξαρτήτως φύλου, ηλικίας και περιοχής.","Our goal is to provide a range of critical public goods to all citizens, regardless of gender, age or region.","503",NA
"Από τις νέες οικογένειες, τα παιδιά, την διαδικασία μόρφωσης, την αντιμετώπιση της ανεργίας, την υγεία και τις συντάξεις, η Πολιτεία πρέπει να έχει την δυνατότητα να καλύπτει τις ανάγκες αυτές","From young families, children, the education process, tackling unemployment, health and pensions, the State must be able to meet these needs","504",NA
"με υγιείς πόρους που δεν θα οδηγούν το κράτος σε υπερχρέωση και δημοσιονομική κατάρρευση.","with sound resources that do not drive the State into over-indebtedness and fiscal collapse.","414",NA
"Οι πόροι αυτοί θα προέρχονται από ένα σύγχρονο φορολογικό σύστημα και ένα σύγχρονο ασφαλιστικό σύστημα.","These resources will come from a modern tax system and a modern insurance system.","404",NA
"Ένα σύγχρονο φορολογικό σύστημα πρέπει να είναι απλό και λειτουργικό, προπάντων όμως να είναι δίκαιο με εύλογες επιβαρύνσεις για τις διάφορες κατηγορίες εισοδημάτων και ιδιαίτερα για τον μεγάλο (και συχνά μάλιστα κρυμμένο) πλούτο.","A modern tax system must be simple and workable, but above all it must be fair, with reasonable burdens on the various categories of income, especially on the large (and often hidden) wealth.","404",NA
"Αν το φορολογικό σύστημα είναι υπέρμετρα επιβαρυντικό και η Νέα Γενιά δεν βλέπει ανταποδοτικότητα στην ποιότητα και επάρκεια των δημοσίων αγαθών που παρέχει η Πολιτεία, τότε ή θα φύγει από την χώρα ή θα μιμηθεί και αυτή τις ίδιες μεθόδους απόκρυψης και ιδιοποίησης όπως συνέβη πολλές φορές στο παρελθόν.","If the tax system is excessively burdensome and the New Generation does not see value for money in the quality and adequacy of the public goods provided by the State, then it will either leave the country or it will imitate the same methods of concealment and appropriation as it has done many times in the past.","404",NA
"Γ ια άλλη μια φορά, το σύστημα θα κυλίσει στις χειρότερες πρακτικές και η ευκαιρία για την ανασυγκρότηση της χώρας θα χαθεί ξανά.","Once again, the system will wallow in the worst practices and the opportunity to rebuild the country will be lost again.","404",NA
"Ένα σύγχρονο ασφαλιστικό σύστημα πρέπει να είναι διαχρονικά αξιόπιστο και βιώσιμο για να μπορεί να εγγυηθεί ότι ο κάθε ασφαλισμένος θα «λάβει τον κόπο του» όταν βγει στην σύνταξη.","A modern insurance system must be reliable and sustainable over time in order to guarantee that every insured person will 'get their money's worth' when they retire.","701",NA
"Και επίσης να αισθάνεται ότι τώρα που επιδοτεί τους σημερινούς συνταξιούχους στην διάρκεια της εργασίας του, είναι ένα καθήκον που και αυτουνού θα του το ανταποδώσουν οι μελλοντικές γενιές.","And it must also feel that now that it is subsidising today's pensioners during their working lives, it is a duty that future generations will also repay.","706",NA
"Διαφορετικά, η αλληλεγγύη των γενεών θα δυσφημιστεί, θα οδηγήσει στην έχθρα των νυν με τους παλιότερους εργαζόμενους και καθένας θα κοιτάζει την πάρτη του σε ένα άτεγκτο ανταποδοτικό σύστημα.","Otherwise, intergenerational solidarity will be discredited, will lead to hostility between current and older workers, and everyone will be looking out for their own interests in a rigid contributory system.","706",NA
"Η κοινωνία θα γεμίσει φτωχούς συνταξιούχους και όλοι θα ζουν με την καχυποψία του άλλου, οξύνοντας τις διαμάχες και τις αντιθέσεις μεταξύ των γενεών.","Society will be filled with poor pensioners and everyone will live with suspicion of each other, exacerbating the conflicts and contrasts between generations.","706",NA
"(γ). Δημογραφική αναγέννηση","(c) Demographic renaissance","H",NA
"Είναι καθολική διαπίστωση ότι η Ελλάδα αντιμετωπίζει μια σοβαρή δημογραφική παρακμή που βαθμιαία οδηγεί σε συρρίκνωση του πληθυσμού της.","It is universally acknowledged that Greece is facing a serious demographic decline which is gradually leading to a shrinking of its population.","706",NA
"Γ ια να ανασχεθεί η μείωση του πληθυσμού προτείνονται κατά καιρούς διάφορα μέτρα προσέλκυσης και κατοικίας στην ελληνική επικράτεια, διαφόρων κατηγοριών ομογενών, συνταξιούχων άλλων χωρών της ΕΕ, κλπ.","In order to halt the decline of the population, various measures have been proposed from time to time to attract various categories of expatriates, retired people from other EU countries, etc. to Greece.","606.1",NA
"Αν και οι πολιτικές αυτές είναι θετικές επειδή αυξάνουν τον συνολικό πληθυσμό και αξιοποιούν καλύτερα το απόθεμα υποδομών της χώρας, αφήνουν ανέγγιχτη μια άλλη θλιβερή πτυχή του δημογραφικού προβλήματος: την συρρίκνωση των νέων ηλικιών σε σχέση με τις μεγαλύτερες ηλικίες.","Although these policies are positive because they increase the overall population and make better use of the country's infrastructure stock, they leave untouched another sad aspect of the demographic problem: the shrinkage of the young compared to the older age groups.","606.1",NA
"Αν όμως η πληθυσμιακή συγκράτηση γίνεται κυρίως με ηλικιωμένους, τότε είναι θέμα χρόνου πότε θα καταρρεύσει η δυναμική της κοινωνίας σε όλα τα μέτωπα: από την παραγωγή και την καινοτομία έως την άμυνα και την στελέχωση του κράτους.","But if population containment is mainly driven by older people, it is only a matter of time before the dynamics of society collapse on all fronts: from production and innovation to defence and staffing.","606.1",NA
"Για τον λόγο αυτό είναι κρίσιμο να θέσουμε ως στόχο την ενίσχυση της Νέας Γενιάς και την βελτίωση των προοπτικών της, ώστε να αποτελέσει αυτή τον κυριότερο μηχανισμό δημογραφικής αναζωογόνησης της πατρίδας μας.","For this reason, it is crucial that we set as an objective the strengthening of the younger generation and the improvement of its prospects, so that it becomes the main mechanism for the demographic revitalisation of our country.","706",NA
"Πέρα από τα κίνητρα επιχειρηματικότητας,","In addition to incentives for entrepreneurship,","402",NA
"την κατάρτιση σε νέες τεχνολογίας","training in new technologies","411",NA
"και τις προοπτικές απασχόλησης,","and employment prospects,","701",NA
"σχεδιάζουμε ένα εκτεταμένο Πρόγραμμα παροχής κατοικιών σε νέα ζευγάρια ή διευκόλυνση ενοικίασης/απόκτησης, στήριξη γονεϊκών δράσεων και δράσεις ώστε η απόκτηση παιδιών να μην αποτελεί αντικίνητρο απασχόλησης ή επαγγελματικής εξέλιξης.","we are planning an extensive programme to provide housing for young couples or facilitate rental/acquisition, support for parental actions and actions to ensure that having children is not a disincentive to employment or professional development.","701",NA
"7. ΓΙΑ ΜΙΑ ΝΕΑ ΕΠΟΧΗ ΣΟΣΙΑΛΔΗΜΟΚΡΑΤΙΑΣ","7. FOR A NEW ERA OF SOCIAL DEMOCRACY","H",NA
"Eανά στο προσκήνιο","Back in the spotlight","H",NA
"Πολλές από τις προτεραιότητες που σκιαγραφήθηκαν πιο πάνω, έχουν αποτελέσει ξανά την αιχμή της πολιτικής δράσης που διαμορφώθηκε τα μεταπολεμικά χρόνια στην Ευρώπη και άλλες ανεπτυγμένες χώρες και έμεινε γνωστή σαν «σοσιαλδημοκρατία».","Many of the priorities outlined above have again become the cutting edge of the political action that emerged in the post-war years in Europe and other developed countries and came to be known as 'social democracy'.","305.1",NA
"Στις κοινωνίες που είχαν επιζήσει του Β' Παγκοσμίου Πολέμου, τα σοσιαλιστικά και δημοκρατικά κόμματα σχέδιαζαν εκτεταμένες παρεμβάσεις στην οικονομία, τα βασικά κοινωνικά αγαθά και τις υποδομές προκειμένου να ανεβάσουν την παραγωγική ικανότητα της χώρας, να αυξήσουν την απασχόληση και να γεφυρώσουν τις ανισότητες εισοδήματος.","In the societies that had survived the Second World War, socialist and democratic parties planned extensive interventions in the economy, basic social goods and infrastructure in order to raise the country's productive capacity, increase employment and bridge income inequalities.","305.1",NA
"Η χρηματοδότηση γινόταν με την κατάλληλη δημοσιονομική επέκταση, ενώ οι περιορισμοί στην κίνηση κεφαλαίων έδινε την δυνατότητα στην κάθε οικονομία να ασκεί μια σχετικά ανεξάρτητη νομισματική πολιτική και να διορθώνει μικρές απώλειες ανταγωνιστικότητας.","Financing was provided through appropriate fiscal expansion, while restrictions on capital movements enabled each economy to pursue a relatively independent monetary policy and to correct small losses of competitiveness.","305.1",NA
"Η υιοθέτηση και εφαρμογή των πολιτικών αυτών γινόταν με ισχυρές πολιτικές και κοινωνικές συμμαχίες που ενίσχυαν τους δημοκρατικούς θεσμούς και τα δικαιώματα των εργαζομένων.","The adoption and implementation of these policies was achieved through strong political and social alliances that strengthened democratic institutions and workers' rights.","305.1",NA
"Αυτή ήταν η «ένδοξη τριακονταετία» 1950-1980 που μεταμόρφωσε την Δυτική Ευρώπη από ένα κατεστραμμένο τοπίο του πολέμου σε μια επίζηλη ομάδα χωρών με ευημερία, δημοκρατικές κατακτήσεις και μια πίστη στις κοινές προοπτικές τους που από νωρίς άρχισαν να παίρνουν την μορφή μιας ολοένα και στενότερης ευρωπαϊκής ενοποίησης και διεύρυνσης.","This was the 'glorious thirty years' 1950-1980 that transformed Western Europe from a war-torn landscape into a sought-after group of countries with prosperity, democratic achievements and a belief in their common prospects that early on began to take the form of ever closer European integration and enlargement.","305.1",NA
"Η πορεία αυτή ανακόπηκε βίαια στις δεκαετίες 1970-80, όταν ξέσπασαν οι μεγάλες ανατιμήσεις στην τιμή του πετρελαίου.","This process came to a violent halt in the 1970s and 1980s, when the major oil price rises erupted.","305.1",NA
"Η πετρελαϊκή κρίση έπληξε την ικανότητα της οικονομίας όχι να καταναλώνει επαρκώς όπως γινόταν μέχρι τότε, αλλά να παράγει ανταγωνιστικά.","The oil crisis hit the economy's ability not to consume adequately, as had been the case up to then, but to produce competitively.","404",NA
"Ήταν ένα σοκ προσφοράς και οι παραδοσιακές πολιτικές ζήτησης δεν μπορούσαν να το αντιμετωπίσουν, αλλά οδήγησαν πολύ σύντομα σε ένα νέο φαινόμενο, τον στασιμοπληθωρισμό.","It was a supply shock and traditional demand policies could not cope with it, but it soon led to a new phenomenon, stagflation.","404",NA
"Να βρίσκεται δηλαδή η οικονομία σε παρατεταμένη ύφεση και η προσπάθειες ανέλκυσης να μην έχουν κανένα αποτέλεσμα παρά μόνο να επιτείνουν και άλλο τον πληθωρισμό, και να φουσκώνουν τα ελλείμματα και το χρέος.","That is, to have the economy in a prolonged recession and efforts to lift it out of it having no effect but to further exacerbate inflation and inflate deficits and debt.","404",NA
"Η χρεοκοπία της παραδοσιακής οικονομικής πολιτικής, σύντομα έφερε και την κατάρρευση των σοσιαλδημοκρατικών κυβερνήσεων και την επικράτηση νεοφιλελεύθερων καθεστώτων σε πολλές χώρες έως την δεκαετία του 1990.","The bankruptcy of traditional economic policy soon brought about the collapse of social democratic governments and the prevalence of neoliberal regimes in many countries by the 1990s.","305.1",NA
"Στο διάστημα αυτό, η ηττημένη σοσιαλδημοκρατία βρήκε χρόνο να αναστοχαστεί και να αναδιοργανωθεί.","During this period, the defeated social democracy found time to reflect and reorganise.","305.1",NA
"Τότε ήταν που κατανόησε ότι έννοιες όπως η ανταγωνιστικότητα πρέπει να εξελίσσονται με τρόπο συμβατό με τις μισθολογικές αμοιβές και όχι ερήμην τους.","It was then that it understood that concepts such as competitiveness must evolve in a way that is compatible with wages and not in isolation.","305.1",NA
"Ότι η επάρκεια και ποιότητα των υποδομών σε μια οικονομία αναβαθμίζει την παραγωγική διαδικασία πολύ πιο αποτελεσματικά από τις αδιάκοπες επιδοτήσεις χρεοκοπημένων επιχειρήσεων.","That the adequacy and quality of infrastructure in an economy upgrades the productive process far more effectively than incessant subsidies to bankrupt firms.","411",NA
"Ότι η προαγωγή της επιχειρηματικότητας δημιουργεί συνθήκες υψηλής προστιθέμενης αξίας σε βαθμό πολύ μεγαλύτερο από τις διοικητικές παρεμβάσεις του κράτους.","That the promotion of entrepreneurship creates conditions of high added value to a much greater extent than the administrative interventions of the state.","402",NA
"Ακόμα πιο σημαντική ήταν η αναβαθμισμένη οπτική για το κοινωνικό κράτος και τα δημόσια αγαθά, όπως η παιδεία και η υγεία.","Even more important was the upgraded vision of the welfare state and public goods such as education and health.","504",NA
"Τα οποία για να προσφέρονται με επάρκεια πρέπει να αξιολογείται διαρκώς τόσο η ποιότητα παροχής τους όσο και το αποτέλεσμα που έχουν στην βελτίωση της ζωής των πολιτών.","These, in order to be adequately provided, must be constantly evaluated both in terms of the quality of their provision and their impact on improving the lives of citizens.","504",NA
"Έτσι διαμορφώθηκε σταδιακά ένα νέο ρεύμα σοσιαλδημοκρατικής πολιτικής, το οποίο την τελευταία διετία έχει αρχίσει να επιστρέφει πλησίστιο στην διακυβέρνηση αρκετών ευρωπαϊκών και άλλων ανεπτυγμένων και αναπτυσσόμενων χωρών.","Thus a new current of social democratic politics has gradually emerged, which in the last two years has begun to return in abundance to the governance of several European and other developed and developing countries.","305.1",NA
"Η ανάγκη για μια σύγχρονη σοσιαλδημοκρατική διακυβέρνηση κορυφώθηκε την περίοδο της πανδημίας, όταν οι ευρωπαϊκές κοινωνίες συνειδητοποίησαν τρεις ξεχασμένες προτεραιότητες:","The need for a modern social democratic governance peaked during the pandemic period, when European societies became aware of three forgotten priorities:","305.1",NA
"1. την σημασία ενός δημόσιου και αποτελεσματικού συστήματος υγείας, τις ανάγκες του οποίου δεν μπορεί να καλύψει η περιορισμένη ιδιωτική ιατρική.","1. the importance of a public and efficient health care system, the needs of which cannot be met by limited private medicine.","504",NA
"2. την σημασία ενός συστήματος παραγωγής με σύγχρονες υποδομές μεταφοράς για να ανταπεξέλθει σε συνθήκες γενικευμένου λοκντάουν και υγειονομικών ελέγχων.","2. the importance of a production system with a modern transport infrastructure to cope with widespread lockdowns and health controls.","411",NA
"3. την ανάγκη για μια προηγμένη εκπαίδευση και απασχόληση που μπορεί να διεξάγεται υβριδικά και εξ αποστάσεως ώστε να μην διακόπτεται από παρατεταμένα φαινόμενα κοινωνικής απόστασης,","3. the need for advanced education and employment that can be conducted hybridly and remotely so as not to be interrupted by prolonged periods of social distance,","411",NA
"ενώ ταυτόχρονα θα διασφαλίζει δικαιώματα και ευκαιρίες για να μην γίνονται οι εργαζόμενοι θύματα σε αθέμιτες πρακτικές εκμετάλλευσης.","while ensuring rights and opportunities so that workers are not victims of unfair exploitative practices.","701",NA
"Και οι τρεις προτεραιότητες δείχνουν προς την κατεύθυνση ανασύστασης ενός «κράτους-στρατηγείου» που θα αντικαταστήσει τις μισοδιαλυμένες δομές και τις ανεπάρκειες της προηγούμενης φάσης.","All three priorities point in the direction of rebuilding a 'strategy state' to replace the half-dismantled structures and inefficiencies of the previous phase.","303",NA
"Η ανάγκη επανάκαμψηςτου σοσιαλδημοκρατικού μοντέλου οργάνωσης και ανάπτυξης γίνεται ιδιαίτερα πιεστική για την Ελλάδα, η οποία - μαζί με άλλες χώρες της Νότιας Ευρώπης - δοκιμάστηκε σκληρά την περίοδο των Μνημονίων και αναγκάστηκε να περικόψει ζωτικές λειτουργίες του κράτους και μάλιστα κατεξοχήν στους τομείς που βρίσκονται σήμερα σε προτεραιότητα.","The need to rebuild the social democratic model of organisation and development becomes particularly pressing for Greece, which - along with other Southern European countries - was severely tested during the period of the Memoranda and was forced to cut vital functions of the state, especially in the sectors that are currently a priority.","404",NA
"Η εφαρμογή σοσιαλδημοκρατικών πολιτικών ανάπτυξης μπορεί να γίνει ακόμα πιο αποτελεσματική από την στιγμή που η Ευρωπαϊκή Ένωση σε μια ιστορική της απόφαση κατέληξε να εγκρίνει την σύσταση του Ταμείου Ανάκαμψης και Ανθεκτικότητας για να χρηματοδοτήσει τις ανάλογες πολιτικές, με έμφαση στην Ψηφιακή μετάβαση προς σύγχρονες μεθόδους προσαρμογής και την Πράσινη μετάβαση προς την απανθρακοποίηση των παραγωγικών δραστηριοτήτων.","The implementation of social democratic development policies can be made even more effective since the European Union, in a historic decision, has decided to approve the establishment of the Recovery and Resilience Fund to finance such policies, with the emphasis on the digital transition to modern methods of adaptation and the green transition to the carbonisation of productive activities.","416.2",NA
"Προπάντων όμως με την έμφαση που δίνει στην ενδυνάμωση του Κοινωνικού Κράτους και την αναβάθμιση του ανθρώπινου δυναμικού, όπως περιγράφεται στην συνέχεια.","Above all, however, with its emphasis on strengthening the Social State and upgrading human resources, as described below.","504",NA
"Ευρωπαϊκός Πυλώνας των Κοινωνικών Δικαιωμάτων","The European Pillar of Social Rights","H",NA
"Οι σύγχρονες διακηρύξεις της ευρωπαϊκής σοσιαλδημοκρατίας καθόρισαν σημαντικά την διαμόρφωση του Ευρωπαϊκού Πυλώνα των Κοινωνικών Δικαιωμάτων (ΕυΐΌροαη ΡϊΙΙθΓοίδοοϊεΙ Ρϊςήίε, ΕΡ3Ρ).","The contemporary declarations of European social democracy have been instrumental in shaping the European Pillar of Social Rights (European Pillar of Social Rights, EP3R).","305.1",NA
"Η τελική του μορφή εγκρίθηκε τον Μάιο 2021 στην Σύνοδο Κορυφής Κοινωνικής Πολιτικής στο Πόρτο της Πορτογαλίας, και ανέδειξε τρεις τομείς άμεσης προτεραιότητας:","Its final form was adopted in May 2021 at the Social Policy Summit in Porto, Portugal, and identified three areas of immediate priority:","305.1",NA
"Εργασία και απασχόληση","Work and employment","701",NA
"Δεξιότητες και καινοτομία","Skills and innovation","411",NA
"Κράτος πρόνοιας και κοινωνική προστασία","Welfare and social protection","504",NA
"Το σχέδιο δράσης προτείνει μια σειρά πρωτοβουλιών και θέτει τρεις κύριους στόχους που πρέπει να επιτευχθούν σε ολόκληρη την Ευρώπη έως το 2030:","The Action Plan proposes a series of initiatives and sets three main targets to be achieved across Europe by 2030:","108",NA
"ποσοστό απασχόλησης τουλάχιστον 78% στην Ευρωπαϊκή Ένωση","an employment rate of at least 78% in the European Union","701",NA
"τουλάχιστον το 60% των ενηλ ίκων να παρακολουθούν μαθήματα κατάρτισης κάθε χρόνο","at least 60% of adults attending training courses each year","411",NA
"μείωση του αρι θμού των ατόμων που αντιμετωπίζουν κίνδυνο κοινωνικού αποκλεισμού ή φτώχειας κατά τουλάχιστον 15 εκατομμύρια για όλη την ΕΕ27, μεταξύ των οποίων 5 εκατομμύρια παιδιά","reducing the number of people at risk of social exclusion or poverty by at least 15 million for the whole EU27, including 5 million children","503",NA
"Εξειδικεύοντας τους παραπάνω στόχους, κορυφαία ιδρύματα διαμόρφωσης της σοσιαλδημοκρατικής πολιτικής στην ΕΕ προτείνουν μια σειρά από συγκεκριμένες ενέργειες που θα πρέπει να υλοποιηθούν στις παρακάτω κατευθύνσεις:","Specifying the above objectives, leading social democratic policy-making institutions in the EU propose a series of concrete actions to be implemented along the following lines:","305.1",NA
"1. Εργασιακή ασφάλεια και πρόσβαση στην απασχόληση με κανόνες ίσης αμοιβής μεταξύ φύλων, ενίσχυση των συλλογικών διαπραγματεύσεων και άνοδο των κατώτερων μισθών για να αντιμετωπιστεί η επιδεινούμενη εισοδηματική ανισότητα σε πολλές χώρες της ΕΕ.","1. Job security and access to employment with gender pay equity rules, strengthening collective bargaining and raising minimum wages to tackle the worsening income inequality in many EU countries.","503",NA
"Σημαντική και εντελώς ευθυγραμμισμένη με κύριες προσεγγίσεις της σοσιαλδημοκρατίας είναι επίσης η κριτική στην επικράτηση του επιχειρηματικού μοντέλου «των μετόχων και της χρηματοπιστωτικής κυριαρχίας» (5ή3ΓθήοΙάθΓ νβΐυθ &ίΐη3ηοΐ3ΐΐ53ΐίοη ρΐΌΟθδδ).","Also important and fully in line with mainstream social democratic approaches is the critique of the prevalence of the business model of 'shareholder and financial domination' (5 or 3GeOIathGnvIth &iii3i3iOi3i53iOiOiOthd).","403",NA
"Σύμφωνα με αυτό τα κέρδη της επιχείρησης δεν αποταμιεύονται για να επενδυθούν και να δημιουργήσουν θέσεις απασχόλησης όπως γινόταν παλιότερα, αλλά διανέμονται στους μετόχους που τα διοχετεύουν είτε σε κατανάλωση είτε σε βραχυχρόνιες τοποθετήσεις.","According to this, the profits of the firm are not saved to be invested and create jobs as in the past, but are distributed to shareholders who channel them either into consumption or short-term investments.","403",NA
"Η διαδικασία αυτή γίνεται ακόμα πιο ελκυστική σε περιπτώσεις χαμηλής φορολογίας μερισμάτων, όπως για παράδειγμα συμβαίνει στην Ελλάδα τα τελευταία χρόνια.","This process becomes even more attractive in cases of low dividend taxation, as has been the case in Greece in recent years, for example.","403",NA
"Η αποφυγή νέων επενδύσεων επιταχύνει την συρρίκνωση των επιχειρήσεων και της απασχόλησης, με αποτέλεσμα την χειροτέρευση των συνθηκών εργασίας και μισθών.","Avoiding new investment accelerates the contraction of businesses and employment, resulting in worsening working conditions and wages.","403",NA
"2. Ισότητα των φύλων ανδρών, γυναικών και κάθε μορφής ταυτότητας φύλου με διεκδίκηση ίσων αμοιβών για την ίδια εργασία, ισότιμη αξιοποίηση των ευκαιριών ανάδειξης σε θέσεις ευθύνης επιχειρήσεων και κοινωνικο-πολιτικών οργανισμών, καθώς και ίση μεταχείριση στις δυνατότητες που παρέχουν οι νέες τεχνολογίες για τηλεργασία.","2. gender equality between men, women and all forms of gender identity by demanding equal pay for the same work, equal opportunities for promotion to positions of responsibility in companies and socio-political organisations, and equal treatment in the opportunities offered by new technologies for teleworking.","503",NA
"3. Ενίσχυση της διαδικασίας προς-τα-άνω σύγκλισης (υρνναΓά οοηνθΓρβηοθ) μεταξύ των μελών της ΕΕ-27.","3. Strengthening the process of upward convergence (harnessing convergence) between the EU-27 Member States.","108",NA
"Αρχικά η χρηματοπιστωτική κρίση του 2008 και η κρίση χρέους του 2010 είχαν προκαλέσει δριμεία απόκλιση ευημερίας ανάμεσα στα κράτη-μέλη.","Initially, the financial crisis of 2008 and the debt crisis of 2010 had caused a sharp divergence in prosperity between Member States.","414",NA
"Μετά όμως είχε αρχίσει πάλι μια βαθμιαία διαδικασία σύγκλισης στο κατά κεφαλή ΑΕΠ και σε άλλους κοινωνικο-οικονομικούς δείκτες, αλλά μετά την πανδημία η ΕΕ περιέπεσε ξανά σε μια απότομη διαδικασία απόκλισης και ανισοτήτων και φαίνεται ότι θα αποκλίνει ακόμα περισσότερο λόγω της ενεργειακής κρίσης.","But then a gradual process of convergence in GDP per capita and other socio-economic indicators had started again, but after the pandemic the EU fell back into a steep process of divergence and inequalities, and it seems that it will diverge even further due to the energy crisis.","503",NA
"Η ανάγκη πολιτικών ενίσχυσης της ανάπτυξης, της απασχόλησης και της ανταγωνιστικότητας μέσω εστιασμένων προγραμμάτων - όπως είναι το Ταμείο Ανάκαμψης - επιβάλλεται να συνεχιστούν και να ενισχυθούν για όλα τα κράτη-μέλη σε βαθμό ανάλογο της απόκλισης που υπέστησαν.","The need for policies to boost growth, employment and competitiveness through focused programmes - such as the Recovery Fund - must be continued and strengthened for all Member States to a degree commensurate with the divergence they have suffered.","410",NA
"Η σοσιαλδημοκρατία για την Ελλάδα του σήμερα","Social democracy for today's Greece","H",NA
"Όμως, μία πολιτική που φιλοδοξεί να αλλάξει την ελληνική κοινωνία και να συντονιστεί με τις μεγάλες αλλαγές που γίνονται στην Ευρώπη, δεν υποοεί νίνεται σαν υηχανιστική εώαουονή ενόσ πανευοωπαϊκού πακέτου, όσο πλήρες και να θεωρείται.","However, a policy that aspires to change Greek society and to coordinate with the major changes taking place in Europe cannot be tolerated as a mechanistic echo of a pan-European package, however complete it may be considered.","305.1",NA
"Ούτε να προσδοκάται σαν μια αργή αλλά σίγουρη συνέπεια μιας αναπτυξιακής πορείας για την οποία και μόνο θα έπρεπε τώρα να αφιερωθεί όλη η προσπάθεια, αφήνοντας τις κοινωνικές προτεραιότητες στο έλεος της μοίρας.","Nor should it be expected as a slow but sure consequence of a development path for which alone all effort should now be devoted, leaving social priorities to the mercy of fate.","305.1",NA
"Ούτε φυσικά να βασίζεται σε πολιτικές αναβίωσης του κρατισμού και των πελατειακών σχέσεων που επί δεκαετίες ταλαιπώρησαν τους Έλληνες πολίτες και έστειλαν το πιο ακμαίο τμήμα τους στο εξωτερικό για να αναζητήσει τις ευκαιρίες που δεν είχε εδώ.","Nor, of course, should it be based on policies to revive the statism and clientelism that have plagued Greek citizens for decades and sent the most prosperous part of them abroad to seek the opportunities they did not have here.","304",NA
"Χρειάζεται να τεθούν ξεκάθαρα πολιτικά και κοινωνικά κριτήρια για το ποιοι θα ωφεληθούν από τις εκάστοτε επιλογές, αν θα διαλέξουμε να αναπαράγουμε ή να μετασχηματίσουμε το παραγωγικό μοντέλο, αν καταφέρουμε να νικήσουμε τις κοινωνικές ανισότητες ή θα τις αφήσουμε να μεγαλώνουν.","Clear political and social criteria need to be set as to who will benefit from the choices made, whether we choose to reproduce or transform the production model, whether we manage to defeat social inequalities or allow them to grow.","503",NA
"Ξεπροβάλλουν έτσι δύο πιθανές προσεγγίσεις:","Two possible approaches thus emerge:","305.1",NA
"Μία είναι η παραδοσιακή πολιτική των αλόγιστων παροχών και επιδοτήσεων προς υφιστάμενες επιχειρήσεις με την ψευδαίσθηση ότι έτσι θα τονώσουν την ζήτηση, θα αυξήσουν την παραγωγή και θα συγκρατήσουν την απασχόληση.","One is the traditional policy of reckless benefits and subsidies to existing enterprises under the illusion that this will stimulate demand, increase production and hold back employment.","305.1",NA
"Στην Ελλάδα την πολιτική αυτή την έχουν ακολουθήσει κάμποσες κυβερνήσεις και πιο πρόσφατα η παρούσα με την ξέφρενη χρηματοδότηση κάθε αιτήματος από υπαρκτή ή ανύπαρκτη επιχείρηση που ισχυριζόταν ότι βρέθηκε σε οικονομική απραξία λόγω πανδημίας.","In Greece this policy has been followed by a number of governments and most recently by the present one with its frantic funding of every request from an existing or non-existent business claiming to be in economic inactivity due to a pandemic.","305.1",NA
"Αποτέλεσμα ήταν αφενός μεν να μην συντελεστεί καμία ουσιαστική αλλαγή του παραγωγικού μοντέλου λόγω ανυπαρξίας ελέγχων και αξιολόγησης, και αφετέρου να αδειάσουν τα κρατικά ταμεία κατά 43 δισεκ. Ευρώ απειλώντας άμεσα την δημοσιονομική ικανότητα της χώρας αν τυχόν χρειαστούν νέες παρεμβάσεις στην ενεργειακή κρίση.","The result has been, on the one hand, no substantial change in the production model due to the absence of controls and evaluation, and on the other hand, the emptying of the public purse by EUR 43 billion. This directly threatens the country's fiscal capacity if new interventions are needed in the energy crisis.","305.1",NA
"Στην πραγματικότητα, η πολιτική αυτή ήταν ίδια με τις αδιέξοδες επιλογές της δεκαετίας του 1970-80, οι οποίες δεν μπορούσαν να ξεχωρίσουν την αλλαγή των συνθηκών και με τις υπέρογκες αυξήσεις υποδαύλιζαν τον πληθωρισμό και το χρέος.","In reality, this policy was identical to the dead-end options of the 1970s-80s, which could not distinguish between changing circumstances and, with their excessive increases, fuelled inflation and debt.","305.1",NA
"Η άλλη πολιτική είναι να εφαρμοστεί ένα σύγχρονο σοσιαλδημοκρατικό πλαίσιο, που βασίζεται σε πρωτοβουλίες καθολικής αναβάθμισης της παραγωγής, του επιχειρηματικού κλίματος και του εργασιακού περιβάλλοντος.","The other policy is to implement a modern social-democratic framework based on initiatives for the universal upgrading of production, the business climate and the working environment.","305.1",NA
"Προφανώς θα περιλαμβάνονται και επιδοτήσεις παραγωγής, αλλά θα είναι στοχευμενες και οα σκοπεύουν στην απόκτηση ανταγωνιστικών πλεονεκτημάτων από εργαζόμενους και επιχειρήσεις.","Obviously, production subsidies will be included, but they will be targeted and aimed at gaining competitive advantages for workers and enterprises.","402",NA
"Σε ένα τέτοιο πλαίσιο ταυτόχρονης αναβάθμισης εργασίας και κεφαλαίου μπορεί να υλοποιηθούν πολιτικές ουσιαστικών μισθολογικών αυξήσεων, καταπολέμησης της ανισότητας και σύγκλισης με τις πιο ανεπτυγμένες χώρες.","In such a context of simultaneous upgrading of labour and capital, policies of substantial wage increases, fighting inequality and catching up with more developed countries can be implemented.","701",NA
"Με επίκεντρο και βασικό σημείο αναφοράς την Νέα Γενιά, η σοσιαλδημοκρατική πολιτική βγαίνει από τα στενά οικονομίστικα πλαίσια και αποκτά μια ευρύτερη διάσταση εθνικής στρατηγικής που υπηρετεί τα συμφέροντα της χώρας και διασφαλίζει την ισχύ και την ευημερία της.","With the New Generation as its focus and key reference point, social democratic policy moves out of the narrow economic framework and acquires a broader dimension of national strategy that serves the interests of the country and ensures its strength and prosperity.","305.1",NA
"Ευρώπη ισχυρών θεσμών για ασφάλεια & προστασία σε κάθε κρίση","A Europe of strong institutions for security & protection in every crisis","H",NA
"Προσβλέπουμε συνεχώς στην ισχυροποίηση της Ευρωπαϊκής Ένωσης και την εμβάθυνση της Ευρωπαϊκής Ολοκλήρωσης.","We constantly look forward to strengthening the European Union and deepening European integration.","108",NA
"Μέσα από την συνεχή ενδυνάμωση των ευρωπαϊκών θεσμών και οργάνων, τον εκσυγχρονισμό του τρόπου λήψης και υλοποίησης των αποφάσεων καθώς και την συνεχή επέκταση και αναβάθμιση των μηχανισμών αντιμετώπισης των πολλαπλών κρίσεων, διασφαλίζεται τόσο η ευημερία όσο και ειρήνη και η σταθερότητα σε ολόκληρο τον ευρωπαϊκό χώρο και την ευρύτερη περιοχή.","Through the continuous strengthening of European institutions and bodies, the modernisation of the way decisions are taken and implemented, and the continuous expansion and upgrading of the mechanisms for dealing with multiple crises, we ensure prosperity, peace and stability throughout the European area and the wider region.","108",NA
"Ιδιαίτερα σε μια εποχή που επικρατούν συνθήκες «πολύ-πολισμού» ισχύος, συνεχούς μεταβολής διεθνών συμπράξεων και συμμαχιών ενώ ταυτόχρονα συντρέχουν σημαντικές κρίσεις παγκόσμιας κλίμακας.","Particularly in an era of multi-polar power, constantly changing international partnerships and alliances, while at the same time facing major crises on a global scale.","108",NA
"Γ ια την καλύτερη θωράκιση του ευρωπαϊκού κεκτημένου και την ομαλότερη πορεία του κοινού ευρωπαϊκού μέλλοντος προτείνουμε την ελληνική συμμετοχή και υποστήριξη τριών κυρίως αξόνων ενωσιακής αναβάθμισης και εμβάθυνσης:","For the better protection of the European acquis and the smoother course of the common European future, we propose Greek participation and support for three main axes of EU upgrading and deepening","108",NA
"1. Την ολοκλήρωση και ενίσχυση της Στρατηγικής Πυξίδας για την Κοινή Ασφάλεια και Άμυνα.","1. The completion and strengthening of the Strategic Compass for Common Security and Defence.","108",NA
"Η θέση της Ελλάδας σε μια αναβαθμισμένη και ενιαία πολιτική Ασφάλειας και Άμυνας, δεν θα αποφέρει μόνο τα αυτονόητα οφέλη σε μια χώρα που αποτελεί τα ανατολικά σύνορα της ΕΕ αλλά σε συνδυασμό με τα αμυντικά μεγέθη της χώρας μας τόσο σε τεχνολογικό και αμυντικό εξοπλισμό όσο και σε ανθρώπινο δυναμικό, μπορεί να την καταστήσει κυρίαρχο και καθοριστικό παράγοντα στην αναπτυε,η και εφαρμογή μιας κεντρικής ευρωπαϊκής στρατηγικής.","Greece's position in an upgraded and unified Security and Defence policy will not only bring the obvious benefits to a country that forms the eastern border of the EU, but in combination with our country's defence capabilities, both in terms of technological and defence equipment and human resources, can make it a dominant and decisive factor in the development and implementation of a central European strategy.","108",NA
"Ταυτόχρονα θα πολλαπλασιάσει τις δυνατότητες συμμετοχής στην ανάπτυξη και παραγωγή νέων βιομηχανικών και τεχνολογικών εφαρμογών","At the same time, it will multiply the possibilities of participation in the development and production of new industrial and technological applications","104",NA
"και θα ενισχύσει ακόμη περισσότερο την διαπραγματευτική και διπλωματική ισχύ της χώρας μας, σε όλες τις διεθνείς συμμαχίες κι επαφές εκτός ΕΕ.","and will further strengthen our country's negotiating and diplomatic power in all international alliances and contacts outside the EU.","107",NA
"2. Την μονιμοποίηση και επέκταση του Ταμείου Ανάκαμψης καθώς και την αναμόρφωση του δημοσιονομικού πλαισίου μέσω της δυνατότητας έκδοσης κοινού χρέους (ομοσπονδοποιημένων ομολόγων).","2. The permanence and extension of the Recovery Fund as well as the reform of the fiscal framework through the possibility of issuing common debt (federal bonds).","403",NA
"Η ταχύτητα και το μέγεθος παρέμβασης της ΕΕ στις τεράστιες οικονομικές και κοινωνικές προκλήσεις που προκάλεσε η Πανδημία, μέσω του Ταμείου Ανάκαμψης, πετυχαίνοντας σε μεγάλο βαθμό ανάσχεση των συνεπειών της κρίσης, θα πρέπει να συνεχιστεί και να αποτελέσει κυρίαρχο εργαλείο ανάσχεσης και των δομικών ανισοτήτων που υποβόσκουν ακόμα εντός των κρατών - μελών.","The speed and scale of the EU's intervention in the enormous economic and social challenges caused by the pandemic, through the Recovery Fund, achieving to a large extent a containment of the effects of the crisis, should be continued and become a dominant tool to curb the structural inequalities that still persist within the Member States.","108",NA
"Παράλληλα με το επιτυχημένο μοντέλο του Τ.Α. προτείνεται και η αξιοποίηση της δυνατότητας έκδοσης κοινών ομολόγων, με τα χρηματικά οφέλη των οποίων θα μπορούν χρηματοδοτηθούν συγκεκριμένες δράσεις, όπως η ενίσχυση των υποδομών όλων των κρατών ή πολιτικές αντιμετώπισης της κλιματικής κρίσης.","Alongside the successful model of the TA, it is also proposed that the possibility of issuing common bonds be exploited, with the monetary benefits of which specific actions can be financed, such as strengthening the infrastructure of all the Member States or policies to tackle the climate crisis.","108",NA
"3. Μια νέα αρχιτεκτονική αποφάσεων στα ευρωπαϊκά όργανα που να καθιστά τις αποφάσεις της ΕΕ όσο το δυνατόν περισσότερο λειτουργικές, ταχύτερες και αποτελεσματικές προς όφελος της συντριπτικής πλειοψηφίας των κρατών-μελών και των ευρωπαίων πολιτών.","3. A new decision-making architecture in the European institutions that makes EU decisions as operational, faster and more effective as possible for the benefit of the vast majority of Member States and European citizens.","108",NA
"Ως ένα σημαντικό βήμα για την ευρωπαϊκή ολοκλήρωση και την θωράκιση των κοινών ευρωπαϊκών αξιών απέναντι στις πολλαπλές εξωτερικές προκλήσεις η ευρωπαϊκή διακυβέρνηση οφείλει να επιδεικνύει μεγαλύτερη ευελιξία και αποφασιστικότητα.","As an important step towards European integration and in shielding common European values against multiple external challenges, European governance must show greater flexibility and determination.","108",NA
"Ταυτόχρονα η χώρα μας θα πρέπει θα αξιοποιήσει κάθε δυνατότητα συμπορεύσεων και συμμαχιών με τα κράτη-μέλη που συμπίπτουν οι γεωγραφικές προκλήσεις, παρόμοια μεγέθη και κοινές ανάγκες.","At the same time, our country should exploit every opportunity for cooperation and alliances with Member States with overlapping geographical challenges, similar sizes and common needs.","108",NA
"ΜΕΡΟΣ ΙI Μια νέα στρατηγική ανάπτυξης","PART I A new development strategy","H",NA
"1. ΑΥΞΗΣΗ ΤΗΣ ΕΓΧΩΡΙΑΣ ΠΡΟΣΤΙΘΕΜΕΝΗΣ ΑΞΙΑΣ","1. INCREASING DOMESTIC VALUE ADDED","H",NA
"Είναι αποδεδειγμένο από την εμπειρική έρευνα και όπως αποδείχτηκε για ακόμη μια φορά και από την επίπτωση της πανδημίας Οονϊά-19 στις οικονομίες παγκοσμίως, η ισχυρή δευτερογενής παραγωγή, που περιλαμβάνει τη μεταποίηση και τις κατασκευές, συμβάλει καθοριστικά τόσο στη δημιουργία μακροχρόνιων τάσεων ανάπτυξης όσο και στην υψηλότερη ανθεκτικότητα σε εξωγενείς κρίσεις των εθνικών οικονομικών.","It has been proven by empirical research, and as demonstrated once again by the impact of the Oonu-19 pandemic on economies worldwide, strong secondary production, including manufacturing and construction, is a key contributor to both long-term growth trends and higher resilience to exogenous shocks in national economies.","410",NA
"Ο δευτερογενής τομέας στην Ελλάδα σύμφωνα με τα συγκριτικά στοιχεία της ΕυΐΌ5ΐ3ί για τα κράτη μέλη της ΕΕ και του ΟΟΣΑ για τα κράτη μέλη του κατατάσσεται διαχρονικά στις τελευταίες θέσεις στο επίπεδο της συνεισφοράς του στην ακαθάριστη προστιθέμενη αξία του ΑΕΠ.","The secondary sector in Greece, according to the comparative data of the European Union for EU Member States and the OECD for its Member States, has been ranked over time at the bottom of the list in terms of its contribution to gross value added to GDP.","410",NA
"Ειδικότερα, την τελευταία Ιδετία ενώ ο κλάδος της βιομηχανίας (που περιλαμβάνει εκτός από τη μεταποίηση, την παροχή ρεύματος και νερού και τον κλάδο των ορυχείων - λατομείων) μείωσε, έστω και λίγο, την απόκλιση του από το μέσο όρο της ΕΕ, από 7 σε 5 ποσοστιαίες μονάδες ως ποσοστό του ΑΕΠ, ο κλάδος των κατασκευών βρέθηκε, από επίπεδα κοντά στο μέσο όρο της ΕΕ, στο απόλυτο ναδίρ.","In particular, over the last decade, while the industry sector (which includes, in addition to manufacturing, electricity and water supply and the mining and quarrying sector) has narrowed, albeit slightly, its gap with the EU average from 7 to 5 percentage points as a percentage of GDP, the construction sector has gone from levels close to the EU average to absolute zero.","410",NA
"Στην έρευνα παραγωγής και πωλήσεων βιομηχανικών προϊόντων έτους 2020 της ΕΛΣΤΑΤ[ΐ], οι έξι σημαντικότεροι κλάδοι της βιομηχανίας αφορούν στην παραγωγή οπτάνθρακα και προϊόντων διύλισης πετρελαίου, την βιομηχανία τροφίμων, παραγωγή βασικών μετάλλων, παραγωγή χημικών ουσιών και προϊόντων, κατασκευή προϊόντων από ελαστικό και πλαστικές ύλες, και την ποτοποιία.","In the ELSTAT's 2020 Industrial Production and Sales Survey[i], the six most important industrial sectors are coke and refined petroleum products, food industry, basic metals production, chemicals and products, rubber and plastic products manufacturing, and beverage production.","410",NA
"Μαζί αντιπροσωπεύουν το 71,5% της συνολικής αξίας πωληθέντων βιομηχανικών προϊόντων το έτος 2020 με τη βιομηχανία τροφίμων και τη διύλισης πετρελαίου να αντιστοιχούν περίπου στο 50% της συνολικής βιομηχανικής παραγωγής","Together they account for 71.5% of the total value of industrial products sold in the year 2020 with the food and petroleum refining industries accounting for about 50% of total industrial production","410",NA
"Ένα πολύ μεγάλο μέρος των Εξαγωγών - Αποστολών της ελληνικής οικονομίας καταλαμβάνεται από τα πετρελαιοειδή.","A very large part of the Exports - Shipments of the Greek economy is taken up by petroleum products.","410",NA
"Ενδεικτικά σύμφωνα με τα στοιχεία της ΕΛΣΤΑΤ για το εμπορικό ισοζύγιο της περιόδου 2019 - 2021 αφορούσαν το 25% των εξαγωγών ενώ αντιστοιχούν περίπου το 50% των εξαγωγών προς τρίτες χώρες και το 20% των αποστολών προς χώρες της ΕΕ.","Indicatively, according to the ELSTAT data for the trade balance for the period 2019 - 2021, they accounted for 25% of exports, while they accounted for about 50% of exports to third countries and 20% of shipments to EU countries.","410",NA
"Πέρα από τα πετρελαιοειδή σύμφωνα με τα διαθέσιμα στοιχεία 5 ένα μεγάλο μέρος των βιομηχανικών αγαθών που εξάγεται αφορά το αλουμίνιο και τα φάρμακα.","Apart from petroleum products according to the available data 5 a large part of the industrial goods exported concerns aluminium and pharmaceuticals.","410",NA
"Εν γένει σύμφωνα με την έρευνα «Διεθνούς εμπορίου αγαθών κατά επιχειρηματικά χαρακτηριστικά» έτους 2019 της ΕΛΣΤΑΤ το 72,4% των εξαγωγών πραγματοποιήθηκε από επιχειρήσεις του βιομηχανικού τομέα με το 94% αυτών όμως να διεξάγεται από τις μεγαλύτερες επιχειρήσεις του τομέα.","In general, according to ELSTAT's ""International Trade in Goods by Business Characteristics"" year 2019 survey, 72.4% of exports were carried out by enterprises in the industrial sector, but 94% of these were carried out by the largest enterprises in the sector.","410",NA
"Τα παραπάνω στοιχεία δημιουργούν μια εικόνα ισχνής και υπερ- συγκεντρωμένης δευτερογενούς παραγωγής και βιομηχανικής εξωστρέφειας της ελληνικής οικονομίας.","The above data create a picture of weak and over-concentrated secondary production and industrial extroversion of the Greek economy.","410",NA
"Το ΠΑΣΟΚ_Κίνημα Αλλαγής έχει διαχρονικά ως κεντρικό προγραμματικό του στόχο την αναδιάταξη του παραγωγικού υποδείγματος με έμφαση στην αύξηση της αύξησης της προστιθέμενης αξίας του δευτερογενούς τομέα παραγωγής.","The PASOK_Kinima Agelagi has over time had as its central programmatic objective the reorganisation of the production model with emphasis on increasing the added value of the secondary production sector.","305.1",NA
"Γ ια τον λόγο αυτό προτείνει μια ολοκληρωμένη βιομηχανική πολιτική ως κύρια προτεραιότητα για την αύξηση της εθνικής προστιθέμενης αξίας, καθώς και ένα σχέδιο ολοκληρωμένων έργων δικτύων το οποίο. θα ενισχύσει το σκέλος των κατασκευών.","For this reason it proposes an integrated industrial policy as the main priority for increasing national added value, as well as a plan for integrated network projects which will strengthen the construction sector.","404",NA
"2. ΟΛΟΚΛΗΡΩΜΕΝΗ ΒΙΟΜΗΧΑΝΙΚΗ ΠΟΛΙΤΙΚΗ","2. INTEGRATED INDUSTRIAL POLICY","H",NA
"Το ΠΑΣΟΚ -Κίνημα Αλλαγής έχει προτείνει πριν από την θέσπιση του Ταμείου Ανάκαμψης και Ανθεκτικότητας μέτρα για την οριζόντια ενίσχυση των παραγωγικών επενδύσεων αλλά και της απασχόλησης, με στόχο την αναβάθμιση της κεφαλαιακής βάσης και των ανθρώπινου δυναμικού της ελληνικής οικονομίας.","Prior to the establishment of the Recovery and Resilience Fund, PASOK - Movement for Change has proposed measures for the horizontal strengthening of productive investment and employment, with the aim of upgrading the capital base and human resources of the Greek economy.","404",NA
"2.1 Ενίσχυση παραγωγικών επενδύσεων","2.1 Strengthening productive investment","H",NA
"Για την τόνωση της απασχόλησης έχει προταθεί η έκπτωση με αυξημένο συντελεστή ολόκληρου του εργοδοτικού κόστους για συγκεκριμένο χρονικό διάστημα για κάθε μια νέα θέση εργασίας που συστήνει μια επιχείρηση.","In order to stimulate employment, it has been proposed to deduct at an increased rate the full employer's costs for a specific period of time for each new job created by an enterprise.","701",NA
"Ειδικά για τις παραγωγικές επενδύσεις προτείνουμε τρεις πολιτικές:","Three policies are proposed specifically for productive investment:","402",NA
"1. Επιταχυνόμενες αποσβέσεις επενδύσεων που έχουν σχέση με έρευνα και τεχνολογική ανάπτυξη.","1. Accelerated depreciation of investments related to research and technological development.","411",NA
"2. Γενναία φορολογικά κίνητρα για τις συγχωνεύσεις μικρών και μεσαίων επιχειρήσεων και τη δημιουργία επιχειρηματικών συστάδων στον βαθμό που δεν στρεβλώνουν την εγχώρια αγορά.","2. Generous tax incentives for mergers of small and medium-sized enterprises and the creation of business clusters to the extent that they do not distort the domestic market.","402",NA
"3. Τη υεταοούθυιση και αναβάθυιση των βιουηχανικών και τεχνολογικών πάρκων της χώρας με χορήγηση πολύ μεγάλων κινήτρων για μεταστέγαση μεταποιητικών επιχειρήσεων σε αυτά.","3. The reorientation and revitalisation of the country's industrial and technological parks by granting very large incentives for the relocation of manufacturing enterprises to them.","411",NA
"2.2 Βιομηχανική χωροθέτηση","2.2 Industrial zoning","H",NA
"Κλειδί για την απρόσκοπτη ίδρυση, λειτουργία και ανάπτυξη νέων ή/και την ανανέωση παλιότερων παραγωγικών επιχειρήσεων είναι η ύπαρξη οργανωμένης χωροθέτησης, όπως οι 27 Βιομηχανικές Περιοχές (ΒΙΠΕ), τα Βιοτεχνικά Πάρκα (ΒΙΟΠΑ), καθώς και τα Επιχειρηματικά Πάρκα (ΕΠΠΑ), τα οποία μπορούν να φιλοξενούν ηπιότερες παραγωγικές διαδικασίες.","Key to the seamless establishment, operation and development of new and/or the renewal of older manufacturing enterprises is the existence of organised zoning, such as the 27 Industrial Areas (IBAs), Industrial Parks (IPPs), and Business Parks (EPPs), which can accommodate milder production processes.","402",NA
"Διαφέρουν όμως πολύ ως προς τον βαθμό πληρότητας, εξειδίκευσης, ποιότητας και επάρκειας υποδομών, καθώς και στις δυνατότητες τεχνολογικής και ενεργειακής αναβάθμισης.","They differ greatly, however, in the degree of completeness, specialisation, quality and adequacy of infrastructure, as well as in the potential for technological and energy upgrading.","411",NA
"Στόχοι του ΠΑΣΟΚ - ΚΙΝΑΛ είναι:","The objectives of PASOK-KINAL are:","411",NA
"1. Να αξιολογηθούν οι προοπτικές σε κάθε υφιστάμενη βιομηχανική χωροθέτηση (ΒΙΠΕ και ΒΙΟΠΑ), να καταγραφούν οι ελλείψεις και οι απαραίτητες υποδομές και να χρηματοδοτηθούν τα απαιτούμενα έργα από το Ταμείο Ανάκαμψης & Ανθεκτικότητας.","1. to evaluate the prospects of each existing industrial site (VIPE and BIOPA), to record the deficiencies and the necessary infrastructure and to finance the required projects from the Recovery Fund &C5C500. Resilience.","411",NA
"Μετά την εκχώρηση των Βιομηχανικών Περιοχών της ΕΤΒΑ σε ένα ιδιωτικό επενδυτικό κεφάλαιο, πρέπει να διασφαλιστεί η ανταγωνιστική λειτουργία των εγκατεστημένων επιχειρήσεων χωρίς υπέρογκες νέες επιβαρύνσεις ή πρακτικές.","Following the transfer of the ETVA Industrial Areas to a private investment fund, the competitive operation of the established companies must be ensured without excessive new charges or practices.","403",NA
"Στις σημερινές συνθήκες αυξημένου ενεργειακού κόστους τα μέτρα εξυγίανσης, εκσυγχρονισμού και ανάπτυξης υποδομών στις υπάρχουσες βιομηχανικές περιοχές είναι απαραίτητο να ενταχθούν στις χρηματοδοτούμενες δράσεις του Ταμείου Ανάκαμψης & Ανθεκτικότητας.","In the current conditions of increased energy costs, the measures of rehabilitation, modernisation and infrastructure development in the existing industrial areas are necessary to be included in the financed actions of the Recovery & Resilience.","108",NA
"2. Σε περίπτωση έλλειψης της κατάλληλης χωροθέτησης να σχεδιαστούν νέοι χώροι σε όσες Περιφέρειες ή Περιφερειακές Ενότητες διαπιστώνεται ανάγκη δημιουργίας και εγκατάστασης νέων μονάδων.","2. In case of lack of appropriate siting, new sites should be planned in those Regions or Regional Units where the need for the creation and installation of new plants is identified.","411",NA
"3. Σε περίπτωση υπολειτουργίας μιας ΒΙΠΕ ή ΒΙΟΠΑ να γίνεται προσπάθεια συγκέντρωσης ομοειδών παραγωγικών δραστηριοτήτων, ώστε να προωθούνται συνεργασίες και καλύτερες αποδόσεις κλίμακας σε μια σειρά από δραστηριότητες (πχ μάρκετινγκ, προώθηση εξαγωγών, έρευνα, κλπ).","3. In case of under-utilisation of a BIBE or BIOPA, efforts should be made to concentrate similar production activities in order to promote cooperation and better returns to scale in a range of activities (e.g. marketing, export promotion, research, etc.).","411",NA
"Ιδιαίτερη σημασία έχει η συγκέντρωση επιχειρήσεων τοπικής παραγωγής και επεξεργασίας αγροτικών προϊόντων σε υία ενιαία χωοοθέτηση. υε στόχο την ενίσχυση και ποοώθηση τους στις διεθνείς αγορές.","Of particular importance is the concentration of local production and processing of agricultural products in a single location in order to strengthen and promote them on international markets.","411",NA
"4. Κατασκευή υποδομών ενέργειας και εξοικονόμησης σε κάθε χωροθέτηση, ώστε να ενισχύεται η ενεργειακή αυτονομία και να μειώνεται το συνολικό κόστος παραγωγής.","4. Construction of energy and energy-saving infrastructure in each location in order to increase energy autonomy and reduce overall production costs.","411",NA
"Ειδικά στα νησιά, προτείνεται η δημιουργία ενός ΕΠΠΑ σε κάθε περιοχή, το οποίο θα περιλαμβάνει ολοκληρωμένες υποδομές παραγωγής ενέργειας και κυκλικής οικονομίας.","In the islands in particular, it is proposed to create an EIA in each region, which will include integrated energy production and circular economy infrastructure.","411",NA
"Επιπλέον, για να είναι ολοκληρωμένη η παρέμβαση, μείζον θέμα είναι βελτίωση του δικτύου σύνδεσης όλων των οργανωμένων υποδοχέων με τα εθνικά μεταφορικά δίκτυα και τους βασικούς τους κόμβους.","In addition, in order for the intervention to be comprehensive, a major issue is to improve the network linking all organised receptors with the national transport networks and their main nodes.","411",NA
"5. Κατασκευή ΒΙΠΕ για τις μεγάλες εκτάσεις βιομηχανικής δραστηριότητας που σήμερα είναι αδόμητες, άναρχες και συχνά καταστροφικές για την ποιότητα του Περιβάλλοντος.","5. Construction of a BIS for the large areas of industrial activity that are currently undeveloped, unbuilt, anarchic and often destructive to the quality of the environment.","411",NA
"Κορυφαίο παράδειγμα χωροθετικής ανευθυνότητας και διαχρονικής περιβαλλοντικής βλάβης είναι η περιοχή των Οινοφύτων, η οποία πρέπει επειγόντως να οργανωθεί σε σύγχρονη ΒΙΠΕ με όλες τις κατάλληλες υποδομές αποθήκευσης, μεταφορών και διασύνδεσης.","A prime example of spatial irresponsibility and lasting environmental damage is the Oinofita area, which urgently needs to be transformed into a modern industrial park with all the appropriate storage, transport and interconnection infrastructure.","411",NA
"Στο πεδίο αυτό η Κυβέρνηση της ΝΔ ενέταξε έργο 8 με φορείς υλοποίησης τη Γενική Γραμματεία Βιομηχανίας και το ΤΑΙΠΕΔ για την δημιουργία, αναβάθμιση και εξυγίανση εννέα βιομηχανικών πάρκων σε όλη την ελληνική επικράτεια ωστόσο είναι πιθανόν το έργο να ναυαγήσει ως προς την αποτελεσματικότητα του αν δεν υπάρξει σοβαρή ανταπόκριση από τον μεταποιητικό κλάδο στον οποίο απευθύνεται.","In this field, the New Democracy Government has included project 8 with the General Secretariat of Industry and the State Property Fund for the creation, upgrading and rehabilitation of nine industrial parks throughout the Greek territory, but the project is likely to fail in terms of its effectiveness if there is no serious response from the manufacturing sector to which it is addressed.","305.1",NA
"Προκαλείται το ερώτημα, γιατί η εν λόγω πρωτοβουλία δεν αφορά και τους 53 οργανωμένους υποδοχείς επιχειρήσεων που υπάρχουν σήμερα σε ολόκληρη την χώρα και ποιο είναι τα κριτήρια επιλογής των υπό αναβάθμιση πάρκων.","The question arises as to why this initiative does not involve all 53 organised business receptors that currently exist throughout the country and what are the criteria for selecting the parks to be upgraded.","411",NA
"Το ΚΙΝΑΛ προτείνει μεσοπρόθεσμος στόχος να είναι η μετατροπή και των 70 περίπου Άτυπων Βιομηχανικών Συγκεντρώσεων (με έκταση μεγαλύτερη των 300 στρεμμάτων και με άθροισμα των επιφανειών κάλυψης των δομημένων γηπέδων μεγαλύτερο του 10% της συνολικής έκτασης και με συνολική έκταση άνω των 60.000 στρεμμάτων και αριθμό εγκατεστημένων επιχειρήσεων άνω των 3.000 σύμφωνα με τον ΣΕΒ), σε δομές οργανωμένων υποδοχέων όπου είναι εφικτό.","Kinal proposes that the medium-term objective should be the conversion of all 70 or so Informal Industrial Concentrations (with an area of more than 300 hectares and with the sum of the coverage areas of the built-up areas of more than 10% of the total area and with a total area of more than 60,000 hectares and a number of installed enterprises of more than 3,000 according to SEV) into structures of organised receptors wherever possible.","411",NA
"Οι προτάσεις αυτές πρέπει να εξειδικευτούν ακόμα περισσότερο ώστε να νίνουν πιο στοχευυένεο νια τον τουέα τηο υεταποίησηο στην Ελλάδα, χωρίς να παραβιάζουν τους ευρωπαϊκούς κανόνες περί κρατικών ενισχύσεων.","These proposals need to be further refined in order to be more targeted for the industrialisation process in Greece, without violating European state aid rules.","411",NA
"Σε αυτό το πλαίσιο είναι σημαντικό να αυξηθεί σημαντικά η προβλεπόμενη ροή πόρων στην οργανωμένη βιομηχανική παραγωγή από το Ταμείο Ανάκαμψης, από το νέο ΕΣΠΑ και από τον νέο Αναπτυξιακό Νόμο.","In this context, it is important to significantly increase the foreseen flow of resources to organised industrial production from the Recovery Fund, the new NSRF and the new Development Law.","404",NA
"Επίσης το Κίνημα Αλλαγής υποστηρίζει ότι η αναβάθμιση και επέκταση των βιομηχανικών υποδομών δεν μπορεί να γίνει χωρίς την ενεργή συμμετοχή των ΟΤΑ και των τοπικών παραγωγικών φορέων.","The Movement for Change also argues that the upgrading and expansion of industrial infrastructure cannot take place without the active participation of local authorities and local production bodies.","301",NA
"Γιατί είναι προφανές ότι αρκετά επιχειρηματικά πάρκα και οι φιλοξενούμενες σε αυτά επιχειρήσεις εξαρτώνται από τα τοπικά χαρακτηριστικά.","Because it is obvious that several business parks and the enterprises hosted in them depend on local characteristics.","301",NA
"Γ ια παράδειγμα η τοπική αγροτική παραγωγή καθορίζει εν πολλοίς τον τύπο της βιομηχανίας τροφίμων ή ποτοποιίας μιας περιοχής και η ύπαρξη συγκεκριμένων πρώτων υλών το είδος μιας μεταποιητικής δραστηριότητας.","For example, local agricultural production largely determines the type of food or distillery industry in a region and the availability of specific raw materials determines the type of manufacturing activity.","301",NA
"Το πλαίσιο συνεργασίας θα είναι δεσμευτικό για τους στόχους και τις υποχρεώσεις των επιχειρήσεων, καθώς και για τις υπηρεσίες που θα παρέχονται από τους ΟΤΑ.","The cooperation framework will be binding on the objectives and obligations of the enterprises, as well as on the services to be provided by the local authorities.","301",NA
"2.3 Το στοίχημα της κυκλικής οικονομίας","2.3 The challenge of the circular economy","H",NA
"Η ανάκτηση και επαναχρησιμοποίηση του νερού (σε μη πόσιμες χρήσεις), η υιοθέτηση της αφαλάτωσης (με χρήση ΑΠΕ) και η οργάνωση της διαχείρισης στερεών αποβλήτων (για σειρά χρήσεων, μεταξύ των οποίων και η παραγωγή βιομεθανίου), θα πρέπει να αποτελέσουν κεντρικούς στόχους της χώρας.","The recovery and reuse of water (for non-potable uses), the adoption of desalination (using renewable energy sources) and the organisation of solid waste management (for a range of uses, including the production of biomethane) should be central objectives for the country.","416.2",NA
"Μία έμμεση παραγωγική ενίσχυση απόλυτα συμβατή με τους στόχους του Ταμείου Ανάκαμψης και Ανθεκτικότητας είναι οι επιδοτήσεις για την προσαρμογή σε όλες στις πλέον προηγμένες περιβαλλοντικές προδιαγραφές όλων των μεταποιητικών μονάδων της χώρας.","An indirect productive support fully compatible with the objectives of the Recovery and Resilience Fund is subsidies for the adaptation to all the most advanced environmental standards of all the country's manufacturing plants.","416.2",NA
"Στο πλαίσιο αυτό είναι ξεκάθαρο ότι στην Ελλάδα λείπει μια σοβαρή βιομηχανία ανακύκλωσης απορριμμάτων, κάτι που οδηγεί στη νοσηρή κατάσταση επιχειρήσεις εμπορίας απορριμμάτων να κερδοσκοπούν από την εξαγωγή απορριμμάτων στο εξωτερικό.","In this context, it is clear that Greece lacks a serious waste recycling industry, which leads to the unhealthy situation of waste trading companies profiting from the export of waste abroad.","416.2",NA
"Ως εκ τούτου η χώρα κατατάσσεται στις τελευταίες στην ανακύκλωση στερεών απορριμμάτων.","As a result, the country ranks last in solid waste recycling.","416.2",NA
"Η ανάπτυξη μιας υγιούς βιομηχανίας στο πεδίο, προφανώς δεν μπορεί να επαφίεται μόνο στην ιδιωτική οικονομία αφού το μεγαλύτερο κομμάτι των απορριμμάτων (οικιακών, βιομηχανικών, υγειονομικών, οικοδομικών, αγροτικών καθώς και βιομάζας) ήδη βρίσκεται στη διαχείριση του Κράτους ενώ το αντικείμενο έχει μεγάλο αριθμό περιβαλλοντικών κανόνων που οφείλουν να τηρούνται.","The development of a healthy industry in the field obviously cannot be left to the private sector alone, since most of the waste (domestic, industrial, sanitary, construction, agricultural and biomass) is already managed by the State and the subject has a large number of environmental rules that must be respected.","416.2",NA
"Η χωροθέτηση, η αδειοδότηση, η ζεύξη επενδύσεων δημόσιου και ιδιωτικού τομέα ίσως αποτελούν ένα από τα μεγαλύτερα βιομηχανικά στοιχήματα της χώρας τα επόμενα χρόνια.","The siting, licensing, and coupling of public and private sector investments may be one of the country's biggest industrial bets in the coming years.","404",NA
"Σημειώνεται ότι σε επίπεδο ευρωπαϊκό επίπεδο η κυκλική οικονομία υπολογίζεται ότι καταλαμβάνει το 1% (με στοιχεία του 2017)10 ενώ υπάρχουν μελέτες που καταδεικνύουν ότι η επένδυση στην κυκλική οικονομία θα μπορούσε να οδηγήσει αύξηση πολλών ποσοστιαίων μονάδων στο ΑΕΠ.","Note that at the European level, the circular economy is estimated to occupy 1% (with 2017 data)10 and there are studies that show that investing in the circular economy could lead to a multi percentage point increase in GDP.","404",NA
"2.4 Αναβάθμιση της αμυντικής και ναυπηγικής βιομηχανίας","2.4 Upgrading the defence and shipbuilding industry","H",NA
"Το ΠΑΣΟΚ - Κίνημα Αλλαγής στήριξε τις συμφωνίες για την αγορά των αεροπλάνων ΡθίθΙθ και των φρεγατών Belharra, καθώς και την Ελληνογαλλική Αμυντική Συμφωνία, για να έχουμε όλα τα μέσα περιφρούρησης των κυριαρχικών μας δικαιωμάτων.","PASOK - Movement for Change supported the agreements for the purchase of Rithithith planes and Belharra frigates, as well as the Greek-French Defence Agreement, so that we have all the means to defend our sovereign rights.","104",NA
"Δεν μένουμε όμως μόνο σε αυτό.","But we do not stop there.","104",NA
"Μέσα από το Ευρωπαϊκό Σοσιαλιστικό κόμμα πιέζει για την ωρίμανση μιας κοινής αμυντικής πολιτικής στην ΕΕ και προστάσει συνεχώς την άποψη ότι είναι αδιανόητο την ίδια ώρα που η Ελλάδα έχει τον υψηλότερο αμυντικό προϋπολογισμό ως ποσοστό του ΑΕΠ στην Ένωση, άλλα ευρωπαϊκά κράτη να συνεχίζουν να εξοπλίζουν την Τουρκία που απειλεί κυριαρχικά δικαιώματα της χώρας μας.","Through the European Socialist Party, it is pushing for the maturation of a common defence policy in the EU and has constantly advocated the view that it is unthinkable that at the same time that Greece has the highest defence budget as a percentage of GDP in the Union, other European states continue to arm Turkey, which threatens our country's sovereign rights.","110",NA
"Μάλιστα οι παραπάνω αγορές ξαναέβαλαν τη χώρα μας στην πρώτη θέση ανάμεσα και σε όλες τις χώρες του ΝΑΤΟ σε αμυντικές δαπάνες οι οποίες το 2021 άγγιξαν το 3,82% του ΑΕΠ με τις δαπάνες για πολεμικούς εξοπλισμούς να αγγίζουν το 38,3% του συνόλου.","In fact, the above purchases have put our country back in the first place among all NATO countries in defense spending which in 2021 reached 3.82% of GDP with spending on military equipment reaching 38.3% of the total.","104",NA
"Στο πεδίο αυτό δεν πρέπει όμως να επαναληφθούν τα λάθη του παρελθόντος δεδομένης και της νέας γεωπολιτικής εποχής που ξεκίνησε με τον πόλεμο στην Ουκρανία.","In this field, however, the mistakes of the past should not be repeated given the new geopolitical era that started with the war in Ukraine.","104",NA
"Με δεδομένη την ανάγκη απόκτησης αμυντικών συστημάτων, η χώρα οφείλει όχι μόνο να αγοράζει στρατιωτικό εξοπλισμό, αλλά και να παράγει, ώστε να δημιουργήσουμε προστιθέμενη αξία τόσο για την οικονομία μας,","Given the need to acquire defence systems, the country must not only buy military equipment, but also produce it, so that we can create added value for both our economy and","410",NA
"όσο και για τις ένοπλες δυνάμεις.","our armed forces.","104",NA
"Σε αυτό το πεδίο υπάρχουν δύο βασικά πεδία και συγκεκριμένοι εγχώριοι παίκτες που πρέπει να ενεργοποιηθούν.","In this field there are two main areas and specific domestic players that need to be activated.","104",NA
"Στο πρώτο πεδίο που αφορά τους εξοπλισμούς τους στρατού ξηράς και της αεροπορίας πρέπει να υπάρξει μια τεράστια σύμπραξη ανάμεσα 2 κρατικές βιομηχανίες ΕΑΒ (Ελληνική Αεροπορική Βιομηχανία) και ΕΑΣ (Ελληνικά Αμυντικά συστήματα) και τους Έλληνες κατασκευαστές αμυντικού υλικού.","In the first field, which concerns the armaments of the land army and the air force, there must be a huge partnership between 2 state-owned industries, EAB (Hellenic Aircraft Industry) and EAS (Hellenic Defence Systems) and the Greek defence equipment manufacturers.","104",NA
"Αυτό όμως προϋποθέτει και την εξυγίανση του συστήματος προμηθειών.","But this also requires the consolidation of the procurement system.","104",NA
"Το Υπουργείο Εθνικής Άμυνας οφείλει να οργανώσει μια εγχώρια αμυντική βιομηχανία που ως κεντρικό σκοπό της θα έχει την κλιμακωτή αύξηση της εγχώριας παραγωγής για τους αναγκαίους εξοπλισμούς, με τις μορφές της συμπαραγωγής και της συμμετοχής στην συντήρηση και υποστήριξη των οπλικών συστημάτων.","The Ministry of National Defence must organise a domestic defence industry whose central purpose will be the staggered increase of domestic production for the necessary equipment, in the forms of co-production and participation in the maintenance and support of weapon systems.","104",NA
"Παράλληλα πρέπει να προωθηθούν συμπράξεις είτε σε διεθνή, είτε όταν υπάρχουν ώριμες συνθήκες σε αμιγώς εθνικά προγράμματα, έρευνας και ανάπτυξης νέων αμυντικών συστημάτων.","At the same time, partnerships should be promoted either in international or, when conditions are ripe, in purely national programmes for research and development of new defence systems.","104",NA
"Φυσικά στο πεδίο αυτό πρέπει να αποφύγουμε τα λάθη με αντισταθμιστικά και μεσάζοντες, αλλά να προχωρήσουμε σε διαφανείς συνεργασίες που θα τονώνουν τους εγχώριες επενδύσεις και θα προσελκύουν αντίστοιχες από το εξωτερικό.","Of course, in this field we must avoid mistakes with compensations and intermediaries, but move towards transparent partnerships that will stimulate domestic investment and attract foreign investment.","104",NA
"Προφανώς στο πεδίο αυτά κρίσιμος είναι ο αναβαθμισμένος ρόλος των Γενικών Επιτελείων στο σχεδίασμά των απαιτούμενων εξοπλισμών με βάση τις επιχειρησιακές ανάγκες.","Obviously in this area, the enhanced role of the General Staff in planning the required equipment based on operational needs is critical.","303",NA
"Το άλλο συναφές πεδίο της αμυντικής βιομηχανίας είναι η ναυπηγική δραστηριότητα.","The other related field of the defence industry is shipbuilding.","104",NA
"Σε αυτό το επίπεδο επίσης στο παρελθόν έγιναν λάθη επιλογών τα οποία οδήγησαν τα μεγάλα ναυπηγεία της χώρας σε οριακή κατάσταση, λόγω και των ανοικτών υποθέσεων κρατικών ενισχύσεων που θεωρήθηκαν ότι δόθηκαν παρατύπως.","At this level too, in the past, mistakes of choices were made which led the country's major shipyards to a marginal situation, also due to open cases of state aid which were considered to have been improperly granted.","104",NA
"Στην παρούσα φάση βρίσκεται σε εξέλιξη η πώληση των περιουσιακών στοιχείων στα Ναυπηγεία του Σκαραμαγκά και της Ελευσίνας.","The sale of the assets at the Skaramanga and Elefsina shipyards is currently under way.","104",NA
"Η Κυβέρνηση δυστυχώς και σε αυτήν την περίπτωση έχει επιλέξει να στηρίξει τις ελπίδες της για αναβίωση των επιχειρήσεων στις προθέσεις μεμονωμένων επιχειρηματιών και στις προϋποθέσεις που θέτουν αυτοί για να προχωρήσουν σε επενδύσεις.","Unfortunately, in this case too, the government has chosen to base its hopes for business revival on the intentions of individual entrepreneurs and the conditions they set for investment.","305.1",NA
"Η λύση αυτή ήδη φαίνεται ότι είναι αλυσιτελής, τουλάχιστον για την αναβίωση με δραστικό τρόπο της ναυπηγικής βιομηχανίας στη χώρα.","This solution already appears to be a fatal flaw, at least for the revival of the shipbuilding industry in the country in a drastic way.","305.1",NA
"Το γεγονός ότι δεν επιδίωξε το δρόμο της συμπαραγωγής από την ναυπηγική βιομηχανία στην Ελλάδα ένα μέρος από τις νέες παραγγελίες του πολεμικού ναυτικού ίσως αποδειχτεί και η ταφόπλακα των ναυπηγείων.","The fact that the shipbuilding industry in Greece has not pursued the path of co-production from the shipbuilding industry in Greece a part of the new naval orders may well prove to be the gravestone of the shipyards.","305.1",NA
"Στο πεδίο αυτό χρειάζονται τολμηρές πολιτικές λύσεις.","Bold political solutions are needed in this area.","104",NA
"Και καταλυτικός παίκτης αυτών των λύσεων μπορεί να είναι ένας εγχώριος παίκτης υψηλής διεθνούς παρουσίας αλλά μικρής εγχώριας προστιθέμενης αξίας προς το παρόν.","And the catalyst for these solutions can be a domestic player with a high international presence but little domestic added value at present.","104",NA
"Ο εθνικός κλάδος της ποντοπόρου ναυτιλίας.","The national shipping industry.","104",NA
"Γύρω από τα ελληνικά ναυπηγεία μπορεί να χτιστεί μια τεράστια σύμπραξη ανάμεσα στο Ελληνικό Δημόσιο μέσα από το Ελληνικό Ναυτικό, τους έλληνες ιδιοκτήτες ποντοπόρων πλοίων ανεξάρτητα από το που είναι η έδρα τους (και τα έμπειρα στελέχη των επιχειρήσεων τους που αυτή εμπλέκονται ενεργά στην κατασκευή πλοίων στην Κίνα, την Κορέα κλπ) και φυσικά τους εργαζόμενους των ναυπηγείων που έως σήμερα τα κρατάνε ανοικτά μέσα από τα εναπομείναντα προγράμματα του Πολεμικού Ναυτικού.","Around the Greek shipyards a huge partnership can be built between the Greek State through the Greek Navy, the Greek owners of sea-going ships regardless of where they are based (and the experienced executives of their companies who are actively involved in building ships in China, Korea etc.) and of course the employees of the shipyards who so far keep them open through the remaining Navy programmes.","104",NA
"Τα ναυπηγεία θα μπορέσουν μέσα από αλληλοσυμπληρούμενα στρατιωτικά και εμπορικά σκέλη να εξυπηρετούν τόσο τις ανάγκες του ελληνικού πολεμικού ναυτικικού όσο και τις ανάγκες του ελληνόκτητου στόλου","The shipyards will be able to serve both the needs of the Greek Navy and the needs of the Greek-owned fleet through complementary military and commercial components","104",NA
"Γ ια όλα αυτά τα ζητήματα η Κυβέρνηση έχει ένα νέο πολιτικό παράθυρο που ανοίγει η νέα έκτακτη γεωπολιτική κατάσταση.","For all these issues the Government has a new political window opened by the new extraordinary geopolitical situation.","305.1",NA
"Πρέπει να προχωρήσει με αποφασιστικότητα και να κλείσει όλες τις εκκρεμότητες σχετικά με τις κρατικές ενισχύσεις και να εξασφαλίσει και την ευρωπαϊκή υποστήριξη στο εγχείρημα αυτό.","It must proceed with determination and close all outstanding issues regarding state aid and secure European support for this project.","305.1",NA
"2.5 Ένα εθνικό πρόγραμμα χρηματοδότησης της καινοτομίας","2.5 A national innovation funding programme","H",NA
"Πέρα από την προτεινόμενη ολοκληρωμένη πολιτική για τη δευτερογενή παραγωγή, που περιλαμβάνει τη μεταποίηση και τις κατασκευές, απαιτείται και μια τολμηρή κρατική πολιτική ουσιαστικής συγχρηματοδότησης της επιχειρηματικής καινοτομίας.","In addition to the proposed integrated policy for secondary production, which includes manufacturing and construction, a bold state policy of substantial co-financing for business innovation is also needed.","402",NA
"Και αυτό γιατί όπως καταγράφει και η Έκθεση της Επιτροπής Πισσαρίδη οι επιδόσεις της χώρας σε όρους καινοτομίας ιδιαίτερα χαμηλές.","This is because, as the Pissarides Commission Report documents, the country's performance in terms of innovation is particularly poor.","402",NA
"Η Ελλάδα υστερεί στον Ευρωπαϊκό Δείκτη Καινοτομίας, με επίδοση ίση με το 75% του μέσου όρου στην ΕΕ.","Greece lags behind in the European Innovation Index, with a performance equal to 75% of the EU average.","402",NA
"Η μεγαλύτερη υστέρηση ανάμεσα στις επιμέρους κατηγορίες του δείκτη καταγράφεται στις δαπάνες για επενδύσεις τύπου νοηΐυΓθ 03ρϊΐ3ΐ (16,0% του μ.ό. της ΕΕ), στα άυλα περιουσιακά στοιχεία (36% του μ.ό. της ΕΕ) και στις δαπάνες για έρευνα και ανάπτυξη (ΓΘ5θ3Γ0ή αηό όθνθίοριτίθηΐ) στον επιχειρηματικό τομέα (39,3% του μ.ό. της ΕΕ).","The largest lag among the individual categories of the index is recorded in investment expenditure on investment in intellectual property (16.0% of the EU average), intangible assets (36% of the EU average) and research and development expenditure (GTH5θ3Γ0i or aθθθ3Γ0i aθθθίοριτίθηΐ) in the business sector (39.3% of the EU average).","408",NA
"Μόλις το 14,3% των εργαζομένων στη μεταποίηση στην Ελλάδα απασχολείται σε μεταποιητικούς κλάδους υψηλής τεχνολογίας, έναντι 37,5% στην ΕΕ.","Only 14.3% of manufacturing workers in Greece are employed in high-tech manufacturing sectors, compared to 37.5% in the EU.","408",NA
"Στόχος αυτής της πολιτικής είναι να δημιουργήσουμε ένα επιχειρηματικό οικοσύστημα υψηλής τεχνολογίας.","The aim of this policy is to create a high-tech entrepreneurial ecosystem.","402",NA
"Δηλαδή σε ένα δίκτυο εταιρικών οργανισμών, συμπεριλαμβανομένων των πελατών, των ανταγωνιστών και των κρατικών φορέων που συμβάλουν στην παροχή ενός προϊόντος ή υπηρεσίας μέσω του ανταγωνισμού και της συνεργασίας.","That is, a network of corporate organisations, including customers, competitors and government agencies that contribute to the provision of a product or service through competition and cooperation.","401",NA
"Το πιο γνωστό και πετυχημένο οικοσύστημα παγκοσμίως είναι αυτό της δϊΐίοοη ναΙΙθγ.","The best known and most successful ecosystem in the world is that of the daiyoei nalithg.","401",NA
"Ωστόσο υπάρχει ένα άλλο πιο κοντινό και συμβατό παράδειγμα προς μίμηση στο επίπεδο της καινοτομίας και αυτό είναι του Ισραήλ μιας χώρας με ΑΕΠ και πληθυσμό συγκρίσιμα με της Ελλάδας.","However, there is another closer and more compatible example to emulate at the level of innovation and this is that of Israel a country with a GDP and population comparable to Greece.","401",NA
"Το Ισραήλ έχει καταφέρει να φτιάξει ένα οικοσύστημα περίπου 3000 επιχειρήσεων υψηλής τεχνολογίας οι οποίες έχουν πρωταγωνιστήσει σε παγκόσμιο επίπεδο με πατέντες ευρεσιτεχνίας όπως το πρώτο πρόγραμμα ανταλλαγής μηνυμάτων (ίηδΐαηΐ ιτίθεδΒςϊης) που αποτέλεσε πρόδρομο των δοοίαΙ πΐθόΐ3, της μνήμης φλας (ίΙαεή πιοπιΟΓγ), του πρώτου ψηφιακού εκτυπωτή, των πρώτων μορφών τεχνολογίας για αυτοκινούμενα οχήματα κλπ.","Israel has managed to build an ecosystem of some 3000 high-tech companies which have become world leaders with patents such as the first messaging program (i.e. the first Iidiaei Iitraiidvsis) which was a precursor to the DoD3, the flash memory (i.e. the flash memory), the first digital printer, the first digital printer, the first forms of technology for self-driving vehicles, etc.","401",NA
"Οι τέσσερις πυλώνες αυτής της επιτυχίας υπήρξαν η συμβολή των Ισραηλινών ακαδημαϊκών και ερευνητικών προγραμμάτων, το υψηλό πνεύμα επιχειρηματικότητας, η προσέλκυση του μεγαλύτερου ποσοστού ως ποσοστό του ΑΕΠ σε επενδύσεις από νοηΐυΓθ οερίίαΐδ ανάμεσα στις χώρες του ΟΟΣΑ και η στιβαρή κρατική υποστήριξη της εμπορικής έρευνας και ανάπτυξης.","The four pillars of this success have been the contribution of Israeli academic and research programmes, a high spirit of entrepreneurship, attracting the highest percentage as a percentage of GDP in investment by intelligence among OECD countries and robust government support for commercial research and development.","401",NA
"Σημειώνεται ότι με βάση τα στοιχεία του ΟΟΣΑ για το έτος 2020 η ακαθάριστη εγχώρια δαπάνη για έρευνα και ανάπτυξη στο Ισραήλ αντιστοιχεί στο 5,4% του ΑΕΠ, όταν ο μέσος όρος των χωρών του ΟΟΣΑ ήταν 2,7% και της Ελλάδας ήταν 1,5% παρά την σταδιακή αύξηση τους την τελευταία δεκαετία.","It should be noted that based on OECD data for the year 2020, gross domestic R&D spending in Israel is 5.4% of GDP, when the average for OECD countries was 2.7% and Greece was 1.5% despite a gradual increase over the last decade.","408",NA
"θεωρητικά σε αυτό το ζήτημα υπάρχει ένα μεγάλο αλλά όχι ανυπέρβλητο πρόβλημα:","theoretically in this issue there is a major but not insurmountable problem:","408",NA
"Η χρηματοδότηση έργων καινοτομίας μέσα από 5ί3Γΐ υρε αλλά και τις ήδη υφιστάμενες επιχειρηματικές δομές προϋποθέτει μεγάλη αύξηση των δημόσιων και ιδιωτικών δαπανών για την έρευνα και την ανάπτυξη.","The financing of innovation projects through 5i3Gyre and existing business structures requires a large increase in public and private spending on research and development.","411",NA
"Ωστόσο είναι δεδομένο ότι μόνο ένα μικρό μέρος της χρηματοδότησης και της έρευνας καταλήγει σε κερδοφόρα αποτελέσματα.","However, it is a fact that only a small part of funding and research results in profitable outcomes.","411",NA
"Ενδεικτικά, στο Ισραήλ βάσει της επεξεργασίας των στοιχείων μιας δεκαπενταετίας (1999-2014) από 10.190 5ΐ3Γΐ υρε επιτυχημένες χαρακτηρίστηκαν μόλις το 5%.","As an example, in Israel, based on the processing of fifteen years of data (1999-2014), out of 10,190 5I3GyUs, only 5% were considered successful.","411",NA
"Αυτό σημαίνει ότι το ελληνικό δημόσιο πρέπει να συμβάλει σε μια προσπάθεια που μπορεί να «καίει» το 95% των επενδυμένων δημόσιων και ιδιωτικών πόρων με τη προσδοκία ότι το 5% θα αποφέρει προστιθέμενη αξία που θα αντισταθμίσει τη δαπάνη και θα αποφέρει οφέλη.","This means that the Greek government should contribute to an effort that can ""burn"" 95% of the invested public and private resources with the expectation that 5% will yield added value that will offset the expenditure and yield benefits.","404",NA
"Το κόστος για έρευνα και ανάπτυξη δεδομένης της αβέβαιης έκβασης του μπορεί να είναι πολιτικά δύσκολο να προωθηθεί σε μια χώρα με πιο παραδοσιακές και παρωχημένες μορφές στήριξης της επιχειρηματικότητας.","The cost of research and development given its uncertain outcome may be politically difficult to promote in a country with more traditional and outdated forms of support for entrepreneurship.","402",NA
"Όμως είναι ένας στόχος που πρέπει να επιτευχθεί.","But it is an objective that must be achieved.","402",NA
"Αλλά αποτελεί μια ύστατη ευκαιρία για τη χώρα να μη χάσει το τρένο της 4ης βιομηχανικής επανάστασης με συντριπτικές συνέπειες για την γωο- οικονομική θέση της.","But it is a last chance for the country not to miss the train of the 4th industrial revolution with devastating consequences for its geo-economic position.","411",NA
"Το πρώτο σκαλοπάτι για να επιτευχθεί είναι να επιτευχθούν τα ποσοστά επενδύσεων των χωρών του ΟΟΣΑ.","The first stepping stone to achieve it is to reach the investment rates of OECD countries.","402",NA
"Αυτό σημαίνει ότι τα περίπου 2,5 δισεκ. ευρώ που δαπανήθηκαν το 2020 το ποσό θα πρέπει την επόμενη πενταετία να διπλασιαστεί.","This means that the approximately €2.5 billion spent in 2020 will have to be doubled in the next five years.","402",NA
"Γ ια τα 2.5 δισεκ. ευοώ που λείπουν ετησίωο ποέπει να υπολονίσουυ μια αναλογία 40% δημόσιου χρήματος που θα προσελκύει 60% από τον ιδιωτικό. , τουλάχιστον τα πρώτα χρόνια.","For the missing 2.5 billion euros per year, a ratio of 40% public money attracting 60% from the private sector should be assumed. at least in the first few years.","404",NA
"Στην ουσία η χώρα θα πρέπει να κατευθύνει 1 δισεκ. ευρώ πόρους από το Ταμείο Ανάκαμψης και Ανθεκτικότητας, το ΕΣΠΑ και τους Εθνικούς πόρους προς την κατεύθυνση αυτή.","In fact, the country should direct 1 billion euros of resources from the Recovery and Resilience Fund, the NSRF and national resources towards this.","408",NA
"Ωστόσο η συνταγή αυτή για να πετύχει πρέπει να λάβει υπόψη ότι η έρευνα θα πρέπει να χρηματοδοτείται όταν υπάρχει αντίστοιχο ενδιαφέρον και για συγχρηματοδότηση από τον ιδιωτικό τομέα, όπου η κρατική χρηματοδότηση υπό πολύ συγκεκριμένες προϋποθέσεις μπορούσε να φτάσει στο 50% των πόρων αλλά όχι πάνω από αυτό.","However, for this formula to succeed, it must take into account that research should be funded when there is a corresponding interest in co-financing from the private sector, where public funding under very specific conditions could reach 50% of the resources but not more than that.","411",NA
"Για το λόγο αυτό απαιτείται το δημόσιο να χτίσει μια πλατφόρμα ζεύξης και συγχρηματοδότησης με δημόσιους και ιδιωτικούς πόρους τόσο για 5ΐ3Γΐ υρδ όσο και για υφιστάμενες εταιρείες που επιδιώκουν να προωθήσουν την καινοτομία τους μέσα από προγράμματα έρευνας και ανάπτυξης είτε αυτά εκτελούνται αποκλειστικά από τις ίδιες είτε σε συνεργασία με ερευνητικά ιδρύματα.","This is why the public sector is required to build a platform of coupling and co-financing with public and private resources for both 5h3ghs and existing companies seeking to promote their innovation through research and development programmes, whether these are carried out solely by themselves or in collaboration with research institutions.","411",NA
"Στόχος είναι το δημόσιο με πόρους κυρίως από το Ταμείο Ανάκαμψης που θα λειτουργούν συμπληρωματικά με πόρους από κλασσική τραπεζική χρηματοδότηση, από νθηΐυΓθ οαρϊΐαίε ή όυείηθεε εηςαίε ή ακόμα και ΟΓοννάίυηάίης να χρηματοδοτήσει την έρευνα αυτή με αντίτιμο τη συμμετοχή στη μελλοντική κερδοφορία της έρευνας αυτής.","The aim is for the public sector, with resources mainly from the Recovery Fund, complementing those from traditional bank financing, from nthiYiGh oARiYiYe or oYiYiYiYe or even OGONNAiYiYe, to finance such research in return for a share in the future profitability of such research.","402",NA
"Η πλατφόρμα αυτή θα δίνει τη δυνατότητα στους διαθέσιμους επενδυτές όσο και στο δημόσια να συμμετέχουν με δυναμικό τρόπο στη συνδιαμόρφωση χρηματοδοτικού μίγματος για τη χρηματοδότηση της έρευνας καθώς και το μεσοπρόθεσμο χρονοδιάγραμμα της βασισμένο στο σχετικό άυεϊηθεε ρΐεη είτε της 5ί3Γί υρ επιχείρησης είτε της υφιστάμενης επιχείρησης που επιδιώκει να ξεκινήσει είναι να επεκτείνει υφιστάμενο πρόγραμμα έρευνας και ανάπτυξης.","This platform will enable both available investors and the public to participate in a dynamic way in the co-design of the financial mix for research funding and its medium-term schedule based on the relevant business plan of either the firm or the existing firm seeking to launch or expand an existing research and development programme.","402",NA
"Οι δημόσιοι πόροι θα μπορούσαν να προέλθουν ακόμα και αποκλειστικά από το σκέλος των δανεικών πόρων του Ταμείου Ανάκαμψης και Ανθεκτικότητας τους οποίους η Κυβέρνηση κατευθύνει προς τον ιδιωτικό τομέα μόνο μέσα από το τραπεζικό σύστημα αλλά με εντελώς αδιαφανή κριτήρια.","The public resources could even come exclusively from the loan component of the Recovery and Resilience Fund which the Government directs to the private sector only through the banking system but with completely opaque criteria.","402",NA
"Τέλος σε ένα τέτοιο πρόγραμμα θα μπορούσαν να υπάρξουν ειδικές οήτοεο νια αυξηυένη δηυόσια χοηυατοδότηση όταν η χρηματοδοτούμενη έρευνα συνδυάζεται με επαναπατρισμό επιστημόνων και επαγγελματιών από το εξωτερικό.","Finally, in such a programme there could be specific options for increased public funding when the research funded is combined with the repatriation of scientists and professionals from abroad.","411",NA
"3. ΜΙΚΡΟΜΕΣΑΙΕΣ ΕΠΙΧΕΙΡΗΣΕΙΣ","3. SMALL AND MEDIUM-SIZED ENTERPRISES","H",NA
"3.1 Μικρομεσαίες και παραγωγή στην Ελλάδα","3.1 SMEs and production in Greece","H",NA
"Κάθε οικονομία αποτελείται κατά κύριο λόγο από μικρές και μεσαίες επιχειρήσεις.","Every economy is mainly made up of small and medium-sized enterprises.","403",NA
"Οι ΜμΕ - αυτές που απασχολούν λιγότερους από 250 εργαζόμενους - αποτελούν την συντριπτική πλειονότητα του αριθμού των επιχειρήσεων στην Ελλάδα (99,8%) και την Ευρώπη.","SMEs - those with fewer than 250 employees - make up the vast majority of the number of enterprises in Greece (99.8%) and in Europe.","403",NA
"Στη χώρα μας, η ιδιαιτερότητα έγκειται στο γεγονός ότι οι πολύ μικρές επιχειρήσεις (με λιγότερους από 9 απασχολούμενους), αποτελούν το 95% του συνόλου, απασχολούν το 47% των εργαζομένων και δημιουργούν μόλις το 20% της προστιθέμενης αξίας.","In our country, the particularity lies in the fact that micro enterprises (with fewer than 9 employees) make up 95% of the total, employ 47% of the workforce and create only 20% of value added.","403",NA
"Στην ΕΕ, οι επιχειρήσεις αυτές αποτελούν το 93% του συνόλου, απασχολούν το 30% των εργαζομένων και δημιουργούν το 19% της προστιθέμενης αξίας.","In the EU, they account for 93% of the total, employ 30% of employees and create 19% of value added.","403",NA
"Με λίγα λόγια οι πολύ μικρές επιχειρήσεις στη χώρα μας χαρακτηρίζονται από χαμηλότερο επίπεδο μέσης απασχόλησης (1,8 εργαζόμενοι ανά επιχείρηση, έναντι 5,7 στην ΕΕ) και συμβάλουν αισθητά λιγότερο στην διαμόρφωση Προστιθέμενης Αξίας ανά εργαζόμενο.","In short, micro enterprises in our country are characterised by a lower level of average employment (1.8 employees per enterprise, compared to 5.7 in the EU) and contribute significantly less to the creation of Value Added per employee.","403",NA
"Στην Ελλάδα υπάρχουν πολλές πολύ-μικρέςαλλά λίγες μεσαίες και μεγάλες επιχειρήσεις.","In Greece there are many micro-small but few medium and large enterprises.","403",NA
"Το κρίσιμο στοιχείο, ωστόσο, είναι πόσο ισχυρές είναι οι επιχειρήσεις σε ένα παραγωγικό σύστημα, πόσο ανθεκτικές είναι στον διεθνή ανταγωνισμό και πώς συμβάλλουν στη δυναμική της ανάπτυξης.","The crucial element, however, is how strong firms are in a productive system, how resilient they are to international competition and how they contribute to the dynamics of growth.","403",NA
"Το εμπόδιο στην ανάπτυξη των μεγαλύτερων σε μέγεθος μονάδων δεν είναι οι πολλοί μικροί επιχειρηματίες, αλλά η κρατική γραφειοκρατία και η αδυναμία των τραπεζών, μαζί με την γενικότερη αβεβαιότητα και όλα όσα κατατάσσουν την Ελλάδα στις χαμηλότερες θέσεις παγκοσμίως στους δείκτες ανταγωνιστικότητας.","The obstacle to the growth of larger units is not the large number of small entrepreneurs, but state bureaucracy and the weakness of banks, together with general uncertainty and all the things that rank Greece among the lowest in the world in competitiveness indicators.","402",NA
"Γ ια το ΠΑΣΟΚ - Κίνημα Αλλαγής η απαιτούμενη ανάπτυξη των μεσαίων και μεγάλων επιχειρήσεων δεν ισοδυναμεί ούτε με την ισοπέδωση των μικρών και των αυτοαπασχολουμένων, αλλά ούτε και με την χαριστική τους μεταχείριση στις υποχρεώσεις που οφείλουν να έχουν έναντι της πολιτείας και του κοινωνικού συνόλου.","For PASOK - Movement for Change, the required growth of medium and large enterprises does not equate either to the levelling out of small and self-employed businesses, or to their being treated as a gift to the obligations they owe to the state and society as a whole.","401",NA
"Αντίθετα επιβάλλεται να ακολουθούν ένα συνδυασμό ανάπτυξης με επαύξηση της Εγχώριας Προστιθέμενης Αξίας, σεβασμό στα εργασιακά δικαιώματα, τήρηση των σύγχρονων περιβαλλοντικών προδιαγραφών καθώς και φορολογική συμμόρφωση στο πλαίσιο της βιώσιμης δημοσιονομικής σταθερότητας.","On the contrary, it is necessary to pursue a combination of growth with an increase in domestic added value, respect for labour rights, compliance with modern environmental standards and tax compliance in the context of sustainable fiscal stability.","403",NA
"Όλα αυτά συνεπάγονται κρίσιμους οργανικούς και υπεύθυνους ρόλους τόσο για τις μικρές όσο και τις μεσαίες και μεγαλύτερες επιχειρήσεις.","All this implies critical organic and responsible roles for both small, medium and larger enterprises.","402",NA
"Το κεντρικό ερώτημα, επομένως, δεν είναι αν το μικρό επιχειρηματικό μέγεθος συνιστά ένα μονοσήμαντο και ανυπέρβλητο «εμπόδιο» και αν η μοναδική διέξοδος είναι η ισοπέδωση και η εξαφάνιση της μικρής επιχειρηματικότητας.","The central question, therefore, is not whether small business size constitutes a one-sided and insurmountable 'obstacle' and whether the only way out is the flattening and disappearance of small business.","402",NA
"Η κεντρική πρόκληση αφορά στον σχεδίασμά των απαραίτητων πολιτικών για τον μετασχηματισμό της μικρής επιχειρηματικότητας και την συμμετοχή της στην παραγωγική αναδιάρθρωση της χώρας.","The central challenge is to design the necessary policies for the transformation of small business and its participation in the productive restructuring of the country.","404",NA
"Το σημερινό1 διεθνές ψηφιακό περιβάλλον διαμορφώνει νέες ευκαιρίες για τις μικρές επιχειρήσεις προκειμένου να αναπτύξουν δραστηριότητες υψηλότερης παραγωγικότητας σε συνδυασμό με προσαρμοστικότητα, ευελιξία και δυνατότητες παραγωγικής αναπροσαρμογής.","Today's1 international digital environment creates new opportunities for small businesses to develop higher productivity activities combined with adaptability, flexibility and productive adjustment capabilities.","402",NA
"Η μονομερής, συστηματική και ατελέσφορη εστίαση στο μέγεθος των επιχειρήσεων στερεί τη δυνατότητα επεξεργασίας κρίσιμων παραγόντων, όπως είναι η αξιοποίηση νέων τεχνολογιών και η ανάπτυξη συνεργατικών σχημάτων, που θα επιτρέψουν την αξιοποίηση οικονομιών κλίμακας και τεχνολογιών αιχμής και έτσι να καταστήσουν το μικρό μέγεθος «πλεονέκτημα» στη νέα σύγχρονη ψηφιακή οικονομία.","The one-sided, systematic and ineffective focus on business size deprives the possibility of addressing critical factors, such as the exploitation of new technologies and the development of clusters, which would allow the exploitation of economies of scale and cutting-edge technologies and thus make small size an ""advantage"" in the new modern digital economy.","411",NA
"2. Μέγεθος και απόδοση","2. Size and efficiency","H",NA
"Η απάντηση στο πρόβλημα της παραγωγικότητας δεν μπορεί, επίσης, να στηρίζεται στον βίαιο περιορισμό του ρόλου των μικρών και πολύ μικρών επιχειρήσεων.","The answer to the productivity problem can also not be based on forcibly limiting the role of small and micro enterprises.","402",NA
"Αντιθέτως πρέπει να στοχεύει στην ενίσχυσή τους μέσω πολιτικών για την ανάπτυξη συνεργασιών και αλυσίδων αξίας, την υποβοήθηση της τεχνολογικής προσαρμογής και της καινοτόμου δραστηριότητας, καθώς και την ενίσχυση της παραγωγικής εξειδίκευσης, την επανασύνδεσή τους με την βιοτεχνική και βιομηχανική παραγωγή.","Instead, it must aim to strengthen them through policies to develop partnerships and value chains, to facilitate technological adaptation and innovative activity, and to enhance productive specialisation, reconnecting them with craft and industrial production.","402",NA
"Γ ια τον λόγο αυτό είναι απαραίτητη η επικέντρωση στους παράγοντες που θα βελτίωναν την παραγωγικότητα των πολύ μικρών επιχειρήσεων, σε επίπεδο συντεταγμένων πολιτικών κλαδικά προσανατολισμένου παραγωγικού εκσυγχρονισμού, ανάπτυξης συνεργατικών σχημάτων, προώθησης του ψηφιακού μετασχηματισμού, ενίσχυσης των ικανοτήτων συμμετοχής σε αλυσίδες και δίκτυα παραγωγής με εξαγωγικό προσανατολισμό, διάχυσης σύγχρονων γνώσεων και δεξιοτήτων και προώθησης διακλαδικών διασυνδέσεων σε παραγωγικούς τομείς με σημαντικές αναπτυξιακές προοπτικές.","It is therefore necessary to focus on the factors that would improve the productivity of micro-enterprises, in terms of coordinated policies for sector-oriented productive modernisation, the development of clusters, the promotion of digital transformation, the strengthening of capacities to participate in export-oriented production chains and networks, the dissemination of modern knowledge and skills and the promotion of intersectoral links in productive sectors with significant growth potential.","402",NA
"Οι πολιτικές που συμβάλλουν στην απόκτηση «κρίσιμου μεγέθους», μέσω ουσιαστικών και γενναίων κινήτρων για συγχωνεύσεις, και, ιδιαίτερα η ενίσχυση των συνεργατικών σχηματισμών, αποτελεί μια εξαιρετικά σημαντική προϋπόθεση για την ανάπτυξη παραγωγικών διασυνδέσεων, οικονομιών κλίμακας και αναβάθμισης της σύνθεσης του παραγομένου προϊόντος, ιδιαίτερα σε όρους εγχώριας προστιθέμενης αξίας.","Policies that contribute to the acquisition of 'critical mass', through substantial and bold incentives for mergers, and in particular the strengthening of clusters, are an extremely important prerequisite for the development of productive linkages, economies of scale and upgrading the composition of the output, particularly in terms of domestic value added.","402",NA
"Η επίτευξη των στόχων της παραγωγικής αναβάθμισης, με λίγα λόγια, προϋποθέτει σε μεγάλο βαθμό την αύξηση των παραγωγικών μονάδων που συμμετέχουν σε δίκτυα και συστάδες (οΙυεΐθΓδ) επιχειρήσεων.","Achieving the objectives of productive upgrading, in short, largely requires an increase in the number of production units participating in networks and clusters of enterprises.","411",NA
"Η οργανωμένη ενίσχυση της επιχειρηματικής συνεργασίας, της συνεργατικής καινοτομίας και της ανάπτυξης νέων επιχειρηματικών μοντέλων μεταξύ επιχειρήσεων κάθε μεγέθους, μπορούν να δημιουργήσουν οικονομίες κλίμακας, νέες παραγωγικές αλυσίδες υψηλής εγχώριας προστιθεμένης αξίας, να προωθήσουν τον παραγωγικό μετασχηματισμό των μικρών επιχειρήσεων, να ενισχύσουν την παραγωγικότητα και την ανταγωνιστική θέση τους καθώς και να δημιουργήσουν τις προϋποθέσεις για βελτιωμένη πρόσβαση σε χρηματοδοτικές πηγές.","The organised strengthening of business cooperation, collaborative innovation and the development of new business models between enterprises of all sizes can create economies of scale, new production chains of high domestic added value, promote the productive transformation of small enterprises, enhance their productivity and competitive position and create the conditions for improved access to financial resources.","410",NA
"Το παραγωγικό οικοσύστημα","The productive ecosystem","H",NA
"Κάθε μεσαία ή μεγάλη επιχείρηση συνδέεται με δεκάδες, εκατοντάδες και μερικές φορές με χιλιάδες μικρές επιχειρήσεις.","Each medium or large enterprise is linked to tens, hundreds and sometimes thousands of small enterprises.","401",NA
"Κάθε μεσαία και μεγάλη επιχείρηση συνεπώς, αποτελεί τον πυρήνα ενός παραγωγικού οικοσυστήματος.","Each medium and large enterprise is therefore at the core of a productive ecosystem.","401",NA
"Οι μεσαίες και μεγάλες επιχειρήσεις είναι απαραίτητες για να γίνει με ταχύτητα η προσαρμογή στην εξωστρέφεια, είναι τα βασικά οχήματα του διεθνούς τομέα της οικονομίας για την ταχεία ανάπτυξη των εξαγωγών αγαθών και υπηρεσιών.","Medium and large enterprises are essential for rapid adjustment to outward-looking, they are the main vehicles of the international sector of the economy for the rapid development of exports of goods and services.","401",NA
"Η δημόσια πολιτική οφείλει, με την υιοθέτηση των κατάλληλων μέτρων και κινήτρων, να εξασφαλίσει την διάχυση των ωφελειών στις μικρότερες επιχειρήσεις που βρίσκονται γύρω τους, την μεταφορά τεχνογνωσίας, την ανάπτυξη καινοτομιών στην παραγωγή και την οργάνωση, την εκπαίδευση του εργατικού δυναμικού.","Public policy must, by adopting appropriate measures and incentives, ensure that the benefits are spread to the smaller enterprises around them, transferring know-how, developing innovations in production and organisation, and training the workforce.","404",NA
"Οφείλει, παράλληλα, να δημιουργήσει ένα αποτελεσματικό πλαίσιο φορολογικών και άλλων κινήτρων για συγχωνεύσεις των μικρών και μεσαίων επιχειρήσεων (ΜμΕ).","It must also create an effective framework of fiscal and other incentives for mergers of small and medium-sized enterprises (SMEs).","402",NA
"Ένα ολοκληρωμένο πλαίσιο ενίσχυσης της συνεργασίας σε επίπεδο ΜμΕ περιλαμβάνει:","A comprehensive framework to support cooperation at the level of SMEs includes:","404",NA
"φορολογικά' και οικονομικά1 κίνητρα, με έμφαση στις συγχωνεύσεις και τα παραγωγικά οικοσυστήματα με μεσαίες και μεγάλες επιχειρήσεις","fiscal and financial1 incentives, with a focus on mergers and productive ecosystems with medium and large enterprises","402",NA
"στοχευμένη επίλυση των θεσμικών και ρυθμιστικών εμποδίων,","; targeted resolution of institutional and regulatory barriers;","303",NA
"Ειδικές γραμμές χρηματοδότησης από το ΕΣΠΑ για μετεγκατάσταση σε βιοτεχνικά πάρκα καθώς και δράσεις διασύνδεσης,","specific lines of funding from the NSRF for relocation to craft parks and interconnection actions;","402",NA
"στοχευμένες δράσεις διευκόλυνσης της πρόσβασης σε χρηματοδότηση και σε σύγχρονο τεχνολογικό εξοπλισμό,","targeted actions to facilitate access to finance and modern technological equipment,","402",NA
"εξειδικευμένες δράσεις ανάπτυξης κοινών ή/και διαμοιρασμένων υποδομών, και","specific actions for the development of common and/or shared infrastructure, and","411",NA
"Ειδικές γραμμές χρηματοδότησης από το Ταμείο Ανάκαμψης, ιδιαίτερα για δράσεις ενίσχυσης της καινοτομίας, της ενεργειακής προσαρμογής σε καθαρά συστήματα και του ψηφιακού μετασχηματισμού.","Special funding lines from the Recovery Fund, in particular for actions to support innovation, energy adaptation to clean systems and digital transformation.","402",NA
"4. Δράσεις Ενίσχυσης του Παραγωγικού και Τεχνολογικού Μετασχηυατισυού των ΜυΕ","4. Actions to support the productive and technological transformation of SMEs","H",NA
"Η επίτευξη ενός παραγωγικού προτύπου υψηλής εγχώριας προστιθέμενης αξίας με εξωστρεφή προσανατολισμό και ενσωμάτωση των ΜμΕ, προϋποθέτει σύνθετες παρεμβάσεις όπως:","Achieving a production model of high domestic value added with an outward orientation and integration of SMEs requires complex interventions such as:","410",NA
"(α) στο επίπεδο της ενίσχυσης της παραγωγικής βάσης (π.χ. τεχνολογικός εκσυγχρονισμός, καινοτομία προϊόντων και υπηρεσιών, διευκόλυνση παραγωγικών διαδικασιών τυποποίησης και ποιοτικής αναβάθμισης, κατάρτιση και δεξιότητες, έρευνα και ανάπτυξη, υποστήριξη παραγωγικών συνεργασιών και εξωστρέφειας, οικοδόμηση δικτύων διανομής).","(a) at the level of strengthening the productive base (e.g. technological modernisation, innovation of products and services, facilitation of production processes of standardisation and quality upgrading, training and skills, research and development, support for productive partnerships and outward orientation, building distribution networks).","410",NA
"(β) στο επίπεδο του θεσμικού και επιχειρηματικού περιβάλλοντος (π.χ. διευκόλυνση πρόσβασης σε χρηματοδότηση, κίνητρα συνεργασίας, κλπ.).","(b) at the level of the institutional and business environment (e.g. facilitating access to finance, incentives for cooperation, etc.).","402",NA
"Οι βασικές πολιτικές αφορούν τα εξής:","The main policies concern the following:","411",NA
"Ειδικές δράσεις δημιουργίας των αναγκαίων κοινών τεχνολογικών υποδομών (ήυόδ) και σύγχρονων Βιοτεχνικών Πάρκων για την ενίσχυση και την κλιμάκωση παραγωγικών δραστηριοτήτων (π.χ. ανάπτυξη και πιστοποίηση νέων προϊόντων) σε συγκεκριμένους κλάδους της μεταποίησης που δραστηριοποιούνται ΜμΕ.","Specific actions for the creation of the necessary common technological infrastructures (i.e. the creation of common technological infrastructures and modern craft parks for the strengthening and scaling up of productive activities (e.g. development and certification of new products) in specific manufacturing sectors where SMEs are active.","411",NA
"Μέτρα για την διευκόλυνση εγκατάστασης μικρών επιχειρήσεων σε κατάλληλα διαμορφωμένους χώρους γεωγραφικής εγγύτητας με άλλους φορείς και οργανισμούς (π.χ. πανεπιστήμια), με στόχο την εκτέλεση συγκεκριμένων παραγωγικών εργασιών σε μεγαλύτερη κλίμακα και την αξιοποίηση εξωτερικών οικονομιών.","Measures to facilitate the establishment of small enterprises in suitably designed sites in geographical proximity to other institutions and organisations (e.g. universities), with a view to carrying out specific productive activities on a larger scale and exploiting external economies.","402",NA
"Δημιουργία «Κέντρων Ανάπτυξης Προϊόντων» σε συγκεκριμένες γεωγραφικές περιοχές της χώρας, τα οποία θα παρέχουν τεχνική βοήθεια σχεδιασμού, προτυποποίησης και ανάπτυξης νέων προϊόντων, οργάνωσης συστημάτων εφοδιασμού, διανομής και προώθησης σε κλάδους με δυνατότητες ανάπτυξης προϊόντων και υπηρεσιών υψηλής εγχώριας προστιθέμενης αξίας.","Establishment of ""Product Development Centres"" in specific geographical areas of the country, which will provide technical assistance in the design, standardisation and development of new products, organisation of supply systems, distribution and promotion in sectors with potential for the development of products and services with high domestic added value.","411",NA
"Προώθηση μέτρων διαμόρφωσης και ενίσχυσης σχημάτων συνεργασίας μεταξύ επιχειρήσεων (π.χ. συμπράξεις, κοινοπραξίες, δίκτυα) και δημιουργία ενός Δικτύου Συνεργασίας που θα συμβάλλουν στην ωρίμανση πρωτοβουλιών κάθετου και οριζόντιου συντονισμού, στη διαμόρφωση «μικρο- αλυσίδων αξίας», στον επιμερισμό στοιχείων κόστους (π.χ. από κοινού παραγγελίες πρώτων υλών) και στην ανάπτυξη κοινών έργων και δράσεων επιχειρηματικής ανάπτυξης (π.χ. νέα προϊόντα και υπηρεσίες).","Promote measures to formulate and strengthen cooperation schemes between enterprises (e.g. partnerships, joint ventures, networks) and create a Cooperation Network that will contribute to the maturation of vertical and horizontal coordination initiatives, the formation of ""micro value chains"", the sharing of costs (e.g. joint ordering of raw materials) and the development of joint projects and business development activities (e.g. new products and services).","402",NA
"Προώθηση στοχευμένων μέτρων κάθετου συντονισμού και ενίσχυσης παραγωγικών διασυνδέσεων σε επίπεδο ενδιαμέσων και τελικών προϊόντων σε ενδο- και δια-κλαδικό επίπεδο μεταξύ κρίσιμων παραγωγικών τομέων ως προς την εγχώρια προστιθέμενη αξία.","Promote targeted vertical coordination measures and strengthen production linkages at intermediate and final product level at intra- and inter-industry level between critical production sectors in terms of domestic value added.","411",NA
"Κορυφαία προτεραιότητα σε αυτή την κατεύθυνση είναι η διασύνδεση αγροτο-διατροφής και τουρισμού/εστίασης.","A top priority in this direction is the agri-food and tourism/gastronomy interface.","410",NA
"Ιδιαίτερη έμφαση αποδίδεται στην ενίσχυση των Παραγωγικών Οικοσυστημάτων, με πυρήνα μεσαίες ή μεγάλες επιχειρήσεις και δίκτυα από ΜμΕ που συνδέονται με αυτές ως προμηθευτές ή πελάτες τους.","Particular emphasis is placed on strengthening Productive Ecosystems, with medium-sized or large enterprises at their core and networks of SMEs linked to them as suppliers or customers.","402",NA
"Σχεδιασμός και ανάπτυξη ειδικών χρηματοδοτικών εργαλείων υποστήριξης και ειδικών ταμείων στοχευμένων κεφαλαίων ενίσχυσης και εγγυήσεων, με έμφαση στις ΜμΕ, τον παραγωγικό τους μετασχηματισμό, την ανάπτυξη νέων ή βελτιωμένων ποιοτικών προϊόντων και υπηρεσιών καθώς και ενεργειών διείσδυσης σε νέες θεματικές και γεωγραφικές αγορές.","Design and development of specific financial support instruments and specific funds of targeted support capital and guarantees, with a focus on SMEs, their productive transformation, the development of new or improved quality products and services, as well as penetration actions in new thematic and geographical markets.","402",NA
"Διαμόρφωση κόμβων με σκοπό την πρόσβαση των ΜμΕ σε σύγχρονο εξειδικευμένο εξοπλισμό (π.χ. ΟΝΟ, 3Θ ρηηΐθΓε) και συναφείς τεχνολογίες (π.χ. εξειδικευμένο λογισμικό) σε μια σειρά από κλάδους όπου εντοπίζονται τάσεις και δυναμικές μετασχηματισμού (π.χ. δημιουργική οικονομία και σχέδιο, αγροδιατροφή και νέες τεχνολογίες).","The development of hubs to provide SMEs with access to modern specialised equipment (e.g. ONO, 3Three) and related technologies (e.g. specialised software) in a number of sectors where transformation trends and dynamics are identified (e.g. creative economy and design, agri-food and new technologies).","411",NA
"Εκπόνηση ενός στοχευμένου σχεδίου ψηφιακής μετάβασης για πολύ μικρές επιχειρήσεις (π.χ. κουπόνια τεχνολογίας), ειδικά για τη μη- τεχνολογικές εταιρείες χαμηλής και μέσης έντασης τεχνολογίας.","Developing a targeted digital transition plan for micro-enterprises (e.g. technology vouchers), especially for non-technology-intensive low and medium tech companies.","411",NA
"Οι εφαρμογές απευθύνονται σε κρίσιμες και βασικές κατηγορίες ψηφιακού εκσυγχρονισμού τόσο σε επίπεδο εγκατάστασης και αναβάθμισης βασικού εξοπλισμού και λειτουργιών (π.χ. λογισμικό, συστημάτων παραγγελιοληψίας και προμηθειών, διαδικτυακάς προβολής, πρόσβαση σε σύγχρονες υπολογιστικές υποδομές κ.α.), όσο και σε επίπεδο διεύρυνσης της παραγωγικής και εμπορικής δυναμικότητας μέσω της περαιτέρω ψηφιοποίησης διεργασιών, δραστηριοτήτων, προϊόντων και υπηρεσιών, εκσυγχρονισμού του επιχειρηματικού μοντεΛου και απόκτησης ψηφιακών οεξίοτητων.","The applications address critical and key categories of digital modernisation both at the level of installation and upgrading of basic equipment and functions (e.g. software, ordering and procurement systems, web-based displays, access to modern computing infrastructure, etc.) and at the level of expanding production and commercial capacity through further digitisation of processes, activities, products and services, modernisation of the business model and acquisition of digital assets.","411",NA
"Διαμόρφωση Ψηφιακών Κόμβων (άίςμΐθΙ ήυόε ίοΓ ηοη-ΐοοή δΜΕε) και υποδομών εκπαίδευσης/κατάρτισης, επίδειξης και πιλοτικής χρήσης νέων ψηφιακών τεχνολογιών που θα παρέχουν πρόσβαση σε τεχνολογικές υποδομές και εργαλεία για ΜμΕ επιχειρήσεις χαμηλής και μέσης έντασης τεχνολογίας.","Development of Digital Hubs (e.g. digital hubs and infrastructure for education/training, demonstration and piloting of new digital technologies that will provide access to technological infrastructure and tools for low and medium technology-intensive SMEs.","411",NA
"4. ΑΓΡΟΤΙΚΟΣ ΤΟΜΕΑΣ","4. AGRICULTURAL SECTOR","H",NA
"4.1 Με το βλέμμα στη βιώσιμη ανάπτυξη του πρωτογενούς τομέα","4.1 Towards sustainable development of the primary sector","H",NA
"Γ ια το Κίνημα μας, η συμβολή του πρωτογενή τομέα στην αναπτυξιακή προοπτική της χώρας και ιδιαίτερα στην ανασυγκρότηση του παραγωγικού μοντέλου και την ενίσχυση της εθνικής προστιθέμενης αξίας, κατέχει έναν από τους πιο κρίσιμους ρόλους.","For our Movement, the contribution of the primary sector to the country's development prospects, and in particular to the reconstruction of the production model and the strengthening of national added value, is one of the most crucial roles.","703.1",NA
"Με βάση αυτή την αρχή, οι προτάσεις και οι προτεραιότητες που θέτουμε είναι αυτές που μπορούν να απαντήσουν στις σύγχρονες ανάγκες των παραγωγών της χώρας μας και να εξαλείψουν τις αγκυλώσεις που ο πρωτογενής τομέας αντιμετωπίζει.","On the basis of this principle, the proposals and priorities we are setting are those that can respond to the current needs of our country's producers and eliminate the rigidities facing the primary sector.","703.1",NA
"Οι πρωτοβουλίες μας εντάσσονται στις διεθνείς τάσεις και τις ευρωπαϊκές κατευθύνσεις για μια νέα εποχή αειφορίας και βιώσιμης ανάπτυξης, η οποία παράλληλα με την παραγωγική και ποιοτική απόδοση συμβάλει στην αντιμετώπιση της κλιματικής κρίσης και την προστασία των φυσικών πόρων.","Our initiatives are in line with international trends and European guidelines for a new era of sustainability and sustainable development, which, alongside productive and qualitative performance, contributes to tackling the climate crisis and protecting natural resources.","416.2",NA
"Στην κορυφή της αξιακής μας πυραμίδας, βρίσκεται ο Έλληνας παραγωγός, οι άνθρωποι της υπαίθρου, οι γεωργοί, οι κτηνοτρόφοι, οι μελισσοκόμοι, οι δασοκόμοι, οι αλιείς, οι εργάτες γης.","At the top of our value pyramid is the Greek producer, the people of the countryside, the farmers, the stockbreeders, the beekeepers, the foresters, the fishermen, the land workers.","703.1",NA
"Προτεραιότητά μας είναι η ενίσχυση, η προστασία και βιωσιμότητα του αγροτικού εισοδήματος, με την διαμόρφωση και ανάδειξη μιας ελκυστικής και δυναμικής υπαίθρου με υψηλή ποιότητα ζωής και πρόσβαση σε όλες τις βασικές υπηρεσίες.","Our priority is the strengthening, protection and sustainability of rural income, with the formation and development of an attractive and dynamic countryside with a high quality of life and access to all basic services.","703.1",NA
"Η Ατζέντα 2030 για τη Βιώσιμη Ανάπτυξη του Οργανισμού Ηνωμένων Εθνών, η Ευρωπαϊκή Πράσινη Συμφωνία, η Νέα Κοινή Αγροτική Πολιτική (ΚΑΠ) και η νέα αναπτυξιακή στρατηγική της ΕΕ, η οποία υιοθετήθηκε το 2019 και θα συνοδεύει την ευρωπαϊκή οικονομία και κοινωνία κατά τις επόμενες δεκαετίες, θέτουν το πλαίσιο εντός του οποίου καλείται να αναπτύξει τις δραστηριότητές του κάθε οικονομικός τομέας σήμερα και στο μέλλον.","The United Nations 2030 Agenda for Sustainable Development, the European Green Deal, the New Common Agricultural Policy (CAP) and the new EU development strategy, which was adopted in 2019 and will accompany the European economy and society in the coming decades, set the framework within which every economic sector is called upon to develop its activities today and in the future.","416.2",NA
"Αυτές οι κοινοτικές πολιτικές είναι τα εργαλεία, που πρέπει να ενσωματώσουμε και να αξιοποιήσουμε στον σχεδίασμά και εφαρμογή της δικής μας Εθνικής Στρατηγικής για τον Πρωτογενή Τομέα.","These Community policies are the tools that we must integrate and use in the design and implementation of our own National Strategy for the Primary Sector.","703.1",NA
"Προτεραιότητα αποτελεί, επίσης η ενίσχυση των συλλογικών και συνεργατικών σχημάτων, μεταξύ των οποίων η στήριξη των Οργανώσεων Παραγωγών, των Διαεπαγγελματικών Οργανώσεων σε όλους σχεδόν τους παραγωγικούς τομείς, και ενός υγιούς και ακομμάτιστου Συνεταιριστικού Κινήματος.","Another priority is to strengthen collective and cooperative schemes, including support for Producer Organisations, Interprofessional Organisations in almost all productive sectors, and a healthy and unbiased Cooperative Movement.","703.1",NA
"Η υποστήριξη πολιτικών για την δημογραφική ανανέωση των απασχολούμενων στον πρωτογενή τομέα, που θα προσελκύει νέους αγρότες, να γεννά νέα συλλογικά σχήματα και να συμβάλλει στην συνολικότερη ανάπτυξη της υπαίθρου ως βασικός πυρήνας και εμψυχωτήςτης.","Support for policies for the demographic renewal of those employed in the primary sector, attracting new farmers, generating new collective structures and contributing to the overall development of the countryside as a key nucleus and animator.","703.1",NA
"Η γνώση και τεχνολογική καινοτομία τίθενται στο επίκεντρο της μεταρρυθμισμένης Κοινής Αγροτικής Πολιτικής (ΚΑΠ).","Knowledge and technological innovation are at the heart of the reformed Common Agricultural Policy (CAP).","703.1",NA
"Ωστόσο αποτελούν «αγκάθι» για τη χώρα μας, η οποία δεν έχει καταφέρει, σχεδόν 20 χρόνια μετά την σχετική πρόβλεψη της ΚΑΠ του 2003, να θέσει στην υπηρεσία του Έλληνα αγρότη ένα Εθνικό Σύστημα Παροχής Συμβουλώνκαι διάχυσης της σύγχρονης γνώσης.","However, they are a 'thorn' for our country, which has not managed, almost 20 years after the relevant provision of the 2003 CAP, to put at the service of the Greek farmer a National System for the provision of advice and the dissemination of modern knowledge.","703.1",NA
"4.2 Άξονες πρωτοβουλιών","4.2 Axis of initiatives","H",NA
"Στο επίκεντρο ο αγρότης & ο καταναλωτής","Focus on the farmer & the consumer","703.1",NA
"Το ΠΑΣΟΚ θέτει ως προτεραιότητα τα προβλήματα και τις ανάγκες των εκπροσώπων της αλυσίδας που απαρτίζουν την αγροτική οικονομία της χώρας μας και την κατάθεση βιώσιμων προτάσεων που θα απαντήσουν στις σύγχρονες προκλήσεις .","PASOK sets as a priority the problems and needs of the representatives of the chain that make up the agricultural economy of our country and the submission of viable proposals that will respond to modern challenges.","703.1",NA
"Συγκεκριμένα ξεκινάμε την συζήτηση για αναγκαίες μεταρρυθμίσεις στον χώρο της αγροτικής ανάπτυξης με βασική κατεύθυνση:","Specifically, we start the debate on necessary reforms in the field of rural development with the basic direction","703.1",NA
"Προς την επίτευξη του σκοπού αυτού είναι αναγκαία:","To achieve this purpose it is necessary to:","703.1",NA
"Η χάραξη Εθνικής Στρατηγικής για την πρωτογενή παραγωγήπου θα αξιοποιεί τις Ευρωπαϊκές πολιτικές και τα χρηματοδοτικά εργαλεία προς όφελος της χώρας, των κάτοικων της υπαίθρου και της πρωτογενούς παραγωγής.","The formulation of a National Strategy for primary productionwhich will make use of European policies and financial instruments for the benefit of the country, rural residents and primary production.","703.1",NA
"Η ουσιαστική συμμετοχή του αγροτο-διατροφικού τομέα στο «πρασίνισμα» της παραγωγής και της οικονομίας μέσω της προώθησης των Βιολογικών Καλλιεργειών και Εκτροφών, με μείωση του περιβαλλοντικού και κλιματικού αποτυπώματος της πρωτογενούς παραγωγής.","The effective participation of the agri-food sector in the 'greening' of production and the economy through the promotion of Organic Crops and Farming, with a reduction of the environmental and climate footprint of primary production.","703.1",NA
"Η χάραξη Εθνικής Στρατηγικής για την προώθηση των εξαγωγών των αγροτικών μας προϊόντων.","The formulation of a National Strategy for the promotion of exports of our agricultural products.","703.1",NA
"Ενίσχυση της ανταγωνιστικότητας και της εξωστρέφειας, για τα βασικά «εθνικά μας προϊόντα», όπως την ελιά, το ελαιόλαδο, τη φέτα, τα φρούτα και λαχανικά, τα ψάρια, το γιαούρτι, και άλλων, μέσα από τα σχέδια ανάπτυξης κάθε περιφέρειας.","Strengthening competitiveness and extroversion for our basic ""national products"", such as olives, olive oil, feta, fruit and vegetables, fish, yoghurt, etc., through the development plans of each region.","703.1",NA
"Η ενίσχυση της Κτηνοτροφίας και αξιοποίηση των βοσκοτόπων από κατόχους ζώων για αύξηση της φιλικής προς το περιβάλλον παραγωγής κρέατος.","The strengthening of livestock farming and the use of pasture land by livestock owners to increase environmentally friendly meat production.","703.1",NA
"Η υποστήριξη του δυναμικού κλάδου της μελισσοκομίας που προστατεύει τη βιοποικιλότητα και τη χλωρίδα της πατρίδας μας.","Supporting the dynamic beekeeping sector that protects the biodiversity and flora of our country.","703.1",NA
"Η προστασία της αλιείας μας, του αλιευτικού στόλου και του δυναμικού κλάδου της ιχθυοκαλλιέργειας.","Protecting our fisheries, our fishing fleet and our dynamic fish farming industry.","703.1",NA
"Η ανάδειξη της σημαντικής προσφοράς στην αγροτική οικονομία και στην προστασία των δασών των Ελλήνων υλοτόμων.","To highlight the important contribution of Greek loggers to the agricultural economy and the protection of forests.","703.1",NA
"Η αντιμετώπιση της έλλειψης εργατών γης (Ελλήνων, υπηκόων χωρών της Ε.Ε. και τρίτων χωρών) με μακροχρόνιο προγραμματισμό: στην εξασφάλιση αξιοπρεπούς διαβίωσης, την δίκαιη αμοιβή τους, ασφαλιστική κάλυψή και κοινωνική προστασία.","Addressing the shortage of agricultural workers (Greeks, EU and third country nationals) with long-term planning: to ensure a decent living, fair pay, insurance coverage and social protection.","703.1",NA
"Είναι παράγοντες σημαντικοί τόσο για τον σεβασμό υιυν υνσμωιιυ, υυυκυιγιυ ιπν ιιμυυιυυιυ ιπςυγμυιικ.πς παραγωγής","They are important factors both for respecting the production of the yin yang, yu yu yu yu yu yu yu yu yu yu yu yu yu yu yu yu yu yu yu yu yu yu yu yu yu yu yu yu yu yu yu yu yu yu yu yu yu yu yu yu yu yu","703.1",NA
"Η βελτίωση των δεξιοτήτων του ανθρώπινου δυναμικού, με την παροχή γεωργικής εκπαίδευσης σε όλες βαθμίδες εκπαίδευσης, την υλοποίηση προγραμμάτων κατάρτισης και διά βίου εκπαίδευσης κοντά στους χώρους παραγωγής, τη δημιουργία Γεωργικών Σχολών «μετά το λύκειο», που εκπαιδεύουν τους νέους αγρότες στις σύγχρονες ανάγκες της παραγωγής.","improvement of the skills of human resources, by providing agricultural education at all levels of education, implementing training and lifelong education programmes close to the production sites, creating agricultural schools ""after high school"", which train young farmers in the modern needs of production.","703.1",NA
"Η εφαρμοσμένη έρευνα και η διάδοση των αποτελεσμάτων στο πεδίο, με σκοπό τη μεγαλύτερη στόχευση σε πραγματικά παραγωγικά προβλήματα.","Applied research and dissemination of results in the field, with a view to better targeting real production problems.","703.1",NA
"Η σύνδεση και συνέργεια του αγροτο-διατροφικού τομέα με τον τουρισμό για να διαμορφωθεί μια νέα σημαντική εσωτερική αγορά των προϊόντων μας, με τα εκατομμύρια των επισκεπτών.","The linking and synergy of the agri-food sector with tourism to form a new important internal market for our products, with millions of visitors.","703.1",NA
"Στόχος να κάνουμε τον επισκέπτη λίγων ημερών καταναλωτή ελληνικών προϊόντων όλο το χρόνο.","The aim is to make the visitor of a few days a consumer of Greek products all year round.","703.1",NA
"Αξιοποίηση υπαρχουσών δομών ή δημιουργία φορέων με σκοπό την καταγραφή του πρωτογενούς τομέα προκειμένου να είναι δυνατή η αξιοποίηση της ελληνικής παραγωγής.","Utilisation of existing structures or creation of bodies to register the primary sector in order to enable the exploitation of Greek production.","703.1",NA
"Ο επανασχεδιασμός του συστήματος αγροτικών ασφαλίσεων με πλήρη αναδιάρθρωση του θεσμικού πλαισίου του ΕΛΓΑ.","The redesign of the agricultural insurance system with a complete restructuring of the institutional framework of ELGA.","703.1",NA
"Στελεχιακή επάνδρωση των υπηρεσιών του ΕΛΓΑ, επικάιροποίηση του Κανονισμού Ασφάλισης του ΕΛΓΑ με διεύρυνση και επέκταση της διαχείρισης χρηματοοικονομικών και περιβαλλοντικών-κλιματικών κινδύνων και δημιουργία πραγματικού «διχτυού ασφαλείας» για τον Έλληνα παραγωγό.","Staffing of ELGA's services, overlapping of ELGA's Insurance Regulation with the expansion and extension of the management of financial and environmental-climatic risks and the creation of a real 'safety net' for the Greek producer.","703.1",NA
"Καθοριστικής σημασίας για τη βιωσιμότητα των αγροτικών επιχειρήσεων της χώρας είναι η αξιοποίηση εργαλείων διαχείρισης κινδύνων και ασφάλισης εισοδήματος.","The use of risk management and income insurance tools is crucial for the viability of the country's agricultural enterprises.","703.1",NA
"Επαναξιολόγηση του θεσμικού πλαισίου λειτουργίας των Οργανισμών του Υπουργείου Αγροτικής Ανάπτυξης και Τροφίμων (ΟΠΕΚΕΠΕ, ΕΛΓΟ-ΔΗΜΗΤΡΑ) με σκοπό την ταχύτερη και αποτελεσματική διεκπεραίωση του όγκου των αιτημάτων που διαχειρίζονται.","Re-evaluation of the institutional framework for the operation of the Ministry of Rural Development and Food (OPEKEPE, ELGO-DIMITRA) in order to ensure faster and more efficient processing of the volume of applications they manage.","703.1",NA
"Η Αναδιάρθρωση των φορέων και δημόσιων υπηρεσιών που εμπλέκονται με τον σχεδίασμά και την υλοποίηση αγροτικής πολιτικής, σε κεντρικό και περιφερειακό επίπεδο με στόχο την απλούστευση των διαδικασιών και τον περιορισμό της γραφειοκρατίας.","Restructuring of the institutions and public services involved in the design and implementation of agricultural policy, at central and regional level, in order to simplify procedures and reduce bureaucracy.","703.1",NA
"Απαραίτητη είναι η ενίσχυση της μετακίνησης νέων επιστημόνων από το κέντρο στην ύπαιθρο για ενδυνάμωση του δυναμικού παραγωγής.","It is essential to strengthen the movement of young scientists from the centre to the countryside in order to strengthen the production potential.","703.1",NA
"Έλεγχο της ποιότητας και προέλευσης των αγροτικών προϊόντων και τροφίμων, με στόχο τη προστασία του παραγωγού και του καταναλωτή.","Control of the quality and origin of agricultural products and foodstuffs, with a view to protecting producers and consumers.","703.1",NA
"Έλεγχο της προστασίας του περιβάλλοντος, των γενετικών πόρων, της βιοποικιλότητας, και της ευημερίας των ζώων έτσι ώστε να προστατευθεί και να αναδειχθεί περαιτέρω η «περιβαλλοντικά φιλική» διάσταση του παραδείγματος της Ελληνικής Αγροτικής Εκμετάλλευσης.","Control of the protection of the environment, genetic resources, biodiversity and animal welfare in order to further protect and highlight the ""environmentally friendly"" dimension of the Greek Agro-Farming paradigm.","501",NA
"Στο υπάρχον περιβάλλον κρίσεων που ζούμε, άμεση προτεραιότητά μας είναι ηδιασφάλιση της επιβίωσης των παραγωγών.","In the current crisis environment we live in, our immediate priority is to ensure the survival of producers.","703.1",NA
"Για το λόγο αυτό είναι απαραίτητη η στήριξη των αγροτών και των κτηνοτροφών με έλεγχο του κόστους παραγωγής και κυρίως: Των αγροτικών εφοδίων (λιπασμάτων, ζωοτροφών, φυτοφαρμάκων και κτηνιατρικών εφοδίων).","For this reason, it is essential to support farmers and livestock farmers by controlling production costs and, above all, by controlling production costs: Agricultural inputs (fertilisers, animal feed, pesticides and veterinary supplies).","703.1",NA
"Του κόστους ενέργειας καυσίμων και ηλεκτρικής ενέργειας με έλεγχο του ΕΦΚ,","Energy costs of fuel and electricity, with control of the VAT,","411",NA
"υποστήριξη της εγκατάστασης ανανεώσιμων πηγών με προτεραιότητα τους οργανισμούς άρδευσης, τις ομάδες παραγωγών και τις ενεργειακές κοινότητες","support for the installation of renewable sources, with priority given to irrigation organisations, producer groups and energy communities","416.2",NA
"καθώς και υποστήριξη σχεδίων παραγωγής ενέργειας και αύξησης της ενεργειακής αποτελεσματικότητας.",", and support for energy production and energy efficiency projects.","416.2",NA
"Του κόστους μεταφοράς εφοδίων και προϊόντων από και προς τη νησιωτική χώρα και τις απομακρυσμένες και ορεινές περιοχές.","the cost of transporting supplies and products to and from island, remote and mountainous areas.","411",NA
"Η προστασία της αγροτικής γης, από κερδοσκοπικές τακτικές εξαγοράς, υψηλών ενοικίων - τιμών, μέσα από συνολικά σχέδια διαχείρισης χρήσεων-ιδιοκτησίας της γης.","The protection of agricultural land from speculative takeover tactics, high rent-price, through comprehensive land-use-ownership management plans.","703.1",NA
"Η κατασκευή και εκσυγχρονισμός των έργων υποδομής που υποστηρίζουν την πρωτογενής παραγωγή όπως: έργα διαχείρισης υδάτινων πόρων, έργα αγροτικής οδοποιίας, έργα αγροτικού εξηλεκτρισμού, έργα προστασίας δασικών οικοσυστημάτων, έργα δημιουργίας αλιευτικών καταφυγίων, έργα κάλυψης διαδικτυακάς σύνδεσης σε όλη την Ελληνική Ύπαιθρο.","The construction and modernisation of infrastructure projects that support primary production such as: water management projects, rural road projects, rural electrification projects, forest ecosystem protection projects, projects for the creation of fishing shelters, projects for the coverage of internet connections throughout the Greek countryside.","411",NA
"Επενδύσεις στον πράσινο και ψηφιακό μετασχηματισμό που αποκτούν ενισχυμένη σημασία λόγω της εκτόξευσης του κόστους παραγωγής αλλά και του ισχυρού αντικτύπου του πολέμου στην Ουκρανία: συστήματα άρδευσης και ενεργειακής αυτονομίας, ψηφιακές λύσεις για τη μείωση του κόστους παραγωγής, αξιοποίηση των ανανεώσιμων πηγών ενέργειας και την ενίσχυση της πρόληψης περιβαλλοντικών/κλιματικών κινδύνων, σε συνδυασμό όμως με συμβουλευτικές υπηρεσίες και όχι ως αφορμή πώλησης τεχνολογικού εξοπλισμού στους παραγωγούς.","Investments in green and digital transformation that are becoming increasingly important due to the soaring production costs and the strong impact of the war in Ukraine: irrigation systems and energy autonomy, digital solutions to reduce production costs, use of renewable energy sources and strengthening the prevention of environmental/climate risks, but in combination with advisory services and not as an excuse to sell technological equipment to producers.","416.2",NA
"5. ΣΤΡΑΤΗΓΙΚΗ ΤΟΥ ΕΛΛΗΝΙΚΟΥ ΤΟΥΡΙΣΜΟΥ","5. GREEK TOURISM STRATEGY","H",NA
"1. Η σημασία του τουρισμού","1. The importance of tourism","H",NA
"Ο τουρισμός, το 2019, εισέφερε συνολικά € 23,1 δις στην οικονομία της χώρας με περισσότερο από το 90% των εσόδων αυτών να συνδέονται με τον εισερχόμενο τουρισμό, καθιστώντας τον μια σχεδόν αμιγώς εξαγωγική δραστηριότητα.","Tourism, in 2019, contributed a total of €23.1 billion to the country's economy with more than 90% of this revenue linked to inbound tourism, making it an almost purely export-oriented activity.","410",NA
"Οι ταξιδιωτικές εισπράξεις κάλυψαν το 79,6% του ελλείμματος του ισοζυγίου αγαθών.","Travel receipts covered 79.6% of the goods balance deficit.","410",NA
"Οι εισπράξεις αυτές ισούνται με το 78,1% των εισπράξεων από τις εξαγωγές όλων των άλλων προϊόντων που εξάγει η χώρα, εξαιρουμένων των εισπράξεων από εξαγωγή πλοίων και καυσίμων.","These receipts are equal to 78.1% of the receipts from exports of all other goods exported by the country, excluding receipts from the export of ships and fuel.","410",NA
"Αν στις ταξιδιωτικές εισπράξεις συνυπολογισθούν και οι εισπράξεις από αερομεταφορές και θαλάσσιες μεταφορές από τον εισερχόμενο τουρισμό, τότε το σύνολο των ταξιδιωτικών εισπράξεων ισούται με το 87,4% των εισπράξεων από τις εξαγωγές όλων των άλλων προϊόντων πλην πλοίων και καυσίμων.","If travel receipts include air and sea transport receipts from inbound tourism, then the total travel receipts equal 87.4% of the export receipts from all other exports of all products except ships and fuels.","410",NA
"Η ανάκαμψη του τουρισμού το 2021 και, ακόμα περισσότερο, η ισχυρή ανάκαμψη το 2022 δείχνουν ότι ο ελληνικός τουρισμός διακρίνεται από ανθεκτικότητα και επιβεβαιώνουν την σημασία του για την εθνική οικονομία και την κοινωνική συνοχή, ιδιαίτερα στις νησιωτικές Περιφέρειες.","The recovery of tourism in 2021 and, even more so, the strong recovery in 2022 show that Greek tourism is characterised by resilience and confirm its importance for the national economy and social cohesion, especially in the island regions.","410",NA
"Παράλληλα, όμως, ο τουρισμός μας διακρίνεται από έντονη εποχικότητα, με το 60% των εσόδων να συγκεντρώνονται στο 3° τρίμηνο, - αν και η εποχικότητα αποτελεί και παγκόσμια πραγματικότητα - και έντονη γεωγραφική συγκέντρωση, αφού το 88% των εσόδων πραγματοποιείται σε πέντε (5) μόλις Περιφέρειες της χώρας.","At the same time, however, our tourism is characterised by strong seasonality, with 60% of revenues being concentrated in the 3rd quarter - although seasonality is also a global reality - and strong geographical concentration, since 88% of revenues are generated in just five (5) regions of the country.","410",NA
"Οι επισκέπτες σε αρκετές πολύ δημοφιλείς τουριστικές περιοχές της χώρας μας είναι, πλέον, πολλαπλάσιοι από τον πληθυσμό τους, δοκιμάζοντας τις υποδομές και την φέρουσα ικανότητά τους.","Visitors to several very popular tourist regions in our country are now many times their population, testing their infrastructure and carrying capacity.","410",NA
"Η ανάπτυξη του τουρισμού τις προηγούμενες δεκαετίες ήταν εν πολλοίς «αυθόρμητη» και «αυτοσχέδια», χωρίς στρατηγική και προσανατολισμό τόσο στο επίπεδο των επιμέρους τουριστικών προϊόντων (Ήλιος και Θάλασσα, οϊΐγ-βΓθ3ΐ<, Πολιτιστικός, Ναυτικός, Συνεδριακός τουρισμός) όσο και σχετικά με τα λεγάμενα «συμπληρωματικά» τουριστικά προϊόντα όπως, ο Αγροτουρισμός, ο Οικοτουρισμός, ο Τουρισμός Αθλητικών Δραστηριοτήτων και Περιπέτειας, ο Γαστρονομικός τουρισμός, ο τουρισμός Ευεξίας.","The development of tourism in the previous decades was largely ""spontaneous"" and ""improvised"", without strategy and orientation both at the level of individual tourism products (Helios and the Sea, oιγ-βΓθ3ΐ<, cultural, nautical and conference tourism) and in relation to the so-called 'complementary' tourism products such as rural tourism, ecotourism, sports and adventure tourism, gastronomic tourism and wellness tourism.","410",NA
"Βιωσιμότητα και Ανταγωνιστικότητα του ελληνικού τουρισμού","Sustainability and Competitiveness of Greek Tourism","416.2",NA
"Ο τουρισμός για να είναι βιώσιμος πρέπει να είναι ταυτόχρονα οικονομικά βιώσιμος για όλους τους συμμετέχοντες στην τουριστική δραστηριότητα, κοινωνικά επωφελής και να μην επιβαρύνει το περιβάλλον και όπου είναι δυνατόν να συμβάλλει στην βελτίωσή του.","To be sustainable, tourism must be both economically viable for all participants in tourism activity, socially beneficial and environmentally friendly and, where possible, contribute to its improvement.","416.2",NA
"Η οικονομική βιωσιμότητα προϋποθέτει ένα ελκυστικό τουριστικό προϊόν που να είναι διεθνώς ανταγωνιστικό.","Economic sustainability requires an attractive tourism product that is internationally competitive.","408",NA
"Σύμφωνα με διάφορες μελέτες από διεθνείς οίκους, το ελληνικό τουριστικό προϊόν είναι ένα από τα πλέον ελκυστικά παγκοσμίως και μάλιστα βελτίωσε τη θέση του κατά την περίοδο της πανδημίας.","According to various studies by international agencies, the Greek tourism product is one of the most attractive in the world and even improved its position during the pandemic period.","408",NA
"Η διατήρηση και βελτίωση αυτής της θέσης μπορεί να γίνει μόνο μέσα από ένα προϊόν που θα είναι περισσότερο σύνθετο, οργανωμένο και επιμελημένο.","Maintaining and improving this position can only be done through a product that is more complex, organised and curated.","408",NA
"Ένα προϊόν δηλαδή που θα δίνει στον τουρίστα την δυνατότητα για την σύνθεση πολλαπλών επιλογών, ανεξάρτητα του βασικού λόγου για τον οποίο πραγματοποιεί το ταξίδι του στην Ελλάδα.","A product that gives the tourist the opportunity to make multiple choices, regardless of the main reason for his/her trip to Greece.","408",NA
"Το σύνθετο προϊόν προϋποθέτει και συνεπάγεται οργανικές διασυνδέσεις με άλλους τομείς της οικονομίας και σημαντικές ευκαιρίες για αύξηση της εγχώριας προστιθέμενης αξίας παραγωγής.","The complex product presupposes and implies organic links with other sectors of the economy and significant opportunities for increasing the domestic added value of production.","404",NA
"Το οργανωμένο και επιμελημένο προϊόν προϋποθέτει και συνεπάγεται αποτελεσματικές μορφές διακυβέρνησης, συνέργειες και συνεργασίες του δημοσίου με τον ιδιωτικό τομέα καθώς και επενδύσεις για την βελτίωση και ανάπτυξη των δημόσιων υποδομών.","The organised and curated product presupposes and implies effective forms of governance, synergies and partnerships between the public and private sectors, as well as investment in the improvement and development of public infrastructure.","411",NA
"Παράλληλα ένα βασικό πλεονέκτημα του τουρισμού στην Ελλάδα - που είναι εισερχόμενος κατά 90% τουλάχιστον - είναι η μεγάλη διασπορά των αγορών του που διασφαλίζει την μικρή εξάρτηση από οποιαδήποτε αγορά και κατ’ επέκταση την ανθεκτικότητά του σε τυχόν κρίσεις στις διάφορες αγορές.","At the same time, a key advantage of tourism in Greece - which is at least 90% inbound - is the wide dispersion of its markets, which ensures its low dependence on any one market and thus its resilience to any crises in the various markets.","408",NA
"Αναφορικά με την ανταγωνιστικότητα του ελληνικού τουρισμού διεθνώς, παρατηρούμε ότι έχει σημαντικά περιθώρια βελτίωσης αφού βρίσκεται στην 28η θέση παγκοσμίως σύμφωνα με την κατάταξη του ννοήά Εοοηοιηίο Ροιχιπι (\Λ/ΕΡ).","Regarding the competitiveness of Greek tourism internationally, we note that it has significant room for improvement since it is ranked 28th worldwide according to the ranking of the Noa Eoaoio Rihipi (L/EP).","408",NA
"Από την άλλη πλευρά, η κατάταξη αυτή είναι πολύ υψηλότερη από την κατάσταση της οικονομίας συνολικά που σύμφωνα με το \Λ/ΕΡ είναι στην θέση 59.","On the other hand, this ranking is much higher than the state of the economy as a whole, which according to the L/EP is in 59th place.","408",NA
"Η διατήρηση και περαιτέρω βελτίωση της ανταγωνιστικής θέσης του ελληνικού τουρισμού θα ενισχύσει και την ανθεκτικότητά του.","Maintaining and further improving the competitive position of Greek tourism will also enhance its resilience.","408",NA
"Προϋποθέτει δε την αντιμετώπισή του τουρισμού στην βάση των προορισμών και όχι των μεμονωμένων επιχειρήσεων, ώστε να προσφέρει υψηλότερη αξία, μέσω ενός πιο σύνθετου, προσεκτικά επιλεγμένου, οργανωμένου και επιμελημένου τουριστικού προϊόντος.","It requires tourism to be treated on a destination basis rather than on the basis of individual businesses, in order to offer higher value through a more complex, carefully selected, organised and curated tourism product.","408",NA
"Η επίτευξη αυτού του στόχου επιβάλλει την βελτίωση υποδομών που δεν είναι αμιγώς τουριστικές: ενέργεια και ύδρευση, διαχείριση απορριμμάτων, ανακύκλωση και καθαριότητα, υποδομές υγείας, οδική ασφάλεια και σήμανση αλλά και υλοποίηση του Ειδικού Χωροταξικού Πλαισίου για τον Τουρισμό, καθώς και προώθηση των Τοπικών και Ειδικών Πολεοδομικών Σχεδίων σε δεκάδες τουριστικούς Δήμους της χώρας που υφίστανται πιέσεις από την τουριστική ανάπτυξη.","Achieving this objective requires the improvement of infrastructure that is not purely tourism-related: energy and water supply, waste management, recycling and cleaning, health infrastructure, road safety and signposting, as well as the implementation of the Special Spatial Framework for Tourism and the promotion of Local and Special Urban Plans in dozens of tourist municipalities in the country that are under pressure from tourism development.","411",NA
"Η υλοποίηση των σχετικών δράσεων θα ωφελήσει σημαντικά την ποιότητα ζωής των τοπικών κοινωνιών και ταυτόχρονα θα βελτιώσει περαιτέρω τη βιωσιμότητα του τουρισμού.","The implementation of the relevant actions will significantly benefit the quality of life of local communities and at the same time further improve the sustainability of tourism.","416.2",NA
"Σημαντικό ρόλο στην βελτίωση της ανταγωνιστικότητας θα διαδραματίσει και η βελτίωση του επιχειρηματικού περιβάλλοντος, ιδιαίτερα σε θέματα απλοποίησης διαδικασιών, ασφάλειας δικαίου και, ανάλογα με τα δημοσιονομικά περιθώρια, ευθυγράμμισης των έμμεσων φόρων - που επιβαρύνουν τις τιμές και άρα την διεθνή ανταγωνιστικότητα - με τα επίπεδα των ανταγωνιστών μας.","The improvement of the business environment will also play an important role in improving competitiveness, particularly in terms of simplification of procedures, legal certainty and, depending on budgetary margins, bringing indirect taxes - which are a burden on prices and thus on international competitiveness - in line with the levels of our competitors.","402",NA
"Η αύξηση των τιμών μέσω των έμμεσων φόρων επιφέρει σημαντικό πλήγμα στους προορισμούς και τις επιχειρήσεις που δεν έχουν ένα ισχυρό όΓ3ηό ηβπΐθ και ανταγωνίζονται σε διεθνείς αγορές με χαρακτηριστικά οοπιπιοάϊΐγ και συνεπώς δεν έχουν τη δυνατότητα να περάσουν ένα μέρος της αύξησης της τιμής στον τελικό καταναλωτή.","Raising prices through indirect taxes is a major blow to destinations and businesses that do not have a strong oG3iOvpith and compete in international markets with oopioayiOpioayiG characteristics and therefore do not have the ability to pass on part of the price increase to the final consumer.","408",NA
"Ως αποτέλεσμα, εντείνεται η εποχικότητα και η συγκέντρωση στις τουριστικά ανεπτυγμένες περιοχές που έχουν τη δυνατότητα αυτή.","As a result, seasonality and concentration in tourist developed areas that are able to do so is intensified.","408",NA
"Η βελτίωση της ελκυστικότητας και της ανταγωνιστικότητας θα οδηγήσει στην επίτευξη τριών βασικών στόχων για την ανάπτυξη του τουρισμού στην Ελλάδα:","Improving attractiveness and competitiveness will lead to the achievement of three main objectives for the development of tourism in Greece:","408",NA
"την χωρική επέκταση, δηλαδή την επέκταση και σε άλλες Περιφέρειες πέραν των 5 Περιφερειών στις οποίες σήμερα λαμβάνει χώρα το 88% της τουριστικής δραστηριότητας,","spatial expansion, i.e. expansion to other regions beyond the five regions in which 88 % of tourist activity currently takes place;","408",NA
"τη χρονική διεύρυνση της τουριστικής δραστηριότητας, δηλαδή την άμβλυνση της εποχικότητας.","temporal expansion of tourist activity, i.e. the mitigation of seasonality.","408",NA
"Ο στόχος είναι για άμβλυνση της εποχικότητας - και όχι την εκμηδένισή της - αφού παγκοσμίως, και ιδιαίτερα στην Ευρώπη, οι τουριστικές ροές έχουν έντονη εποχικότητα που συνδέεται με το πιο δημοφιλές τουριστικό προϊόν, τον «Ήλιο και Θάλασσα» και την δυνατότητα των οικογενειών για διακοπές το καλοκαίρι.","The aim is to mitigate seasonality - and not to eliminate it - since worldwide, and particularly in Europe, tourist flows are highly seasonal, linked to the most popular tourist product, 'Sun and Sea', and the possibility for families to take a summer holiday;","408",NA
"την αύξηση της μέσης δαπάνης και της διάρκειας παραμονής ανά επισκέπτη.","to increase average expenditure and length of stay per visitor.","408",NA
"Με τον τρόπο αυτό η αύξηση των τουριστικών εσόδων στη χώρα δεν θα βασιστεί στην περαιτέρω αύξηση των ροών μόνο στο τρίτο τρίμηνο στις τουριστικά ανεπτυγμένες περιοχές.","In this way, the increase in tourism revenues in the country will not rely on further growth in flows only in the third quarter in tourist developed areas.","408",NA
"Στην σύγχρονη πραγματικότητα της κλιματικής αλλαγής, η περιβαλλοντική βιωσιμότητα όχι μόνο δεν έρχεται σε σύγκρουση με την επιχειρηματική απόδοση αλλά αποτελεί προϋπόθεση για την ανθεκτικότητα του τουριστικού προϊόντος και την διαχρονική μεγιστοποίηση των ωφελειών της χώρας και των επιχειρήσεων από τον τουρισμό: η ανθεκτικότητα του τουρισμού -και κάθε οικονομικής δραστηριότητας- περνάει μέσα από την προστασία, την διαχείριση και την ανάδειξη του περιβάλλοντος.","In the modern reality of climate change, environmental sustainability not only does not conflict with business performance but is a prerequisite for the resilience of the tourism product and the long-term maximisation of the benefits of tourism for the country and businesses: the resilience of tourism - and any economic activity - passes through the protection, management and enhancement of the environment.","501",NA
"Γ ια τον τουοισυό στην Ελλάδα, το πεοιΒάλλον αποτελεί Βασικό πόρο του τουριστικού προϊόντος και για το λόγο αυτό η διαμόρφωση ενός σαφούς και αποτελεσματικού χωροταξικού πλαισίου αποτελεί «εκ των ων ουκ άνευ» για την τουριστική ανάπτυξη προς όφελος τόσο των επενδυτών, όσο και του περιβάλλοντος.","For tourism in Greece, the environment is a key resource for the tourism product and therefore the development of a clear and effective spatial framework is essential for tourism development for the benefit of both investors and the environment.","416.2",NA
"Παράλληλα είναι αναγκαία η άμεση θεσμοθέτηση αποτελεσματικών Τοπικών και Ειδικών Πολεοδομικών Σχεδίων σε μέρη όπου υπάρχει πίεση.","At the same time, the immediate establishment of effective Local and Special Urban Plans is necessary in places where there is pressure.","411",NA
"Τα προαναφερθέντα σχέδια θα πρέπει να λαμβάνουν υπόψη τους τις διεθνείς τάσεις του τουρισμού και τις τοπικές ιδιομορφίες των περιοχών που θα εφαρμόζονται.","The aforementioned plans should take into account international tourism trends and the local specificities of the areas to be implemented.","404",NA
"Παράλληλα τα Περιφερειακά Χωρικά Σχέδια θα πρέπει να είναι συμβατά μεταξύ τους και να μην οδηγούν σε συγκρούσεις χρήσεων σε όμορες περιοχές, ιδιαίτερα όταν αυτές αποτελούν ενιαίους τουριστικούς προορισμούς που διατρέχουν δύο ή περισσότερες Περιφέρειες.","At the same time, the Regional Spatial Plans should be compatible with each other and should not lead to conflicts of use in adjacent areas, particularly where these are single tourist destinations that cross two or more Regions.","404",NA
"Η τουριστική δραστηριότητα χαρακτηρίζεται από υψηλό βαθμό κοινωνικής βιωσιμότητας αφού ο τουρισμός αποτελεί δραστηριότητα με μεγάλη διάχυση στις Περιφέρειες από πολλές μικρές - συνήθως οικογενειακές - επιχειρήσεις, επιτρέποντας στις οικογένειες αυτές να παραμείνουν στον τόπο τους.","Tourism activity is characterised by a high degree of social sustainability as tourism is an activity with a high diffusion in the Regions by many small - usually family - businesses, allowing these families to remain in their local area.","404",NA
"Στην παρούσα συγκυρία είναι ακόμα πιο προφανές πόσο σημαντικό είναι να διατηρηθούν και να ακμάσουν οι τοπικές κοινωνίες στα νησιά μας.","At the present time it is even more obvious how important it is to maintain and prosper local communities on our islands.","301",NA
"Η επίλυση του σύνθετου προβλήματος της έλλειψης εργαζομένων, που αποτελεί παγκόσμιο και όχι αποκλειστικά ελληνικό πρόβλημα, προϋποθέτει κατ’ αρχάς την επιμήκυνση της σεζόν ώστε οι εργαζόμενοι να έχουν απασχόληση για περισσότερους μήνες.","Solving the complex problem of the shortage of workers, which is a global and not exclusively Greek problem, requires first of all that the season be extended so that workers can be employed for more months.","701",NA
"Όπου, λόγω της φύσης του τουριστικού προϊόντος της περιοχής (πχ Ήλιος και Θάλασσα), αυτό δεν είναι εφικτό, θα πρέπει να αναζητηθούν λύσεις σε άλλες δραστηριότητες (πχ αγροτική παραγωγή, εκπαίδευση) που λαμβάνουν χώρα εκτός της τουριστικής σεζόν.","Where, due to the nature of the tourist product of the area (e.g. Sun and Sea), this is not feasible, solutions should be sought in other activities (e.g. agricultural production, education) that take place outside the tourist season.","404",NA
"Παράλληλα, είναι σημαντικό να αντιμετωπιστεί η διάθεση αξιοπρεπών καταλυμάτων για τους εργαζόμενους, η οποία ιδιαίτερα στους ακριβούς προορισμούς αποτελεί δυσεπίλυτο μεν αλλά ντροπιαστικό πρόβλημα.","At the same time, it is important to address the availability of decent accommodation for workers, which is an intractable but embarrassing problem, particularly in expensive destinations.","701",NA
"Κρίσιμες Παρεμβάσεις","Critical interventions","H",NA
"Η στρατηγική για τον τουρισμό απαιτεί Σύγχρονους Οργανισμούς Διαχείρισης και Προώθησης Προορισμού (Θθεΐίηθΐίοη Μ3η89θπΐθηΐ & ΜβιΊίθΐίηρ θΓ93ηΐζ3ίίοη - ΘΜΜΟ).","The tourism strategy calls for Modern Tourism Management and Promotion Organisations (Thetheiithiioi M3i89thpithii & MviIithiiir iG93iiz3iioi - ThMMO).","410",NA
"Απαιτείται η δημιουργία συνεργατικών συστάδων ανά τουριστικό και όχι αποκλειστικά διοικητικό προορισμό ως σύγχρονο εργαλείο διαχείρισης, οι οποίες θα αποτελούν ένα οΙυεΐθΓ όλων των δημιουργικών δυνάμεων των προορισμών τόσο στη λήψη των αποφάσεων όσο και στην υλοποίηση στρατηγικών.","The creation of cooperative clusters per tourist destination, not exclusively administrative, is required as a modern management tool, which will constitute a pool of all the creative forces of the destinations in both decision-making and strategy implementation.","410",NA
"Στη κατεύθυνση αυτή οι τουριστικοί προορισμοί πρέπει να αξιοποιήσουν τις προηγμένες τεχνολογίες και να ενισχυθούν στην προσπάθεια κατανόησης των προτιμήσεων των ταξιδιωτών για την ανάπτυξη αειφόρων τουριστικών προϊόντων.","In this direction, tourist destinations should make use of advanced technologies and be supported in their efforts to understand travellers' preferences in order to develop sustainable tourism products.","410",NA
"Αξιοποιώντας χρηματοδοτικά εργαλεία απαιτείται η δημιουργία σε κάθε προορισμό προηγμένων θίςμΐθΙ Ηυβε εξόρυξης πληροφορίας (ά3ΐ3 ηηΐηΐηςι), καταγραφής (ΓθροΓΐΐης), ανάλυσης ροών των επισκεπτών και αλληλεπίδρασης σε ελληνικούς προορισμούς.","Using financial tools, it is necessary to create advanced information extraction tools 
                   (e.g., geolocation, geofencing, geotagging) at each destination, as well as tools for recording (e.g., GPS, Wi-Fi, Bluetooth, mobile apps) 
                   and analyzing visitor flows and interactions at Greek destinations.","410",NA
"Η καινοτομία θα συνδυάζει προηγμένα προβλεπτικά μοντέλα με την αξιοποίηση αναλύσεων μεγα-δεδομένων (άΐς ά3ΐ3).","The innovation will combine advanced predictive models with the use of mega-data analyses (aiis a3ΐ3).","411",NA
"Ο Ψηφιακός Μετασχηματισμός του τουρισμού θα συμβάλλει σημαντικά και πολύπλευρα, καταρχήν στην προώθηση του τουριστικού προϊόντος, κάτι που είναι ιδιαίτερα σημαντικό για τις τουριστικές επιχειρήσεις δεδομένου ότι η ψηφιακή τεχνολογία έχει μεγάλη διείσδυση στο ηηβΓθΐίηρ και τις πωλήσεις των τουριστικών επιχειρήσεων, ενώ οι ψηφιακές εφαρμογές διευκολύνουν την ταξιδιωτική εμπειρία, κάτι που είναι πολύ σημαντικό για τις νεότερες γενιές.","The Digital Transformation of tourism will contribute significantly and in many ways, firstly to the promotion of the tourism product, which is particularly important for tourism businesses given that digital technology has a high penetration in the tourism business' sales and sales, while digital applications facilitate the travel experience, which is very important for younger generations.","411",NA
"Παράλληλα η αυτοματοποίηση διαδικασιών και λειτουργιών των επιχειρήσεων θα επιτρέψει την μείωση του κόστους αλλά και την ελκυστικότητα των τουριστικών επιχειρήσεων ως χώρους εργασίας για τις νεότερες γενιές, που είναι περισσότερο εξοικειωμένες με την ψηφιακή τεχνολογία.","At the same time, the automation of business processes and operations will allow for cost reduction and make tourism businesses more attractive as workplaces for younger generations, who are more familiar with digital technology.","411",NA
"Η υιοθέτηση νέων τεχνολογιών τεχνητής νοημοσύνης (Αγϊϊϊϊοϊ3Ι ΙηΐθΙΙΐςβηςθ, ΑΙ), επαυξημένης πραγματικότητας (Αυςιηηθηίθύ ΡθεΙΐΐγ, ΑΡ) και εικονικής πραγματικότητας (νίΓίυβΙ ΡθεΙΐΐγ, Ν/Ρί) θα συμβάλλει στην αυτοματοποίηση και στη βελτίωση της ταξιδιωτικής εμπειρίας, παρέχοντας ασφάλεια μέσω υγειονομικών ελέγχων, ελαχιστοποιώντας παράλληλα τις προσωπικές επαφές.","The adoption of new technologies such as artificial intelligence (AI), augmented reality (AI) and virtual reality (VR) will help to automate and improve the travel experience, providing security through health checks while minimising personal contact.","411",NA
"Μια βασική ψηφιακή υποδομή αποτελεί η δημιουργία ενός εθνικού ό3ΐ3ήυό, δηλαδή ενός αποθετηρίου δεδομένων βασισμένου σε τυποποιημένους μηχανισμούς και εργαλεία συλλογής δεδομένων με λονική οοή. οοατότητα και ασώάλεια των δεδουένων από την αοχή έως το τέλος.","A key digital infrastructure is the creation of a national o3ai3iion, i.e. a data repository based on standardised data collection mechanisms and tools, with a longitudinal o3ai3iion and data integrity from start to finish.","411",NA
"Το αποθετήριο αυτό θα επιτρέψει την ανάπτυξη μηχανισμών ενημέρωσης, συστηματικής πρόγνωσης και παρακολούθησης των μεταβολών του παραγωγικού περιβάλλοντος, και την υποστήριξη των δράσεων ανάπτυξης και προσαρμοστικότητας των επιχειρήσεων και των εργαζομένων.","This repository will allow the development of mechanisms for information, systematic forecasting and monitoring of changes in the productive environment, and support for development and adaptability actions by enterprises and workers.","411",NA
"Η Βραχυχρόνια Μίσθωση αποτελεί ήδη και στην Ελλάδα και παγκοσμίως βασικό συστατικό του τουριστικού προϊόντος.","Short-term hiring is already a key component of the tourism product in Greece and worldwide.","410",NA
"Γ ια το λόγο αυτό πρέπει να ενταχθεί στον τουριστικό σχεδίασμά (όπως πχ στη Σουηδία).","It should therefore be included in tourism planning (as in Sweden, for example).","404",NA
"Παράλληλα να αρθούν φορολογικά / διοικητικά πλεονεκτήματα που της δίνουν ανταγωνιστικό πλεονέκτημα έναντι των τουριστικών καταλυμάτων.","At the same time, tax/administrative advantages that give it a competitive advantage over tourist accommodation should be removed.","402",NA
"Η ένταξη της Βραχυχρόνιας Μίσθωσης στον τουριστικό σχεδίασμά μπορεί να συμβάλλει και στην περιβαλλοντική προστασία με δύο τρόπους: μειώνοντας την ανάγκη για πρόσθετες κατασκευές προκειμένου η προσφορά να ανταποκριθεί στην αυξανόμενη ζήτηση, ιδιαίτερα την εποχική, και αφετέρου θέτοντας υποχρεώσεις αναφορικά με τις περιβαλλοντικές επιπτώσεις των καταλυμάτων βραχυχρόνιας μίσθωσης στην εκτός σχεδίου δόμηση.","The inclusion of short-term rentals in tourism planning can also contribute to environmental protection in two ways: by reducing the need for additional construction in order to meet the growing demand, especially seasonal demand, and by imposing obligations regarding the environmental impact of short-term rentals on off-plan construction.","501",NA
"Λόγω του ότι ο τουρισμός δεν αποτελεί «κλάδο» από την πλευρά της προσφοράς αλλά μια οριζόντια δραστηριότητα που διαχέεται σε πάρα πολλούς κλάδους της οικονομίας, ο σχεδιασμός και η εφαρμογή μιας εθνικής στρατηγικής προϋποθέτει και απαιτεί τον κεντρικό συντονισμό των διαφόρων φορέων που εμπλέκονται στην παροχή της τουριστικής εμπειρίας, την συνεργασία και την σύμπραξη του δημοσίου με τον ιδιωτικό τομέα σε κεντρικό, περιφερειακό και τοπικό επίπεδο.","Given that tourism is not a supply-side 'sector' but a horizontal activity that is spread across many sectors of the economy, the design and implementation of a national strategy presupposes and requires the central coordination of the various actors involved in the provision of the tourism experience, the cooperation and partnership of the public and private sectors at central, regional and local levels.","410",NA
"Οι ανάγκες και δράσεις για την ανάπτυξη και αύξηση της ανταγωνιστικότητας του τουριστικού προϊόντος διαφοροποιούνται από περιοχή σε περιοχή.","The needs and actions to develop and increase the competitiveness of the tourism product vary from region to region.","410",NA
"Γ ια τον λόγο αυτό απαιτείται ευελιξία και αποφυγή γραφειοκρατικών εμποδίων, σε τοπικό επίπεδο.","For this reason, flexibility and avoidance of bureaucratic obstacles is required at local level.","303",NA
"Είναι σημαντικό να δοθούν επ’ αυτού διευρυμένες αρμοδιότητες σε επίπεδο Περιφερειών, ενώ το κεντρικό κράτος θα διατηρεί το προνόμιο και την ευθύνη των κατευθύνσεων και των ελέγχων, χωρίς να καθυστερεί ή ακυρώνει τις (σύννομες) τοπικές πρωτοβουλίες.","It is important to give the regions greater powers in this respect, while the central state retains the prerogative and responsibility for guidelines and controls, without delaying or cancelling (legitimate) local initiatives.","301",NA
"Η ανάπτυξη του τουρισμού, ιδιαίτερα στα νησιά και σε ορισμένους ορεινούς προορισμούς, συχνά υφίσταται κριτική περί «μονοκαΛΛίεργειας», οπΛαοη οτι ολπ η οικονομική οραοτηριοτητα της εκάστοτε περιοχής επικεντρώνεται στον τουρισμό.","Tourism development, particularly on islands and in certain mountain destinations, is often criticised for being 'monoculture', in the sense that the economic visibility of the region concerned is entirely focused on tourism.","408",NA
"Αν και πράγματι υπάρχει μονοκαλλιέργεια σε πολλές περιπτώσεις, αυτό δεν οφείλεται σε κάποιο οργανωμένο σχέδιο της πολιτείας και των τουριστικών 5ΐ8ΐ<θήοΙόθΓ5.","Although there is indeed monoculture in many cases, this is not due to an organised plan of the state and the tourist industry.","408",NA
"Αντίθετα ο τουρισμός έχει μόνο να ωφεληθεί από την ανάπτυξη και άλλων δραστηριοτήτων που θα καταστήσουν τους προορισμούς πιο σύνθετους κοινωνικά και πιο ενδιαφέροντες.","On the contrary, tourism can only benefit from the development of other activities that will make destinations more socially complex and interesting.","408",NA
"Γ ια να κατανοήσουμε όμως το φαινόμενο, θα πρέπει να αναγνωρίσουμε ότι, με την κατανομή εργασίας που υπάρχει στον σύγχρονο παγκοσμιοποιημένο κόσμο, είναι πολύ δύσκολο να δει κανείς τί άλλες δραστηριότητες μπορούν να αναπτυχθούν σε κάποιες περιοχές.","To understand this phenomenon, however, we must recognise that, with the distribution of labour in today's globalised world, it is very difficult to see what other activities can be developed in certain areas.","408",NA
"Η περίπτωση των ψηφιακών νομάδων (άίςμΐθΙ ηοηηθόδ) αποτελεί ίσως μια τέτοια ευκαιρία.","The case of the digital nomads (aismithi eoithod) is perhaps one such opportunity.","704",NA
"Ίσως όμως μεγαλύτερη ευκαιρία να αποτελεί η προσέλκυση μόνιμων κατοίκων από άλλα μέρη της Ελλάδας ή από το εξωτερικό που μπορούν να εργαστούν με τηλεργασία είτε ως ελεύθεροι επαγγελματίες είτε για λογαριασμό των επιχειρήσεών τους.","But perhaps a greater opportunity is the attraction of residents from other parts of Greece or from abroad who can work by telecommuting either as freelancers or on behalf of their companies.","701",NA
"Προς την κατεύθυνση αυτή, είναι ενδιαφέρον να διερευνηθεί η αναβίωση χωριών με αναστήλωση εγκαταλελειμμένων κατοικιών, οι οποίες θα διατεθούν σε ενδιαφερομένους έναντι συμβολικού τιμήματος, ενώ θα υπάρξουν συμφωνίες για την εκμετάλλευσή τους με τους ιδιοκτήτες, εφ' όσον αυτοί υφίστανται.","To this end, it would be interesting to explore the revival of villages by restoring abandoned houses, which would be made available to interested parties for a symbolic price, while agreements would be made with the owners to exploit them, if they exist.","410",NA
"Την αναστήλωση μπορούν να αναλάβουν κατασκευαστικές εταιρείες, υπό αυστηρές περιβαλλοντικές, ενεργειακές και αισθητικές προδιαγραφές, ενώ για την χρηματοδότηση θα μπορούν να διατεθούν πόροι από το Πρόγραμμα Ανάκαμψης και Ανθεκτικότητας","The restoration can be undertaken by construction companies, under strict environmental, energy and aesthetic standards, while resources from the Recovery and Resilience Programme can be made available for financing","410",NA
"Η υλοποίηση ενός τέτοιου σχεδίου προϋποθέτει συντονισμένες ενέργειες για την ανάπτυξη κρίσιμων υποδομών (πχ τηλεπικοινωνιών, υγείας, μεταφορών κλπ.) ενώ, από την άλλη πλευρά, θα δημιουργήσει οικονομική δραστηριότητα και εκτός της περιόδου της τουριστικής σεζόν και θα προσφέρει μια κοινωνική και ίσως και εθνική ποικιλομορφία που θα καταστήσει και το τουριστικό προϊόν πιο ενδιαφέρον, παράλληλα με την αναζωογόνηση της υπαίθρου.","The implementation of such a plan requires coordinated actions for the development of critical infrastructure (e.g. telecommunications, health, transport, etc.) while, on the other hand, it will create economic activity outside the tourist season and will offer a social and perhaps national diversity that will make the tourist product more interesting, along with the revitalization of the countryside.","410",NA
"Το ανθρώπινο κεφάλαιο (ήυηη8η 08ρΐΐ8ΐ) και τα ιδιαίτερα ποιοτικά του χαρακτηριστικά αποτελούν κρίσιμη παράμετρο επίτευξης αντανωνιστικού πλεονεκτήυατοο. τουοιστικήο ανάπτυξηο αλλά και ευημερίας.","Human capital (or human capital) and its specific qualitative characteristics are a crucial parameter for achieving an anti-national advantage.","701",NA
"Η δημιουργία ενός σύνθετου, επιμελημένου προϊόντος που θα αξιοποιεί την σύγχρονη ψηφιακή τεχνολογία προϋποθέτει εκπαιδευμένο ανθρώπινο δυναμικό και επιχειρηματίες ενώ και οποιαδήποτε μακροπρόθεσμη εθνική στρατηγική βιώσιμης τουριστικής ανάπτυξης πρέπει να είναι άμεσα συνδεδεμένη με την καλλιέργεια κουλτούρας αναγνώρισης - συνειδητοποίησης της ευρύτερης σημασίας του τουρισμού στην καθημερινότητα και στην πρόοδο της κοινωνίας.","The creation of a complex, curated product that makes use of modern digital technology requires trained human resources and entrepreneurs, while any long-term national strategy for sustainable tourism development must be directly linked to the cultivation of a culture of recognition and awareness of the wider significance of tourism in everyday life and in the progress of society.","408",NA
"Μόνο έτσι η τουριστική δραστηριότητα θα μπορέσει να προσανατολιστεί προς την ανάπτυξη ποιοτικής επιχειρηματικότητας,","Only in this way can tourism activity be oriented towards the development of quality entrepreneurship, the","402",NA
"την ενίσχυση της απασχόλησης, ιδιαίτερα των γυναικών και των νέων,","strengthening of employment, especially for women and young people, and","701",NA
"αλλά και την βιώσιμη και ανθεκτική τουριστική ανάπτυξη.","sustainable and resilient tourism development.","416.2",NA
"Οι κυβερνητικές αρχές, οι αρχές τοπικής αυτοδιοίκησης και οι επιχειρήσεις απαιτείται να προσαρμόσουν τη λειτουργία τους και να συνεργάζονται ώστε να προσφέρουν ολοκληρωμένες βιώσιμες εμπειρίες στους ταξιδιώτες, να προστατεύουν το μέλλον των προορισμών και φυσικά να σέβονται ένα πιο αυστηρό κανονιστικό πλαίσιο.","Government authorities, local authorities and businesses are required to adapt their operations and cooperate in order to offer integrated sustainable experiences to travellers, to protect the future of destinations and, of course, to respect a more stringent regulatory framework.","408",NA
"Μείωση του περιβαλλοντικού αποτυπώματος, καθαρές τεχνολογίες, βιώσιμες πρακτικές, ενίσχυση των τοπικών κοινοτήτων, προστασία του περιβάλλοντος, ανάπτυξη εναλλακτικών προορισμών, διαχείριση ροών συγκαταλέγονται στις προτεραιότητες όλων των εμπλεκομένων.","Reducing the environmental footprint, clean technologies, sustainable practices, empowering local communities, protecting the environment, developing alternative destinations, and managing flows are among the priorities of all stakeholders.","416.2",NA
"Η ανταγωνιστικότητα και η ανθεκτικότητά είναι στενά συνδεδεμένες έννοιες και βασικοί πυλώνες της βιωσιμότητας του ελληνικού τουρισμού.","Competitiveness and resilience are closely linked concepts and key pillars of the sustainability of Greek tourism.","408",NA
"Η ενίσχυσή τους είναι εξαιρετικά σημαντική για την παραγωγικότητα και τη φήμη του ελληνικού τουρισμού.","Their enhancement is extremely important for the productivity and reputation of Greek tourism.","408",NA
"Η βελτίωση στη διαχείριση των προορισμών μέσω αποτελεσματικών πολιτικών και διακυβέρνησης, με την αξιοποίηση της ψηφιοποίησης και με σεβασμό στη βιοποικιλότητα και την προστασία της φύσης, σε συνδυασμό με την καινοτομία και τη διαφοροποίηση των τουριστικών προϊόντων μπορεί να συμβάλλουν στην ανθεκτικότητά και την ανταγωνιστικότητα του τουρισμού.","Improved destination management through effective policies and governance, using digitalisation and respecting biodiversity and nature protection, combined with innovation and diversification of tourism products can contribute to the resilience and competitiveness of tourism.","416.2",NA
"Η στήριξη και προώθηση του τουρισμού που χαρακτηρίζεται από περιορισμένο περιβαλλοντικό αποτύπωμα θα οδηγήσουν σε ισχυρότερη και βιωσιμότερη τουριστική οικονομία.","Supporting and promoting tourism with a limited environmental footprint will lead to a stronger and more sustainable tourism economy.","416.2",NA
"ινεντρικες στρατηγικές κατευθύνσεις και αρόσεις","Central strategic directions and actions","H",NA
"4.1 ΥΠΟΔΟΜΕΣ","4.1 INFRASTRUCTURE","H",NA
"i. Αναβάθμιση ή κατασκευή νέων λιμενικών υποδομών και βελτίωση της διασυνδεσιμότητάς τους με οδικούς / σιδηροδρομικούς άξονες και αερολιμένες Π.","i. Upgrading or construction of new port infrastructure and improving their interconnectivity with road/railways and airports P.","411",NA
"ii. Βελτίωση / αναβάθμιση του διαπεριφερειακού και ενδοπεριφερειακού οδικού δικτύου ιΠ.","ii. Improvement/upgrading of the inter-regional and intra-regional road network i.e.","411",NA
"iii. Αναβάθμιση των μεθοριακών σταθμών","iii. Upgrading of border stations","411",NA
"iv. Ενίσχυση του προφίλ / επιπέδου φιλικότητας των προορισμών για άτομα με αναπηρία και μειωμένη κινητικότητα","iv. Enhancing the profile/level of friendliness of destinations for people with disabilities and reduced mobility","411",NA
"ν. Βελτίωση / ενίσχυση βασικών υποδομών των προορισμών (υγεία, ενέργεια, υδροδότηση, αποκομιδή αστικών απορριμμάτων, πολιτική προστασία)","n. Improvement/enhancement of key destination infrastructure (health, energy, water supply, urban waste collection, civil protection)","411",NA
"4.2 ΣΤΡΑΤΗΓΙΚΗ ΚΑΙ ΔΙΑΚΥΒΕΡΝΗΣΗ","4.2 STRATEGY AND GOVERNANCE","H",NA
"i. Ανάπτυξη Περιφερειακών Οργανισμών Διαχείρισης και Προώθησης Προορισμού (ΘΜΜΟ) για κάθε μία από τις 13 Περιφέρειες της Ελλάδας και εκπόνηση στρατηγικού σχεδιασμού αναφορικά με την τουριστική προβολή των Περιφερειών.","i. Development of Regional Tourism Management and Promotion Organizations (RTMOs) for each of the 13 regions of Greece and preparation of a strategic plan for the promotion of tourism in the regions.","410",NA
"ii. Χάραξη στρατηγικής για τον εμπλουτισμό και σύνδεση των κύριων και συμπληρωματικών προϊόντων του ελληνικού τουρισμού σε περιφερειακό επίπεδο ιΠ.","ii. Development of a strategy for the enrichment and linking of the main and complementary products of Greek tourism at regional level.","410",NA
"iii. Ανάπτυξη άιςμΐθ! ίηίο ροίηΐε στις βασικές πύλες εισόδου και σε κεντρικά σημεία τουριστικού ενδιαφέροντος","iii. Development of aismi! io flow at key gateways and central points of tourist interest","410",NA
"4.3 ΨΗΦΙΑΚΟΣ ΜΕΤΑΣΧΗΜΑΤΙΣΜΟΣ","4.3 DIGITAL TRANSFORMATION","H",NA
"i. Δημιουργία ενιαίων διαδικτυακών τουριστικών πυλών για τις 13 Περιφέρειες της Ελλάδας Π.","i. Creation of single online tourism portals for the 13 regions of Greece P.","411",NA
"ii. Ανάπτυξη ψηφιακών εφαρμογών στις τουριστικές επιχειρήσεις ιΠ.","ii. Development of digital applications in tourism businesses i.p.","411",NA
"iii. Ανάπτυξη έξυπνων εφαρμογών σε τουριστικούς πόλους της χώρας (Έξυπνοι Προορισμοί) ίν.","iii. Development of smart applications in the country's tourist poles (Smart Destinations) i.","411",NA
"iv. Δημιουργία μηχανισμού πληροφόρησης και κεντρικής πλατφόρμας ευφυούς τουρισμού (εθνικό Θ3ί3 Ηυό)","iv. Creation of an information mechanism and a central platform for intelligent tourism (national information platform)","411",NA
"4.4 ΠΡΟΣΤΑΣΙΑ ΠΕΡΙΒΑΛΛΟΝΤΟΣ- ΤΟΥΡΙΣΤΙΚΗΑΕΙΦΟΡΙΑ","4.4 ENVIRONMENTAL PROTECTION AND TOURISM","H",NA
"i. Ανάδειξη της Ελλάδας σε ένα ελκυστικό, βιώσιμο και αειφόρο προορισμό μέσω εστιασμένων χωρικών αναπλάσεων, ρύθμισης των ζωνών δόμησης, σχεδίων περιβαλλοντικής διαχείρισης, υπογειοποίησης καλωδίων δικτύων ενέργειας και τηλεπικοινωνιών, κλπ.","i. Promotion of Greece as an attractive, viable and sustainable destination through focused spatial redevelopment, regulation of building zones, environmental management plans, undergrounding of energy and telecommunication cables, etc.","416.2",NA
"ii. Βελτίωση ενεργειακού προφίλ της Ελλάδας και προώθηση δράσεων αξιοποίησης των ΑΠΕ και εξοικονόμησης ενεργειακών και υδάτινων πόρων","ii. Improvement of Greece's energy profile and promotion of actions to exploit renewable energy sources and save energy and water resources","416.2",NA
"iii. Διατήρηση, προστασία, προώθηση και ανάπτυξη της φυσικής & πολιτιστικής κληρονομιάς","iii. Conservation, protection, promotion and development of natural & cultural heritage","501",NA
"ίν. Στήριξη της βιώσιμης ανάπτυξης λαμβάνοντας υπόψη τη φέρουσα ικανότητα των τουριστικών πόλων του προορισμού και ενίσχυση των δυνατοτήτων καλύτερης διαχείρισης και ελέγχου των τουριστικών ροών","Supporting sustainable development taking into account the carrying capacity of the destination's tourism poles and enhancing the potential for better management and control of tourism flows","416.2",NA
"4.5 ΔΕΞΙΟΤΗΤΕΣ ΚΑΙ ΤΟΥΡΙΣΤΙΚΗ ΕΠΙΧΕΙΡΗΜΑΤΙΚΟΤΗΤΑ","4.5 SKILLS AND TOURISM ENTREPRENEURSHIP","H",NA
"i. Αναβάθμιση συστήματος εκπαίδευσης και κατάρτισης των επαγγελματιών του τουριστικού τομέα","i. Upgrading the education and training system for tourism professionals","411",NA
"ii. Ενίσχυση / υποστήριξη της επιχειρηματικότητας και της ίδρυσης καινοτόμων επιχειρήσεων στον τουρισμό.","ii. Strengthening/supporting entrepreneurship and the creation of innovative tourism enterprises.","402",NA
"4.6 ΠΟΛΙΤΙΣΤΙΚΟΣ & ΘΡΗΣΚΕΥΤΙΚΟΣ ΤΟΥΡΙΣΜΟΣ","4.6 CULTURAL & TOURISM RELIGIOUS TOURISM","H",NA
"i. Αναβάθμιση και βελτίωση βασικών πολιτιστικών υποδομών και συμπληρωματικών υποδομών μουσείων και μνημείων","i. Upgrading and improvement of basic cultural infrastructure and complementary infrastructure of museums and monuments","502",NA
"ii. Προώθηση και ανάδειξη πολιτιστικού, ιστορικού και θρησκευτικού αποθέματος ιΠ. iii.","ii. Promotion and enhancement of cultural, historical and religious heritage i. iii.","502",NA
"iii. Διασύνδεση του πολιτισμού με τα υπόλοιπα κύρια και συμπληρωματικά τουριστικά προϊόντα, σύνδεση πολιτιστικών διαδρομών με γαστρονομικές / γευσιγνωστικές εμπειρίες, δημιουργία ολοκληρωμένων, οργανωμένων και υψηλού επιπέδου δικτύου θεματικών διαδρομών ιστορικού και θρησκευτικού περιεχομένου","iii. Linking culture with other main and complementary tourism products, linking cultural itineraries with gastronomic / gourmet experiences, creating integrated, organised and high quality network of thematic itineraries of historical and religious content","502",NA
"iν. Δημιουργία σύγχρονης και εύχρηστης ολοκληρωμένης ψηφιακής πύλης Πολιτιστικού & Θρησκευτικού Τουρισμού","i. iii. Creation of a modern and easy-to-use integrated digital portal of cultural and cultural heritageReligious Tourism","502",NA
"ν. Αξιοποίηση ψηφιακών εργαλείων για την αναβάθμιση της προσφερόμενης εμπειρίας","n. Utilization of digital tools to enhance the offered experience","502",NA
"νi. Απρόσκοπτη πρόσβαση σε μουσεία, αρχαιολογικούς και πολιτιστικούς χώρους μέσω της εφαρμογής κοινού ψηφιακού εισιτηρίου και σύγχρονης και χρηστικής ηλεκτρονικής πλατφόρμας αγοράς ψηφιακού / φυσικού εισιτηρίου","ni. Seamless access to museums, archaeological and cultural sites through the implementation of a common digital ticket and a modern and usable online platform for digital/physical ticket purchase","502",NA
"νii. Βιώσιμη διαχείριση, προστασία και ανάδειξη της πολιτιστικής κληρονομιάς","nii. Sustainable management, protection and promotion of cultural heritage","502",NA
"4.7 ΝΑΥΤΙΚΟΣ ΤΟΥΡΙΣΜΟΣ/ΥΑΟΗΤΙΝΟ","4.7 NAUTICAL TOURISM/SEA TOURISM","H",NA
"i. Αναβάθμιση / επέκταση κατάλληλων υποδομών για ελλιμενισμό σκαφών αναψυχής.","i. Upgrading/expansion of suitable infrastructure for the mooring of yachts.","410",NA
"Η χώρα διαθέτει περισσότερες από 250 εν δυνάμει μαρίνες από τις οποίες, οι λογιζόμενες σήμερα ως υφιστάμενες ή μελλοντικές μαρίνες, δεν υπερβαίνουν τις 50.","The country has more than 250 potential marinas, of which, those currently counted as existing or future marinas, do not exceed 50.","410",NA
"ii. Στοχευμένη προώθηση, προβολή και ανάδειξη του γ3θήΐίη9 από την ανάπτυξη λειτουργικού δικτύου μαρινών, με σύγχρονες υποδομές.","ii. Targeted promotion, promotion and enhancement of g3thaii9 by developing a functional network of marinas, with modern infrastructure.","410",NA
"iii. Αξιοποίηση ψηφιακών εργαλείων και υπηρεσιών με Δημιουργία σύγχρονης και εύχρηστης ολοκληρωμένης ψηφιακής πύλης Ναυτικού Τουρισμού, εφαρμογή ψηφιακών τεχνολογιών για την βέλτιστη λειτουργία των τουριστικών λιμένων / μαρίνων,","iii. Utilization of digital tools and services with Creation of a modern and easy-to-use integrated digital portal for nautical tourism, application of digital technologies for the optimal operation of tourist ports / marinas,","410",NA
"4.8 ΣΥΝΕΔΡΙΑΚΟΣ ΤΟΥΡΙΣΜΟΣ","4.8 CONFERENCE TOURISM","H",NA
"i. Ανάπτυξη Μητροπολιτικού Συνεδριακού Κέντρου στον αστικό ιστό της Αθήνας με την αξιοποίηση του Κλειστού Γυμναστηρίου του Τ3θΚννοηάο","i. Development of a Metropolitan Conference Centre in the urban fabric of Athens by utilising the T3thKnoyao Indoor Gymnasium","410",NA
"ii. Ανάπλαση του Διεθνούς Εκθεσιακού & Συνεδριακού Κέντρου Θεσσαλονίκης","ii. Redevelopment of the International Exhibition & Convention Centre Thessaloniki International Exhibition and Conference Centre","410",NA
"iii. Δημιουργία συνεδριακού κέντρου άνω των 1.000 ατόμων στην δυτική πλευρά της Κρήτης","iii. Creation of a conference centre for more than 1,000 people on the west side of Crete","410",NA
"ίν. Αναβάθμιση, εκσυγχρονισμό και επέκταση των συνεδριακών χώρων του Ευρωπαϊκού Πολιτιστικού Κέντρου Δελφών","in. Upgrading, modernization and expansion of the conference facilities of the European Cultural Centre of Delphi","410",NA
"ν. Δημιουργία συνεδριακού κέντρου στην Θράκη.","n. Creation of a conference centre in Thrace.","410",NA
"4.9 ΑΓΡΟΤΟΥΡΙΣΜΟΣ","4.9 AGRI-TOURISM","H",NA
"i. Παροχή κινήτρων και χρηματοδοτικών κινήτρων και ενισχύσεων για την ανάπτυξη / επέκταση υποδομών ολοκληρωμένου αγροτουριστικού προϊόντος","i. Provision of incentives and financial incentives and support for the development/expansion of integrated agri-tourism infrastructure","410",NA
"ii. Βελτίωση επαρχιακού δικτύου για πρόσβαση σε πόλους Αγροτουρισμού.","ii. Improvement of the provincial network for access to agri-tourism poles.","410",NA
"iii. Οργάνωση αγροτουριστικού δικτύου σύμφωνα με τις διεθνείς βέλτιστες πρακτικές / πρότυπα του Αγροτουρισμού με ανάδειξη της βιοποικιλότητας, της πρωτογενούς παραγωγής, της λαογραφικής παράδοσης και του τρόπου ζωή των κατοίκων και διασύνδεση με τους παραδοσιακούς οικισμούς για την προσφορά υψηλού επιπέδου βιωματικών, εναλλακτικών και εξατομικευμένων εμπειριών","iii. Organisation of an agri-tourism network in accordance with international best practices/standards of agri-tourism, highlighting biodiversity, primary production, folklore tradition and the way of life of the inhabitants and interconnection with traditional settlements to offer high quality experiential, alternative and","410",NA
"ιν. ζλημιουργια σύγχρονης και εύχρηστης ΟΛΟΚΛηρωμενης ψηφιακης πύλης Αγροτουρισμού","i. creation of a modern and easy-to-use, fully functional and user-friendly digital agri-tourism portal","410",NA
"ν. Δημιουργία κανονιστικού και νομοθετικού πλαισίου αναφορικά με τη λειτουργία των αγροτουριστικών μονάδων:","personalisedEstablishment of a regulatory and legislative framework for the operation of agrotourism units:","410",NA
"νΐ. Εφαρμογή συστήματος πιστοποιήσεων για τη διασφάλιση της ποιότητας και της ασφάλειας των υποδομών και των εμπειριών Αγροτουρισμού","n. Implementation of a certification system to ensure the quality and safety of agri-tourism infrastructures and experiences","410",NA
"4.10 ΟΙΚΟΤΟΥΡΙΣΜΟΣ","4.10 ECOTOURISM","H",NA
"i. Ανάπτυξη εθνικού δικτύου ορειβατικών, περιπατητικών και ποδηλατικών διαδρομών με αναβάθμιση, καθαρισμό και ανακατασκευή υφιστάμενων και κατασκευή νέων μονοπατιών","i. Development of a national network of hiking, walking and cycling routes with upgrading, cleaning and reconstruction of existing and construction of new trails","410",NA
"ii. Δημιουργία ή / και αναβάθμιση υπαίθριων οικοτουριστικών υποδομών","ii. Creation and/or upgrading of outdoor ecotourism infrastructure","410",NA
"iii. Δημιουργία σύγχρονης και εύχρηστης ολοκληρωμένης ψηφιακής πύλης Οικοτουρισμού","iii. Creation of a modern and easy-to-use integrated digital ecotourism portal","410",NA
"ίν. Ρυθμιστικό πλαίσιο και σχέδιο δράσης για τη διασφάλιση της βιωσιμότητας των περιοχών οικοτουριστικού ενδιαφέροντος, ίδρυση εθνικών φορέων διαχείρισης για τις περιοχές ΝθίυΐΌ 2000, κατάρτιση σύγχρονων διαχειριστικών σχεδίων και μελετών, κλπ.","in. Regulatory framework and action plan to ensure the sustainability of sites of ecotourism interest, establishment of national management bodies for NthyiO 2000 sites, preparation of modern management plans and studies, etc.","410",NA
"ν. Κατάρτιση και εξειδίκευση εθνικής στρατηγικής και νομοθετικού πλαισίου","n. Preparation and refinement of a national strategy and legislative framework","410",NA
"νΐ. Εφαρμογή συστήματος πιστοποιήσεων για τη διασφάλιση της βιωσιμότητας, της ποιότητας και της ασφάλειας των οικοτουριστικών πόρων / υποδομών / εμπειριών / δραστηριοτήτων",". Implementation of a certification system to ensure the sustainability, quality and safety of ecotourism resources/infrastructure/experiences/activities","410",NA
"4.11 ΤΟΥΡΙΣΜΟΣ ΥΠΑΙΘΡΙΩΝ ΔΡΑΣΤΗΡΙΟΤΗΤΩΝ ΚΑΙ ΠΕΡΙΠΕΤΕΙΑΣ","4.11 OUTDOOR AND ADVENTURE TOURISM","H",NA
"i. Δημιουργία / αναβάθμιση υποδομών ναυταθλητικών δραστηριοτήτων σε λίμνες, ποτάμια και παραθαλάσσιους προορισμούς, δημιουργία δικτύων διαδρομών ορειβατικού σκι σε υφιστάμενες δασικές οδούς και ορειβατικά μονοπάτια, ιδιαίτερα σε ορεινά συγκροτήματα που δεν διαθέτουν χιονοδρομικά κέντρα καθώς και πλησίον ορεινών οικισμών.","i. Creation/upgrading of infrastructure for nautical activities in lakes, rivers and coastal destinations, creation of networks of mountain skiing routes on existing forest roads and mountain trails, particularly in mountain areas without ski resorts and near mountain settlements.","410",NA
"ii. Ανάπτυξη υποδομών και υπηρεσιών για ©χΐτθηηβ εροΓΐε, δημιουργία θαλάσσιων καταδυτικών πάρκωνΛ","ii. Development of infrastructure and services for ©hitheib eroge, creation of marine diving parksL","410",NA
"iii. Στρατηγική μελέτη σχετικά με τις ευκαιρίες για ανάπτυξη αλιευτικού τουρισμού στους παραθαλάσσιους προορισμούς","iii. Strategic study on opportunities for the development of fisheries tourism in coastal destinations","410",NA
"ίν. Δηυιουονία σύνχοονηο και εύχοηστηο ολοκληοωυένηο ιυηώιακήοπύλης Υπαίθριων Δραστηριοτήτων και Περιπέτειας","in. A harmonious and desirable integrated Outdoor and Adventure Park","410",NA
"ν. Προώθηση πιστοποιήσεων ποιότητας και ασφάλειας των επιχειρήσεων, των συλλόγων, των υποδομών και των επαγγελματιών","in the region of Nijmegen. Promote quality and safety certifications for businesses, clubs, infrastructures and professionals","410",NA
"4.12 ΓΑΣΤΡΟΝΟΜΙΚΟΣ ΤΟΥΡΙΣΜΟΣ","4.12 GASTRONOMIC TOURISM","H",NA
"i. Ανάπτυξη και βελτίωση υποδομών προώθησης τοπικής γαστρονομίας και προϊόντων (γαστρονομικά μουσεία, υποδομές οινο-τουρισμού σύμφωνα με διεθνή πρότυπα, επισκέψιμοι χώροι παραδοσιακής αγροτο-διατροφικής παραγωγής, κλπ.)","i. Development and improvement of infrastructure for the promotion of local gastronomy and products (gastronomic museums, wine tourism infrastructure in accordance with international standards, visited sites of traditional agri-food production, etc.)","410",NA
"ii. Καλλιέργεια γαστρονομικής ταυτότητας και ανάπτυξη ολοκληρωμένου και υψηλού επιπέδου εμπειριών (προβολή και ανάδειξη ενιαίας γαστρονομικής ταυτότητας / γαστρονομικού ΡΓ3ηό ανά προορισμό, κλπ.)","ii. Cultivation of gastronomic identity and development of integrated and high quality experiences (promotion and promotion of a single gastronomic identity / gastronomic RG3o per destination, etc.)","410",NA
"iii. Αξιοποίηση ψηφιακών εργαλείων και υπηρεσιών για ενίσχυση του Γαστρονομικού Τουρισμού, ολοκληρωμένη ψηφιακή πύλη Γαστρονομικού Τουρισμού.","iii. Utilization of digital tools and services to enhance Gastronomic Tourism, integrated digital portal for Gastronomic Tourism.","410",NA
"iv. Προώθηση της επέκταση των δικτύων διανομής τοπικών προϊόντων και των συνεργασιών προώθησης τοπικών πρώτων υλών και παρασκευών διαμέσου των τουριστικών επιχειρήσεων καταλύματος σίτισης, εστίασης και διασκέδασης για την προσφορά καταλόγων που να βασίζονται στο μέγιστο δυνατό σε τοπικές πρώτες ύλες και συνταγές και τυποποιημένων προϊόντων του προορισμού / της Περιφέρειας προς πώληση Ανάπτυξη I αναβάθμιση / αυστηροποίηση των σημάτων πιστοποίησης επιχειρήσεων (διασυνδεδεμένο με το γαστρονομικό όΓθηό κάθε προορισμού / Περιφέρειας και με πρόγραμμα προβολής και προώθησης των πιστοποιημένων επιχειρήσεων μέσω των Περιφερειακών DMMOs.","iv. Promote the expansion of local product distribution networks and partnerships for the promotion of local raw materials and preparations through the tourist accommodation, catering and entertainment businesses to offer catalogues based as much as possible on local raw materials and recipes and standardized products of the destination / Region for sale Development I upgrading / tightening of business certification marks (interconnected with the gastronomic oGnology of each destination / Region and with a promotional program","410",NA
"4.13 ΤΟΥΡΙΣΜΟΣ ΕΥΕΞΙΑΣ","4.13 WELLNESS TOURISM","H",NA
"i. Μελέτη και υιοθέτηση εθνικής στρατηγικής για την πλήρη αξιοποίηση / εκμετάλλευση και σύγχρονη αποτελεσματική διοίκηση και διαχείριση των ιαματικών πηγών","i. Study and adoption of a national strategy for the full utilization / exploitation and modern effective administration and management of thermal springs","410",NA
"ii. Στοχευμένη ανάπτυξη & προώθηση του Τουρισμού Ευεξίας μέσω Λ της διασύνδεσής του με τα υπόλοιπα τουριστικά προϊόντα / πόρους / εμπειρίες / δραστηριότητες του κάθε προορισμού.","ii. Targeted development & promotion of Wellness Tourism through L its interconnection with the other tourism products / resources / experiences / activities of each destination.","410",NA
"iii. Δημιουργία σύγχρονης και εύχρηστης ολοκληρωμένης ψηφιακής πύλης Ιαματικού Τουρισμού","iii. Creation of a modern and easy to use integrated digital portal of Thermal Tourism","410",NA
"iν. Εφαρμογή συστήματος πιστοποιήσεων για τη διασφάλιση της ποιότητας και της ασφάλειας των υποδομών και των εμπειριών του Τουρισμού Ευεξίας, προγράμματα ενίσχυσης και εκσυγχρονισμού των υποδομών των μονάδων με σκοπό τη μείωση της ενεργειακής κατανάλωσης και την ενεργειακή αυτονομία.","iν. Implementation of a certification system to ensure the quality and safety of the infrastructure and experiences of Wellness Tourism, programs to strengthen and modernize the infrastructure of the facilities in order to reduce energy consumption and energy autonomy.","410",NA
"6. O ΠΟΛΙΤΙΣΜΟΣ ΩΣ ΑΞΙΑ, ΕΘΝΙΚΟ ΑΠΟΘΕΜΑ ΚΑΙ ΠΗΓΗ ΑΝΑΠΤΥΞΗΣ","6. O CULTURE AS A VALUE, A NATIONAL ASSET AND A SOURCE OF DEVELOPMENT","H",NA
"Το Πα.Σο.Κ. τέσσερις δεκαετίες πριν, με τον ερχομό του στην εξουσία εφάρμοσε μια καινούργια πολιτιστική πολιτική, που είχε βάση στην Ευρωπαϊκή σοσιαλδημοκρατία, σε πλαίσιο αποδοχής, ίσων ευκαιριών και εξωστρέφειας, με στόχο την πολιτιστική διάχυση, την ενεργό συμμετοχή των πολιτών με όρους ισότητας, τη θεσμική ανανέωση της κρατικής πολιτικής και την ενδυνάμωση των δημιουργών.","Four decades ago, when it came to power, the Socialist Party implemented a new cultural policy, based on European social democracy, in a framework of acceptance, equal opportunities and extroversion, aimed at cultural diffusion, the active participation of citizens in conditions of equality, the institutional renewal of public policy and the empowerment of creators.","502",NA
"Πληθώρα θεσμών προήλθαν από την πολιτιστική πολιτική των κυβερνήσεων του Πα.Σο.Κ.που άλλαξαν το τοπίο των τεχνών και πυροδότησαν μια πολιτιστική έκρηξη, που έκτοτε δεν σταμάτησε ποτέ.","A plethora of institutions came out of the cultural policy of the PASOK governments that changed the arts landscape and triggered a cultural explosion that has never stopped since.","502",NA
"Τα Δημοτικά Περιφερειακά Θέατρα, το Κέντρο Κινηματογράφου, η θεσμική ανανέωση των κρατικών θεάτρων, η παγίωση των πολιτιστικών επιχορηγήσεων, ο ευρωπαϊκός θεσμός της πολιτιστικής πρωτεύουσας, οι νόμοι για τον κινηματογράφο, τα συγγενικά και πνευματικά δικαιώματα, οι τιμητικές συντάξεις των καλλιτεχνών, η αύξηση των δημοτικών θεάτρων, ο σχεδιασμός για το νέο μουσείο σύγχρονης τέχνης στην Αθήνα και τη Θεσσαλονίκη, ο εμπλουτισμός των μουσείων, οι ενοποιήσεις αρχαιολογικών χώρων και τα αρχαιολογικά πάρκα, το νέο Μουσείο Ακροπόλεως και φυσικά η μεγάλη προσπάθεια για τον επαναπατρισμό των γλυπτών του Παρθενώνα, είναι μερικά μόνο κεφάλαια από την πολιτιστική πολιτική του Πα.Σο.Κ., στην οποία βασίστηκαν όλες ανεξαιρέτως οι κυβερνήσεις έκτοτε, χωρίς καμία όμως να προσθέσει ή να ανανεώσει ριζικά μια νέα μεταρρύθμιση.","The Municipal Regional Theatres, the Film Centre, the institutional renewal of the state theatres, the consolidation of cultural subsidies, the European institution of the cultural capital, the laws on cinema, related rights and copyright, artists' honorary pensions, the increase in the number of municipal theatres, the planning for the new museum of contemporary art in Athens and Thessaloniki, the enrichment of museums, the consolidation of archaeological sites and archaeological parks, the new Acropolis Museum and of course the great effort for the repatriation of the Parthenon sculptures, are just a few chapters of the cultural policy of Pa.SoK, on which all governments since then have been based, without any of them adding or radically renewing a new reform.","502",NA
"Σηματοδοτημένη από την Μελίνα Μερκούρη, η πολιτιστική μας πολιτική έβαζε πάντα στο επίκεντρο τον καλλιτέχνη/δημιουργό, την αξία της πολιτιστικής μας κληρονομιάς και την συμμετοχή των πολιτών, ως αναπόσπαστο τρίπτυχο της δημοκρατίας.","Marked by Melina Mercouri, our cultural policy has always focused on the artist/creator, the value of our cultural heritage and citizen participation as an integral triptych of democracy.","501",NA
"Ο πολιτισμός για εμάς είναι δημόσιο, συλλογικό, αγαθό που πραγματώνεται σε συνθήκες ελευθερίας, διαλόγου, αποδοχής, σεβασμού και ανθρωπιάς.","For us, culture is a public, collective, good that is realised in conditions of freedom, dialogue, acceptance, respect and humanity.","502",NA
"Αποτελεί στοιχείο της εθνικής μας ταυτότητας, διαχρονικό χαρακτηριστικό του Ελληνισμού ανά τους αιώνες, πρωταρχικό στοιχείο ελευθερίας, έκφρασης, αυτοπροσδιορισμού, επικοινωνίας, διαπαιδαγώγησης.","It is an element of our national identity, a timeless characteristic of Hellenism throughout the centuries, a primary element of freedom, expression, self-determination, communication and education.","502",NA
"Ένα πλαίσιο ενότητας, σύμπνοιας και συνεργασίας.","A framework of unity, harmony and cooperation.","502",NA
"Ο Πολιτισμός μπορεί να αποτελέσει μεγάλη αναπτυξιακή δύναμη της χώρας μας, ένα ισχυρό συγκριτικό πλεονέκτημα για τη βιώσιμη ανάπτυξη.","Culture can be a great development force of our country, a strong comparative advantage for sustainable development.","502",NA
"Οι πολιτιστικές δράσεις ενισχύουν την κοινωνική συνοχή, βελτιώνουν την ποιότητα της ζωής και συμβάλλουν στην αυτογνωσία και τη συναδέλφωση.","Cultural actions strengthen social cohesion, improve the quality of life and contribute to self-awareness and fraternity.","502",NA
"Η στήριξη των δημιουργών, της πολιτιστικής κληρονομιάς και η σύνδεσή τους με τις τοπικές κοινωνίες, μπορούν να πυροδοτήσουν μια καινούργια, μοναδική και απόλυτα ελληνική ανάπτυξη, που δε θα χάνει ποτέ το συγκριτικό της πλεονέκτημα.","Supporting creators, cultural heritage and connecting them with local communities can trigger a new, unique and totally Greek development that will never lose its comparative advantage.","502",NA
"Οι αξίες μας: ισότητα, ανθρωπιά, αποδοχή.","Our values: equality, humanity, acceptance.","503",NA
"Με βάση τα παραπάνω, αυτοί είναι οι βασικοί μας άξονες για τον πολιτισμό, όχι μόνο για την επόμενη τετραετία, αλλά ως σημείο αναφοράς στην πολιτιστική πολιτική της πατρίδας μας:","Based on the above, these are our main axes for culture, not only for the next four years, but as a reference point in the cultural policy of our country:","502",NA
"ΠΑΡΑΣΤΑΤΙΚΕΣ ΤΕΧΝΕΣ ΘΕΑΤΡΟ/ΧΟΡΟΣ:","PERFORMING ARTS THEATRE/DANCE:","H",NA
"Με το ξέσπασμα της πανδημίας του οονίά-19 οι παραστατικές τέχνες παγκοσμίως υπέστησαν πρωτόγνωρο πλήγμα, καθώς σχεδόν αυτομάτως η διεξαγωγή κάθε λογής παραστάσεων απαγορεύτηκε.","With the outbreak of the oni-19 pandemic, the performing arts worldwide suffered an unprecedented blow, as almost immediately the staging of all kinds of performances was banned.","502",NA
"Η πανδημία ανέδειξε το σύνολο των παθογενειών που ταλαιπωρούν τους καλλιτέχνες των παραστατικών τεχνών και το σύνολο των συντελεστών και τεχνικών που εργάζονται σε αυτές.","The pandemic highlighted all the pathologies afflicting performing artists and all the actors and technicians working in the performing arts.","502",NA
"Εδώ και τουλάχιστον μία δεκαετία, τα καλλιτεχνικά επαγγέλματα βρέθηκαν αντιμέτωπα με την πολιτική αδιαφορία των κυβερνήσεων, με αποτέλεσμα εργασιακά κεκτημένα να καταργηθούν και οι εργαζόμενοι στις παραστατικές τέχνες να αφεθούν στην απόλυτη αβεβαιότητα.","For at least a decade, the artistic professions have been confronted with the political indifference of governments, with the result that labour rights have been abolished and performing arts workers have been left in total uncertainty.","502",NA
"Η αδιαφορία αυτή άφησε πίσω της ένα χαοτικό τοπίο ωρομίσθιων και ανασφάλιστων εργαζομένων, που δημιουργούσαν σε κακές έως στοιχειώδεις εργασιακές συνθήκες, με σπουδές αδιαβάθμητες, εργαζόμενοι ενός κατώτερου θεού.","This indifference left behind a chaotic landscape of hourly and uninsured workers, creating poor to rudimentary working conditions, with ungraded studies, working for a lesser god.","502",NA
"Η δημοσιοποίηση πολλών περιπτώσεων κακοποιητικής συμπεριφοράς από λογής “υπεύθυνους"", πρωταγωνιστές, σκηνοθέτες και θιασάρχες, έκανε επιτακτική την ανάγκη διαμόρφωσης μιας συνολικής μεταρρύθμισης του θεατρικού τοπίου.","The public disclosure of many cases of abusive behaviour by a variety of ""responsible"" actors, directors and thespians made it imperative to formulate a comprehensive reform of the theatrical landscape.","502",NA
"Για το λόγο αυτό διαμορφώνουμε μια αξιακή βάση προτάσεων, που θα στηρίζονται:","For this reason, we formulate a value-based set of proposals, based on:","502",NA
"1. στο άριστο εργασιακό περιβάλλον, με σεβασμό προς όλους τους εργαζόμενους-ες.","1. an excellent working environment, with respect for all employees.","502",NA
"2. Στην κατοχύρωση της δημιουργικής εργασίας.","2. The safeguarding of creative work.","502",NA
"3. Στην αναβάθμιση των καλλιτεχνικών σπουδών.","3. The upgrading of artistic studies.","502",NA
"4. Στη στήριξη των νέων καλλιτεχνών.","4. Support for young artists.","502",NA
"Και προτείνουμε:","And we propose:","502",NA
"1. Υπογραφή συλλογικών συμβάσεων ανάμεσα στις ενώσεις εργοδοτών και καλλιτεχνών/τεχνικών.","1. Signing of collective agreements between employers' and artists'/artists' associations.","502",NA
"2. Ένταξη των καλλιτεχνικών επαγγελμάτων στο καθεστώς πλήρους ασφάλισης.","2. Inclusion of the artistic professions in the full insurance scheme.","502",NA
"Να απαγορευτεί η ωρομίσθια απασχόληση των καλλιτεχνών.","Ban the hourly employment of artists.","502",NA
"Ορθολογικοποίηση των ασφαλιστικών εισφορών των καλλιτεχνών ώστε να μην χάνουν ένσημα από πολλαπλή απασχόληση.","Rationalise the insurance contributions of artists so that they do not lose credits from multiple employment.","502",NA
"Να θεσπιστεί το επίδομα καλλιτέχνη και η βασική σύνταξη που να συνυπολογίζει το έργο.","Introduce an artist's allowance and a basic pension that takes account of the work.","502",NA
"Θα θεσπιστούν πρόσθετες κοινωνικές παροχές για τις μητέρες ηθοποιούς/χορεύτριες και να θεσπιστεί ειδική άδεια μητρότηταςμε αποζημίωση λόγω αναγκαστικής απομάκρυνσης από την εργασία.","Additional social benefits for mothers of actors/dancers will be introduced and special maternity leave with compensation for forced absence from work will be introduced.","502",NA
"3. Αναβάθμιση καλλιτεχνικών σπουδών σε ανώτατο επίπεδο με την ίδρυση δύο ανώτατων σχολών παραστατικών τεχνών σε Αθήνα Θεσσαλονίκη.","3. Upgrading of artistic studies at the highest level by establishing two higher schools of performing arts in Athens and Thessaloniki.","502",NA
"4. Αναβάθμιση προγραμμάτων σπουδών και πιστοποιήσεις όλων των ιδιωτικών σχολών παραστατικών τεχνών.","4. Upgrading of curricula and certification of all private performing arts schools.","502",NA
"5. Αναμόρφωση του πλαισίου λειτουργίας των Δημοτικών Περιφερειακών Θεάτρων - Δη.Πε.Θε. Αναβάθμισή τους σε Περιφερειακά, με σταθερή χρηματοδότηση από Περιφέρεια-ΥΠΠΟΑ και Δήμους.","5. Reform of the operating framework of the Municipal Regional Theatres - Dem. Upgrading them to Regional Theatres, with stable funding from the Region and the Municipalities.","502",NA
"Αύξηση χρηματοδότησης και ενεργοποίησή τους στο ακέραιο.","Increase funding and activate them in full.","502",NA
"Αναμόρφωση χάρτη ΔηΠεΘε.","Reform of the Public Theatre Charter.","502",NA
"Κίνητρα απασχόλησης σε αυτά νέων καλλιτεχνών.","Incentives to employ young artists in them.","502",NA
"6. Επιλογή καλλιτεχνικών διευθυντών στους εποπτευόμενους από το δημόσιο οργανισμούς, μέσα από ανοιχτές διαδικασίες, με σαφή κριτήρια επιλογής, αιτιολογημένες αποφάσεις και επιτροπές στελεχωμένες τόσο από μέλη εγνωσμένου κύρους, όσο και θεσμικούς παράγοντες του ΥΠΠΟΑ.","6. Selection of artistic directors in publicly supervised organisations, through open procedures, with clear selection criteria, reasoned decisions and committees staffed by both members of renowned prestige and institutional factors of the Ministry of Culture and Tourism.","502",NA
"Αναμόρφωση πλαισίου επιλογής καλλιτεχνικών διευθυντών σε Εθνικό Θέατρο &ΚΘΒΕ και αναβάθμιση διοίκησης σε συλλογικό σχήμα.","Reform of the framework for the selection of artistic directors at the National Theatre & KTHBE and upgrading of the administration to a collective scheme.","502",NA
"7. Νέο πλαίσιο επιχορηγήσεων, με σαφή διαχωρισμό καθιερωμένων θεάτρων και νέων θιάσων/ομάδων, συγκεκριμένες κλίμακες χρηματοδότησης και όχι με κυμαινόμενα κατά το δοκούν ποσά, με σαφή αναπτυξιακά κριτήρια, τόσο καλλιτεχνικά όσο και σε επίπεδο θέσεων εργασίας.","7. New framework for grants, with a clear separation of established theatres and new theatres/groups, specific funding scales rather than fluctuating amounts, with clear development criteria, both artistically and in terms of jobs.","502",NA
"Με σαφείς κατευθύνσεις προς τη στήριξη του ελληνικού θεατρικού έργου.","With clear guidelines for the support of Greek theatre work.","502",NA
"Τέλος, με απολογισμό και έλεγχο της χρήσης του δημόσιου χρήματος.","Finally, with an account and control of the use of public money.","502",NA
"8. Αναμόρφωση χορηγικού νόμου, ώστε να υπάρξουν πραγματικά κίνητρα ενίσχυσης των παραστατικών τεχνών.","8. Reform of the sponsorship law so that there are real incentives to support the performing arts.","502",NA
"Σήμερα οι χορηγίες κατευθύνονται κατά προτεραιότητα σε εμβληματικούς μεγάλους καλλιτεχνικούς οργανισμούς, ενώ οι μικρότερες καλλιτεχνικές εταιρείες και ομάδες μένουν εκτός χορηγιών, πρακτική απόλυτα αντίθετη με ό,τι ισχύει στην Ευρωπαϊκή Ένωση.","Currently, sponsorships are given priority to emblematic large artistic organisations, while smaller artistic companies and groups are left out of sponsorship, a practice that is completely contrary to what is in force in the European Union.","502",NA
"9. Ίδρυση οργανισμού υποστήριξης εξαγωγής των ελληνικών παραστάσεων εκτός συνόρων.","9. Establishment of an organisation to support the export of Greek performances abroad.","502",NA
"Υποστήριξη της πολιτιστικής κινητικότητας με χρηματοδοτικά προγράμματα, επιβράβευση συνεργιών και συμμετοχή σε φεστιβάλ του εξωτερικού αλλά και στην Ελληνική ομογένεια.","Support cultural mobility through funding programmes, rewarding synergies and participation in festivals abroad and in the Greek diaspora.","502",NA
"10. Αξιοποίηση των ψηφιακών τεχνολογιών:","10. Utilization of digital technologies:","502",NA
"Η αξιοποίηση των ψηφιακών τεχνολογιών μπορεί να επεκτείνει το κοινό του θεάτρου, προσφέροντας ΙϊνθδΐΓθθπιϊης των παραστάσεων, διαδραστικές εφαρμογές, εικονικές περιηγήσεις στα θέατρα και άλλες ψηφιακές εμπειρίες που μπορούν να φέρουν το θέατρο πιο κοντά στο ευρύτερο κοινό και να το καθιστούν πιο προσβάσιμο σε όλους.","The use of digital technologies can expand the theatre's audience by offering I ndhiGiGhthpiGi of performances, interactive applications, virtual tours of theatres and other digital experiences that can bring theatre closer to the wider public and make it more accessible to all.","502",NA
"11. Στήριξη της επαγγελματικής ανάπτυξης των θεατρικών επιχειρηματιών: Με την παροχή προγραμμάτων κατάρτισης, επαγγελματικού συμβουλευτικού και οικονομικής στήριξης, μπορούμε να βοηθήσουμε τους θεατρικούς επαγγελματίες να αναπτύξουν τις δεξιότητάς τους, να βελτιώσουν την παραγωγικότητατους και να επιτύχουν βιώσιμη ανάπτυξη.","11. Supporting the professional development of theatre entrepreneurs: By providing training programmes, professional mentoring and financial support, we can help theatre professionals develop their skills, improve their productivity and achieve sustainable growth.","502",NA
"Πλαίσιο συμβουλευτικών υπηρεσιών για τον τρόπο διοίκησης, το μάρκετινγκ και τον επαγγελματικό προσανατολισμό των θεατρικών επιχειρηματιών.","A framework of advisory services on management, marketing and career guidance for theatre entrepreneurs.","502",NA
"12. Κατάργηση του τέλους επιτηδεύματος των καλλιτεχνικών ΑΜΚΕ.","12. Abolition of the business tax for artistic SMEs.","502",NA
"Μείωσητης φορολόγησής τους από το 22% στο 15%.","Reduce their taxation from 22% to 15%.","502",NA
"13. Ενίσχυση της θεατρικής παιδείας:","13. Strengthening theatre education:","502",NA
"Με την επαν-ενσωμάτωσή σε όλες τις βαθμίδες εκπαίδευσης, για την την καλλιέργεια της θεατρικής τέχνης και αγωγήςτων νέων.","Re-integration in all levels of education, for the cultivation of theatrical art and education of young people.","502",NA
"ΧΟΡΟΣ (ειδικότερα)","Dance (in particular).","H",NA
"1. Άμεση έναρξη διαβούλευσης με τη χορευτική κοινότητα για τα χρονίζοντα προβλήματα του κλάδου των εργαζομένων στο χορό.","1. Immediate initiation of consultation with the dance community on the chronic problems of the dance workers' sector.","502",NA
"2. Σταθερή και αυξημένη χρηματοδότηση για την καλλιτεχνική παραγωγή του σύγχρονου χορού ώστε να δημιουργηθούν θέσεις εργασίας, να καλλιεργήσουμε το κοινό και να δωθεί η ευκαιρία στην τέχνη του χορού να υπάρξει και να εξελιχθεί με όρους αξιοπρέπειας.","2. Steady and increased funding for the artistic production of contemporary dance to create jobs, cultivate audiences and give the art of dance the opportunity to exist and develop in dignity.","502",NA
"3. Σταθερή παρουσία-ποσόστωση παραγωγών χορού στις σκηνές των κρατικά εποπτευόμενων φορέων (Εθνικό, ΚΟΒΕ, Μέγαρο Μουσικής, Δη.Πε.Θε.).","3. Constant presence and posting of dance productions on the stages of state-supervised institutions (National Opera, CBC, Concert Hall, Concert Hall, State Opera).","502",NA
"Επιπρόσθετη χρηματοδότησή τους για την υλοποίηση χορευτικών παραγωγών.","Additional funding for the realization of dance productions.","502",NA
"4. Ίδρυση πανεπιστημιακής Σχολής χορού.","4. Establishment of a university school of dance.","502",NA
"ΚΙΝΗΜΑΤΟΓΡΑΦΟΣ","CINEMA","H",NA
"Το Ελληνικό Κέντρο Κινηματογράφου να μετονομαστεί σε Ελληνικό Κέντρο Κινηματογράφου και Οπτικοακουστικών Τεχνών και να στηριχτεί γενναία οικονομικά ώστε να πάρει το ρόλο που του αρμόζει μέσα στα πλαίσια της 4ης βιομηχανικής επανάστασης: αυτόν της καλλιέργειας και ανάδειξης νέων μορφών κινηματογραφικής και οπτικοακουστικης τέχνης, της οικονομικής τους στήριξης και της παγκόσμιας (εμπορικής και φεστιβαλικής) διακίνησης τους.","The Hellenic Film Centre to be renamed the Hellenic Centre for Cinema and Audiovisual Arts and to be generously supported financially in order to take on its proper role in the context of the 4th industrial revolution: that of cultivating and promoting new forms of cinematographic and audiovisual art, of supporting them financially and of distributing them worldwide (commercially and at festivals).","502",NA
"Το Εθνικό Κέντρο Οπτικοακουστικών Μέσων και Επικοινωνίας θα μεριμνά για την άνθιση της οπτικοακουστικής βιομηχανίας (μέσω του 035ή γθΡ3ϊθ για ξένες παραγωγές στην Ελλάδα.","The National Centre for Audiovisual Media and Communication will ensure the flourishing of the audiovisual industry (through the 035or gthP3ith for foreign productions in Greece.","502",NA
"Η δημιουργία μιας ταινίας/οπτικοακουστικού έργου να είναι έργο του Ελληνικού Κέντρου Κινηματογράφου και Οπτικοακουστικών Τεχνών (ΕΚΚΟΤ).","The creation of a film/ audiovisual work to be the work of the Hellenic Centre for Cinema and Audiovisual Arts (EKKOT).","502",NA
"Περιπτώσεις αλληλοεπικάλυψης των δύο φορέων να περισταλούν.","Instances of overlap between the two bodies should be avoided.","502",NA
"Εκπαιδευτικές δραστηριότητες να εκτελούνται απο το ΕΚΚΟΤ, τα ΐϊίπι οίίίοθδ να τα αναλάβει εξ ολοκλήρου το ΕΚΟΜΕ, το οποίο θα εκτελεί επίσης την ψηφιοποίηση των ελληνικών ταινιών.","Educational activities to be carried out by EKOTO, the educational activities to be carried out entirely by EKOME, which will also carry out the digitisation of Greek films.","502",NA
"Το ΕΚΚΟΤ θα προχωρήσει στην δημιουργία ενός αυτόματου ροίηΐ δγδΐθΐη για τη χρηματοδότηση παραγωγών με ποιοτικά και εμπορικά κριτήρια (συμμετοχή του παραγωγού σε φεστιβάλ, αριθμός εισιτηρίων στις αίθουσες, μεταδόσεις από τηλεοπτικά δίκτυα και συμπερίληψη σε πλατφόρμες δΐΓθαπιίης).","EKOTO will proceed with the creation of an automatic flow for financing productions on the basis of qualitative and commercial criteria (producer's participation in festivals, number of tickets in theatres, broadcasts by TV networks and inclusion in DIGIPI platforms).","502",NA
"Η χρηματοδότηση γραφής η επανεγγραφής σεναρίων θα γίνεται μετά από γνωμοδότηση 7μελους επιτροπής που θα ορίζει ο Πρόεδρος του ΕΚΚΟΤ για ένα χρόνο.","Funding for the writing or rewriting of scripts will be granted following the opinion of a 7-member committee appointed by the President of EKOT for a period of one year.","502",NA
"Διανομή ελληνικού έργου","Distribution of Greek work","H",NA
"Πλατφόρμα Ελληνικών Ταινιών","Greek Film Platform","H",NA
"Με πρωτοβουλία του ΕΚΚΟΤ δημιουργείται διεθνής εμπορική πλατφόρμα για θέαση όλων των έργων τα οποία το ΕΚΚΟΤ (συμ)παράγει ή υποστηρίζει.","EKKOT's initiative is to create an international commercial platform for the viewing of all works that EKKOT (co-)produces or supports.","502",NA
"Ειδικές τιμές συνδρομών για πανεπιστήμια και σχολεία.","Special subscription rates for universities and schools.","502",NA
"Δίκτυα δημόσιων προβολών Ελληνικών Έργων","Networks of public screenings of Greek projects","H",NA
"Οικονομική ενίσχυση δημοτικών ή πανεπιστημιακών λεσχών, τοπικών κινηματογραφικών φεστιβάλ.","Financial support to municipal or university clubs, local film festivals.","502",NA
"Επιδότηση αιθουσών που προβάλουν ελληνικές και ξένες ταινίες και εκτός του συστημικού κυκλώματος διανομής (όπως αίθουσες τέχνης.","Subsidies for theatres screening Greek and foreign films outside the systemic distribution circuit (such as art galleries.","502",NA
"κινηματογραφική Παιδεία","film education","H",NA
"Η κινηματογραφική/οπτικοακουστική εκπαίδευση να εφαρμοστεί ως καλλιτεχνική εκπαίδευση σε όλες τις βαθμίδες.","Film/audiovisual education to be implemented as art education at all levels.","502",NA
"Να διοργανωθούν προγράμματα από ΕΚΚΟΤ σε συνεργασία με Υπουργείο Παιδείας που θα επιμορφώνουν εκπαιδευτικούς άλλων ειδικοτήτων στις οπτικοακουστικές τέχνες τόσο σε επίπεδο χρήσης τους στην εκπαιδευτική διαδικασία όσο και σε επίπεδο παραγωγής μικρών ταινιών.","Programmes should be organised by EKOT in cooperation with the Ministry of Education to train teachers of other disciplines in the audiovisual arts both in terms of their use in the educational process and in terms of the production of short films.","502",NA
"Δημιουργία μαθητικών κινηματογραφικών ομάδων μέσα στα σχολεία.","Creation of student film groups within schools.","502",NA
"Ενίσχυση και δημιουργία προγραμμάτων διαρκούς επιμόρφωσης καλλιτεχνών του οπτικοακουστικού σε συνεργασία με επίσημους φορείς και τα σχετιζόμενα πανεπιστημιακά ιδρύματα.","Strengthening and creating continuing training programmes for audiovisual artists in cooperation with official bodies and the relevant university institutions.","502",NA
"Κινηματογραφικά Φεστιβάλ","Film festivals","H",NA
"Γ ια τον ορισμό Διευθυντικών Στελεχών των Κινηματογραφικών Φεστιβάλ: Διαγωνισμός με βασικό κριτήριο του υποψήφιου το επαγγελματικό έργο και τις σπουδές στο αντικείμενο.","To appoint directors of film festivals: A competition based on the candidate's professional work and studies in the field.","502",NA
"Ο ρόλος των Φεστιβάλ Κινηματογράφου Θεσσαλονίκης και Δράμας να ενισχυθεί αφενός ως κέντρο ρϊΐοήϊης αφετέρου ως αγορά για την προώθηση της διανομής ελληνικών ταινιών στο εξωτερικό (αίθουσες, πλατφόρμες κλπ.)","The role of the Thessaloniki and Drama Film Festivals should be strengthened as a centre for the distribution of Greek films abroad (cinemas, platforms, etc.)","502",NA
"1,5% για τον κινηματογράφο","1,5% for cinema","H",NA
"Να εκτελεστούν οι υποχρεώσεις ως προς την παραγωγή ελληνικών ταινιώντηλεπικοινωνιακώνπαρόχωνδΐΓθθπιϊης και ελεύθερων ή συνδρομητικών τηλεοπτικών σταθμών βάσει της διάθεσης του 1,5% του κύκλου εργασιών τους.","To fulfil the obligations regarding the production of Greek films by telecommunications providers and free or pay TV stations on the basis of the allocation of 1,5 % of their turnover.","502",NA
"Οι πάροχοι/σταθμοί που δεν προχωρούν οι ίδιοι σε παραγωγή να καταβάλουν το αντίστοιχο ποσό στο ΕΚΚΟΤ.","Providers/stations that do not produce themselves must pay the corresponding amount to EKOTT.","502",NA
"ΠΟΛΙΤΙΣΤΙΚΗ ΚΛΗΡΟΝΟΜΙΑ","CULTURAL HERITAGE","H",NA
"Η πολιτιστική κληρονομιά της Ελλάδας είναι το πλέον αναγνωρίσιμο στοιχείο της ταυτότητάς μας παγκοσμίως.","Greece's cultural heritage is the most recognisable element of our identity worldwide.","502",NA
"Η προστασία, ανάδειξη, διάσωση και προβολή της συνεπάγεται ανάδειξη και προβολή του σημαντικού ρόλου των Ελλήνων στον Ευρωπαϊκό και δυτικό πολιτισμό.","Its protection, enhancement, preservation and promotion implies highlighting and promoting the important role of the Greeks in European and Western civilisation.","502",NA
"Η πολιτιστική κληρονομιά συμβάλλει αναπτυξιακά στην εξωστρέφεια, την επισκεψιμότητα και τον τουρισμό και ενισχύει την οικονομική δραστηριότητα τοπικών κοινωνιών.","Cultural heritage contributes to the development of extroversion, tourism and tourism and enhances the economic activity of local communities.","502",NA
"Η αναμόρφωση του συνόλου των εποπτικών μηχανισμών των μνημείων μας, έχει στόχο να συνδέσει τα μνημεία με την αληθινή ζωήκαι να επαναπροσδιορίσει μια βιωματική σχέση μεταξύ μνημείων - τοπικών κοινωνιών, εκπαιδευτικής κοινότητας και επισκεπτών.","The overhaul of all the supervisory mechanisms of our monuments aims to link monuments to real life and to redefine an experiential relationship between monuments - local communities, the educational community and visitors.","502",NA
"Η ανάδειξη και προβολή της υλικής και άυλης πολιτιστικής κληρονομιάς και η σύνδεσή της με την τοπική κοινωνία και οικονομία ισχυροποιεί και προβάλλει τα συγκριτικά πλεονεκτήματα κάθε τόπου, ενώ παράλληλα συμβάλει στην ισόρροπη ανάπτυξη της τουριστικής βιομηχανίας.","The promotion and promotion of tangible and intangible cultural heritage and its connection with the local community and economy strengthens and promotes the comparative advantages of each place, while contributing to the balanced development of the tourism industry.","502",NA
"Σε αυτή την προοπτική έχουν ιδιαίτερη σημασία:","In this perspective they are of particular importance:","502",NA
"Η συνέχιση του προγράμματος εκσυγχρονισμού και βελτίωσης των υποδομών (μουσεία, αρχαιολογικοί χώροι, μνημεία) και η ουσιαστική αναβάθμιση των προσφερόμενων υπηρεσιών.","The continuation of the programme of modernisation and improvement of infrastructure (museums, archaeological sites, monuments) and the substantial upgrading of the services offered.","502",NA
"Οι υποδομές στην πολιτισμική κληρονομιά είναι άμεσα συνυφασμένες με το φυσικό περιβάλλον της χώρας και την αειφόρο ανάπτυξη του.","Infrastructure in the cultural heritage sector is directly linked to the country's natural environment and its sustainable development.","502",NA
"Η δημιουργία και η διάθεση επώνυμων πολιτιστικών-τουριστικών προϊόντων","The creation and marketing of branded cultural-tourism products","502",NA
"Η ανάπτυξη ψηφιακών εφαρμογών","The development of digital applications","502",NA
"Οι συνέργειες στο πλαίσιο ολοκληρωμένων περιφερειακών προγραμμάτων.","Synergies in the context of integrated regional programmes.","502",NA
"Η εκπαιδευτική προσέγγιση της πολιτισμικής μας κληρονομιάςκαι η “συνομιλία"" των νέων με αυτή.","The educational approach to our cultural heritageand the 'conversation' of young people with it.","502",NA
"Η διαμόρφωση του κατάλληλου θεσμικού και διαχειριστικού πλαισίου που ενθαρρύνει και στηρίζει την ολική προστασία της πολιτιστικής κληρονομιάς και την ένταξή της στη σύγχρονη ζωή.","The development of an appropriate institutional and management framework that encourages and supports the total protection of cultural heritage and its integration into modern life.","502",NA
"Προς την κατεύθυνση αυτή προτείνουμε τις εξής δράσεις:","To this end, we propose the following actions:","502",NA
"1. Πιστοποίηση και δραστική βελτίωση υποδομών του συνόλου των αρχαιολογικών μας χώρων.","1. Certification and drastic improvement of the infrastructure of all our archaeological sites.","502",NA
"2. Δημιουργία υποδομών σε αναδυόμενα μνημεία που βρίσκονται υπό αναστήλωσα με ιδιαίτερη έμφαση στα αρχαία θέατρα, ως μνημεία πολυσυλλεκτικά.","2. Creation of infrastructure in emerging monuments under restoration with special emphasis on ancient theatres, as multi-faceted monuments.","502",NA
"3. Σύνδεση των μνημείων με τουριστικές και πολιτιστικές διαδρομές βιωματικού χαρακτήρα, όπου θα αναδεικνύεται το σύνολο της τοπικής ταυτότητας και των προϊόντων ενός τόπου, στο πνεύμα των πολιτιστικών διαδρομών του σωματείου Διάζωμα.","3. Linking the monuments with tourist and cultural routes of an experiential nature, where the whole of the local identity and products of a place will be highlighted, in the spirit of the cultural routes of the association Diazoma.","502",NA
"4. Εφαρμογή ψηφιακών τεχνολογιών στους τρόπους πρόσβασης στα μνημεία, (καθολική εφαρμογή ψηφιακών εισιτηρίων, ψηφιακή εφαρμογή συμπερίληψης του συνόλου των μνημείων με όλες τις απαραίτητες πληροφορίες, κλπ).","4. Application of digital technologies in the ways of access to the monuments (universal application of digital tickets, digital application of inclusion of all the monuments with all the necessary information, etc.)","502",NA
"5. Κατοχύρωση και πιστοποίηση της ιδιότητας του αρχαιοφύλακα.","5. Consolidation and certification of the status of archaeological guardian.","502",NA
"6. Ενίσχυση των αρχαιολογικών ανασκαφών και επίλυση ζητημάτων των αρχαιολόγων.","6. Strengthening archaeological excavations and resolving issues of archaeologists.","502",NA
"7. Μια νέα σύγχρονη μουσειακή πολιτική: σηματοδότηση των μουσείων σε χώρους γνώσης και ψυχαγωγίας.","7. A new modern museum policy: signalling museums as places of knowledge and entertainment.","502",NA
"Νέα κριτήρια επιλογής διευθυντών μουσείων, αναβάθμιση επαρχιακών μουσείων με νέες τεχνολογίες, δημιουργία νέων μουσείων, σηματοδότηση των μουσείων σε χώρους γνώσης και ψυχαγωγίας.","New criteria for the selection of museum directors, upgrading of provincial museums with new technologies, creation of new museums, signalling museums as places of knowledge and entertainment.","501",NA
"8. Δημιουργία καινοτόμων εκπαιδευτικών προγραμμάτων στα σχολεία, ώστε οι μαθητές να έρθουν σε επαφή με την πολιτιστική κληρονομιά.","8. Creating innovative educational programmes in schools to bring students into contact with cultural heritage.","502",NA
"9. Καθολική προσβασιμότητα ΑΜΕΑ σε όλους τους δημόσιους επισκέψιμους χώρους.","9. Universal accessibility for people with disabilities to all public places open to visitors.","502",NA
"ΜΟΥΣΙΚΗ","MUSIC","H",NA
"Τα πανεπιστημιακά τμήματα μουσικής πρέπει να αποκτήσουν και τυπικά δύο κατευθύνσεις: μία για Μουσικολόγους και μία για Σολίστ/συνθέτες/Μαέστρους.","University music departments should formally have two tracks: one for musicologists and one for soloists/composers/conductors.","502",NA
"Στην πρώτη κατηγορία θα μπορούν να εισάγονται οι ενδιαφερόμενοι μέσω Πανελληνίων Εξετάσεων με την εξέταση των ειδικών μαθημάτων Ντικτέ και Αρμονίας.","The first category will be open to admission by means of the Panhellenic Examination with the examination of the specific courses of Dicta and Harmony.","502",NA
"Γ ια τα τμήματα οργάνουθα γίνεται ακρόαση στο όργανο που επιλέγει ο μαθητής μαζί με κάποια μαθήματα γενικής παιδείας.","For the organ sections there will be an audition on the instrument of the student's choice along with some general education courses.","502",NA
"Τα τμήματα αυτά θα λειτουργούν όπως οι Μουσικές Ακαδημίες του Εξωτερικού, και θα παρέχουν τίτλο ΑΕΙ.","These courses will operate in the same way as music academies abroad, and will provide an HEI qualification.","502",NA
"Γ ια μαθητές ωδείων πάνω από 18 ετών θα είναι ανοιχτό το όριο ηλικίας εισαγωγής στα μουσικά τμήματα.","For conservatoire students over 18 years of age, the age limit for admission to music courses will be open.","502",NA
"Ειδικά για τους απόφοιτους ωδείου, όσους κατέχουν πτυχίο/δίπλωμα να δίνεται η δυνατότητα να μπαίνουν με κατατακτήριες στο δεύτερο έτος των μουσικών και μόνο πανεπιστημιακών τμημάτων κατεύθυνσης οργάνου για να ακολουθήσουν πανεπιστημιακές σπουδές.","Especially for conservatory graduates, those who hold a degree/diploma to be given the opportunity to enter the second year of the music and only university departments of instrumental direction with qualifying examinations to pursue university studies.","502",NA
"Τα ωδεία πρέπει να αποκτήσουν διαβαθμισμένους τίτλους, με κατάταξη των πιστοποιημένων πτυχίων στο επίπεδο προσόντων 5, με βάση το ευρωπαϊκό προσοντολόγιο (και όχι ΤΕ ή ΠΕ).","Conservatoires should be awarded graded qualifications, with certified diplomas classified at qualification level 5, based on the European Qualifications Framework (rather than TE or FE).","502",NA
"Αναβάθμιση σπουδών μουσικών σχολείων και ίδρυση νέων.","Upgrading the curricula of music schools and establishing new ones.","502",NA
"ΒΙΒΛΙΟ","BOOK","H",NA
"Η ελληνική λογοτεχνία αποτελεί πυρηνικό συστατικό του πολιτισμού της πατρίδας μας.","Greek literature is a core component of the culture of our country.","502",NA
"Οι λογοτέχνες, οι συγγραφείς και οι εκδότες μας, αισθάνονται ανυπεράσπιστοι μπροστά στις νέες συνήθειες που φέρνει η ψηφιακή επανάσταση και αλλάζουν τη σχέση αναγνώστη- βιβλίου.","Our writers, authors and publishers feel defenceless in the face of the new habits that the digital revolution brings and changes the reader-book relationship.","502",NA
"Γ ια την ενίσχυση των κλάδων του βιβλίου προτείνουμε:","To strengthen the book's branches we suggest:","502",NA
"1. Άμεση εξόφληση των χρεών του δημοσίου προς τους εκδότες, όσον αφορά τη χρήση πανεπιστημιακών συγγραμάτων με ταυτόχρονη ορθολογικοποίηση του συστήματος προμηθειών και πληρωμών του δημοσίου, καθώς και των προκηρύξεων για την προμήθειά τους.","1. immediate repayment of public debts to publishers for the use of university texts, while rationalising the public procurement and payment system and the calls for tender for the supply of books.","502",NA
"2. Ανάπτυξη δικτύου δημοτικών βιβλιοθηκών σε όλους τους δήμους, με προτεραιότητα στην περιφέρεια.","2. Development of a network of public libraries in all municipalities, with priority in the periphery.","502",NA
"3. Σχεδιασμός και εφαρμογή στην πρωτοβάθμια εκπαίδευση καινοτόμων δράσεων για την ενίσχυση της φιλαναγνωσίας.","3. Design and implementation in primary education of innovative actions to strengthen literacy.","502",NA
"4. Σχεδιασμός προγραμμάτων ενίσχυσης της δημιουργικής γραφής.","4. Design of programmes to strengthen creative writing.","502",NA
"5. Ασφαλιστική θωράκιση των συγγραφέων μας.","5. Insurance protection for our writers.","502",NA
"6. Επανίδρυση και αναβάθμιση του Εθνικού Κέντρου Βιβλίου (ΕΚεΒι)για την ενίσχυση και διάδοση της ελληνικής λογοτεχνίας στο εξωτερικό.","6. Re-establishment and upgrading of the National Book Centre (EKEBI) for the strengthening and dissemination of Greek literature abroad.","502",NA
"ΕΙΚΑΣΤΙΚΗ ΔΗΜΙΟΥΡΓΙΑ","VISUAL CREATIVITY","H",NA
"1. Νέα κρατική πολιτική εκθέσεων σύγχρονης τέχνης, με στόχο την ελληνική περιφέρεια.","1. New state policy for contemporary art exhibitions, aimed at the Greek periphery.","502",NA
"7. Οικονομικές ενισχύσεις σε νέους δημιουργούς.","7. Financial support for young artists.","502",NA
"8. Αναβάθυιση υαθήυατος εικαστικών στα σχολεία.","8. Revitalization of art education in schools.","502",NA
"9. Νέο εικαστική πολιτική με στόχο την τόνωση και διάδοση της σύγχρονης δημιουργίας, με φουάρ και νέες θεσμικές εκθέσεις.","9. New visual arts policy aimed at stimulating and disseminating contemporary creativity, with fairs and new institutional exhibitions.","502",NA
"ΤΟΠΙΚΗ ΑΥΤΟΔΙΟΙΚΗΣΗ","LOCAL GOVERNMENT","H",NA
"Με όραμα την συμμετοχή στα αγαθά του Πολιτισμού και στόχο την Πολιτιστική Αποκέντρωση η Τοπική Αυτοδιοίκηση α' και β' βαθμού στην πορεία των τελευταίων (40) ετών διεκδίκησε και κυρίως με την πολιτική βούληση των Κυβερνήσεων του ΠΑ.ΣΟ.Κ απέκτησε αρμοδιότητες και πόρους, που διεύρυναν τον τομέα της πολιτιστικής ανάπτυξης στις Τοπικές Κοινωνίες.","With the vision of participation in the goods of Culture and the aim of Cultural Decentralization, the Local Government of the first and second degree in the course of the last (40) years has claimed and mainly with the political will of the P.S.O.K. Governments acquired powers and resources that expanded the field of cultural development in Local Communities.","502",NA
"Προτείνουμε:","We propose","502",NA
"1. Την στήριξη των Δημοτικών Εκπαιδευτικών θεσμών (Δημοτικών Ωδείων, σχολές χορού κ.α).","1. The support of Municipal Educational Institutions (Municipal Conservatories, dance schools, etc.).","502",NA
"2. Την ανάδειξη της κλασικής και της λαϊκής τέχνης.","2. The promotion of classical and folk art.","502",NA
"3. Την σταθερή ενίσχυση των δημοτικών φεστιβάλ που αναβαθμίζονται και πιστοποιούνται, καθώς και των δημοτικών θεατρικών και πολιτιστικών χώρων.","3. The steady support of municipal festivals that are upgraded and certified, as well as municipal theatrical and cultural venues.","502",NA
"4. Την ανάδειξη της άυλης πολιτιστικής κληρονομιάς (ήθη και έθιμα, παραδόσεις, λαογραφικές συνήθειες) σε επίπεδο καταγραφής, σε συνεργασία με τοπικούς συλλόγους και συνεταιρισμούς.","4. The promotion of intangible cultural heritage (customs, traditions, folklore) at the level of recording, in cooperation with local associations and cooperatives.","502",NA
"5. Την αποκέντρωση αυτών των εκδηλώσεων &στις Τοπικές Κοινότητες με κριτήρια πληθυσμιακά και χωροταξικά.","5. The decentralization of these events &in the Local Communities according to population and spatial criteria.","502",NA
"6. Το σχεδίασμά και την υλοποίηση πολιτιστικών διαδρομών που θα συνδέουν την πολιτιστική κληρονομιά, τα τοπικά προϊόντα και τις ομορφιές της χώρας,","6. The planning and implementation of cultural routes linking the cultural heritage, local products and the beauties of the country,","502",NA
"7. Τη δημιουργία φορέων διαχείρισης (ΘΜΟ) και παρακολούθησης των Πολιτιστικών διαδρομών για έλεγχο και αξιολόγηση των αποτελεσμάτων και της διαχείρισής τους.","7. The creation of management bodies (THMO) and monitoring of the Cultural Routes for the control and evaluation of their results and management.","502",NA
"7. ΟΛΟΚΛΗΡΩΜΕΝΑ ΔΙΚΤΥΑ ΕΝΕΡΓΕΙΑΣ & ΜΕΤΑΦΟΡΩΝ","7. INTEGRATED ENERGY NETWORKS AND TRANSPORT","H",NA
"Η βέλτιστη χρήση των λιγνιτών στο ενεργειακό ισοζύγιο της χώρας, σε συνδυασμό με την προστασία του περιβάλλοντος, επιβάλλει την εξέταση μεθόδων και επενδύσεων σε συστήματα 005 (ΟθγΡοπ ΟθρΐυΓθ δγείοπιε)","The optimal use of lignites in the country's energy balance, combined with the protection of the environment, requires the consideration of methods and investments in systems 005 (OθγΡοπ OθρΐυΓθ δγείοπιε)","411",NA
"Δεδομένης της ανάγκης για ενεργειακή απεξάρτηση και της προαναφερθείσας κατάρρευσης των κατασκευών την τελευταία Ιδετία είναι δεδομένο ότι η χώρα χρειάζεται ένα ολοκληρωμένο σχέδιο αναβάθμισης των μεταφορικών και ενεργειακών δικτύων της μέσα από ένα πρόγραμμα δημόσιων επενδύσεων και συμπράξεων με τον ιδιωτικό τομέα.","Given the need for energy decoupling and the aforementioned collapse of construction in recent years, it is a given that the country needs an integrated plan to upgrade its transport and energy networks through a programme of public investment and partnerships with the private sector.","411",NA
"Ο στόχος είναι να συνδέονται όπως αναφέρθηκε παραπάνω παραγωγικοί κόμβοι και μεταφορικοί κόμβοι της χώρας, ήτοι λιμάνια, σιδηροδρομικοί σταθμοί και τα αεροδρόμια με τον καλύτερο δυνατόν","The aim is to connect, as mentioned above, the country's production and transport hubs, i.e. ports, railway stations and airports, in the best possible way","411",NA
"Η χώρα στο πεδίο αυτό πρέπει να προσαρμόζεται στα σχέδια της Ευρωπαϊκής Ένωσης για τη δημιουργία των δικτύου μεταφορών και ενέργειας.","The country in this field must adapt to the European Union's plans for the creation of transport and energy networks.","411",NA
"Εκτός από την έξυπνη κινητικότητα, τις πολυτροπικές μεταφορές, τις καθαρές μεταφορές και την αστική κινητικότητα στο κομμάτι των μεταφορών και για την έξυπνη διανομή ενέργειας στο κομμάτι της ενέργειας πρέπει που αποτελούν οριζόντιες προτεραιότητες της ΕΕ πρέπει η Ελλάδα να προσαρμόζεται και στις ανάγκες και προτεραιότητες όπως αυτές προκύπτουν από τις πολιτικές για τα ευρωπαϊκά δίκτυα μεταφορών.","In addition to smart mobility, multimodal transport, clean transport and urban mobility in the transport sector and smart energy distribution in the energy sector, which are horizontal priorities of the EU, Greece must also adapt to the needs and priorities arising from European transport network policies.","411",NA
"Πρόσφατο παράδειγμα μια ψηφίδας αυτής της πολιτικής είναι η αναβάθμιση της σιδηροδρομικής σύνδεσης Θεσσαλονίκης με την Ειδομένη με στόχο τη σταδιακή σιδηροδρομική σύνδεση με την Κεντρική Ευρώπη, η αναβάθμιση (εξηλεκτρισμός) του σιδηροδρομικού δικτύου της Αν.","A recent example of this policy is the upgrade of the railway connection between Thessaloniki and Eidomeni with the aim of gradually connecting it to Central Europe, the upgrading (electrification) of the railway network in Eastern Macedonia and Thrace, and the construction of a new railway line connecting Thessaloniki with the Aegean Sea.","411",NA
"Μακεδονίας-Θράκης και η σύνδεσή του με τους στρατηγικής σημασίας λιμένες Αλεξανδρούπολης και Καβάλας.","Macedonia-Thrace and its connection to the strategically important ports of Alexandroupolis and Kavala.","411",NA
"Σε αυτό το πλαίσιο ο εθνικός σχεδιασμός όμως έχει ένα ακόμα μεγαλύτερο μεσοπρόθεσμο στοίχημα.","In this context, however, the national planning has an even bigger medium-term stake.","411",NA
"Πρέπει να προσαρμοστεί αλλά και στο βαθμό που μπορεί να προσαρμόσει τις αποφάσεις για το σχέδιο υποδομών που δρομολογούνται στα Δυτικά Βαλκάνια (την Αλβανία, Βοσνία Ερζεγοβίνη, Κόσοβο, Βόρεια Μακεδονία, Μαυροβούνιο και Σερβία) στο πλαίσιο των πολιτικών για την ένταξη τους στην Ευρώπη τα επόμενα χρόνια μια διαδικασία που ξεκίνησε με την Ατζέντα της Θεσσαλονίκης το 2003 επί Κυβέρνησης ΠΑΣΟΚ.","It must adapt and, to the extent that it can, it must adapt the decisions on the infrastructure project being launched in the Western Balkans (Albania, Bosnia and Herzegovina, Kosovo, North Macedonia, Montenegro and Serbia) in the context of policies for their integration into Europe in the coming years - a process that began with the Thessaloniki Agenda in 2003 under the PASOK government.","411",NA
"Ειδικότερα αποτελεί σημαντική η σωστή ανάγνωση και ανάλυση του οικονομικού και επενδυτικού σχεδίου για τα Δυτικά Βαλκάνια όπως έχει υιοθετηθεί από το Ευρωπαϊκό Συμβούλιο[ΐ2].","In particular, it is important that the economic and investment plan for the Western Balkans as adopted by the European Council is properly read and analysed.","411",NA
"Ας σημειωθεί ότι η ΕΕ προωθεί την λειτουργία ενιαίας ενεργειακής αγοράς στα Δυτικά Βαλκάνια και η Ελλάδα, με τα ενεργειακά δίκτυα και τις υποδομές που διαθέτει και συνεχίζει να αναπτύσσει, θα είναι αδιανόητο να μην έχει ουσιαστικό ρόλο.","It should be noted that the EU is promoting the operation of a single energy market in the Western Balkans and Greece, with the energy networks and infrastructure that it has and continues to develop, would be unthinkable without a substantial role.","411",NA
"Σημειώνεται ότι οι έξι χώρες μαζί έχουν συνολικό ΑΕΠ σχεδόν στο 60% του Ελληνικού ΑΕΠ.","It should be noted that the six countries together have a combined GDP of almost 60% of Greece's GDP.","411",NA
"Συνεπώς το μέγεθος της οικονομίας τους, η γεωγραφική εγγύτητας τους και η ενταξιακή προοπτική τους ανοίγουν πολλές ευκαιρίες για την Ελλάδα.","Therefore, the size of their economies, their geographical proximity and their accession perspective open up many opportunities for Greece.","411",NA
"Αφενός αναβαθμίζουν τη δυναμική τόσο των σταθμών Ι_ΝΟ, των αγωγών και του ΙΟΒ ενώ πιθανώς να αυξήσεις και τις εξαγωγές των ελληνικών διυλιστηρίων.","On the one hand, they upgrade the dynamics of both I_NO stations, pipelines and IOB, while possibly increasing the exports of Greek refineries.","411",NA
"Παράλληλα κρίσιμος ειδικά για τη Δυτική Ελλάδα αναμένεται να είναι ο αυτοκινητόδρομου Αδριατικής-Ιονίου, γνωστού και ως «Μπλε Διαδρόμου» που θα διατρέχει τις ακτές τις Κροατίας και θα φτάνει μέσω Αλβανίας στην Ελλάδα, όπου τμήμα του θα είναι ο οδικός άξονας Ιωαννίνων-Κακαβιάς.","At the same time, the Adriatic-Ionian motorway, also known as the ""Blue Corridor"", which will run along the Croatian coast and reach Greece via Albania, where part of it will be the Ioannina-Kakavia road axis, is expected to be crucial especially for Western Greece.","411",NA
"Επιπλέον ενδιαφέρον φαίνεται ότι υπάρχει για τη δημιουργία της σιδηροδρομικής γραμμής ΡοςΓαάθο-Ιεροπηγής.","In addition, there seems to be interest in the creation of the Ross-Gathos-Ieropigi railway line.","411",NA
"Εν γένει οι κομβικές επιλογές του Ευρώπης σε υποδομές και δίκτυα πρέπει να λαμβάνονται σοβαρά υπόψη πριν τις αντίστοιχε εθνικές στρατηγικές επιλογές.","In general, Europe's key infrastructure and network choices should be taken seriously before the corresponding national strategic choices.","411",NA
"8. ΕΛΛΗΝΙΚΗ ΝΑΥΤΙΛΙΑ & ΝΗΣΙΩΤΙΚΗ ΠΟΛΙΤΙΚΗ","8. GREEK SHIPPING & ISLAND POLICY","H",NA
"Το μέλλον του κλάδου της Ναυτιλίας στην εποχή των τεχνολογικών και περιβαλλοντικών προκλήσεων πρέπει να είναι:","The future of the maritime sector in the era of technological and environmental challenges must be:","408",NA
"Σύγχρονος και ενεργειακά αυτοδύναμος στόλος, ανταγωνιστικές υποδομές και υπηρεσίες, πυλώνας ανάπτυξης και ποιοτικής αναβάθμισης του εθνικού τουριστικού προϊόντος, της εγχώριας βιομηχανίας και μεταποίησης και μηχανισμός παραγωγής σταθερών και ποιοτικών θέσεων εργασίας.","A modern and energy self-sufficient fleet, competitive infrastructure and services, a pillar for the development and quality upgrading of the national tourism product, domestic industry and manufacturing and a mechanism for the production of stable and quality jobs.","408",NA
"Τόσο η εγχώρια όσο και η ποντοπόρος ναυτιλία, αποτελούν παραγωγικές δραστηριότητες άρρηκτα συνδεδεμένες με τις εθνικές δυνατότητες επιχειρηματικής και εμπορικής ισχύος, ανταγωνιστικής κυριαρχίας σε διεθνές επίπεδο, πηγή δημοσίων εσόδων, περιφερειακής συνδεσιμότητας της νησιωτικής χώρας και διαχρονικής παροχής χιλιάδων θέσεων εργασίας καθώς και υπεραξίας στις μεταφορές και στον τουριστικό κλάδο.","Both domestic and ocean shipping are productive activities inextricably linked to the national potential for business and commercial strength, competitive dominance at international level, a source of public revenue, regional connectivity of the island country and the long-term provision of thousands of jobs and added value in the transport and tourism sectors.","408",NA
"Προκειμένου αυτή η θετική συνεισφορά του κλάδου να συνεχιστεί και να καταφέρει να πρωτοπορήσει απέναντι στις νέες προκλήσεις της εποχής, ιδίως των τεχνολογικών εξελίξεων και των περιβαλλοντικών απαιτήσεων προτείνουμε παρεμβάσεις σε 4 κύριους άξονες, με συνδυασμένες πρωτοβουλίες τόσο της πολιτείας όσο και των επιχειρηματικών και επενδυτικών δυνάμεων του κλάδου.","In order for this positive contribution of the sector to continue and to be able to take the lead in the face of the new challenges of the times, especially technological developments and environmental requirements, we propose interventions in 4 main axes, with combined initiatives of both the state and the business and investment forces of the sector.","408",NA
"Προτάσεις για την Ναυτιλία","Proposals for Shipping","H",NA
"1. Εμπορικός στόλος ενεργειακής αυτονομίας και τεχνολογικής πρωτοπορίας","1. A commercial fleet of energy autonomy and technological leadership","H",NA
"Η ανανέωση των δρομολογημένων και μη ακτοπλοϊκών πλοίων όλων των κατηγοριών σε ορίζοντα δεκαετίας, με νέα πλοία μειωμένου περιβαλλοντικού αποτυπώματος, κατ’ εφαρμογή των αποφάσεων του Διεθνούς Ναυτιλιακού Οργανισμού (ΙΜΟ) για την κλιματική αλλαγή, με τελικό στόχο την εκμηδένιση των αέριων ρύπων που εκλύονται από τα πλοία αυτά.","The renewal of all categories of ships, both scheduled and non-scheduled, with new ships with a reduced environmental footprint over a ten-year horizon, in line with the International Maritime Organisation (IMO) decisions on climate change, with the ultimate aim of eliminating the air pollutants emitted by these ships.","416.2",NA
"Παράλληλα, εκσυγχρονισμός και τεχνολογική αναβάθμιση σκαφών, μέσω κινήτρων συμπράξεων και συνεργασιών, με εγχώριες εταιρείες παραγωγής λύσεων και εφαρμογών υψηλής τεχνολογίας.","At the same time, modernisation and technological upgrading of vessels, through incentives for partnerships and collaborations with domestic companies producing high-tech solutions and applications.","411",NA
"Μέσω του ευρύτερου στόχου για την ανάκαμψη της εγχώριας υπεραξίας και επαναβιομηχάνισης της εθνικής οικονομίας προτείνονται σειρά επενδυτικών και φορολογικών κινήτρων για την αξιοποίηση των ελληνικών ναυπηγικών εγκαταστάσεων και του εγχώριου ανθρώπινου δυναμικού.","Within the broader objective of recovering domestic surplus value and re-industrialising the national economy, a series of investment and tax incentives are proposed for the exploitation of Greek shipbuilding facilities and domestic human resources.","402",NA
"2. Αναβάθμιση του θαλάσσιου τουρισμού, των λιμενικών υποδομών και υπηρεσιών και των λειτουργιών του δημόσιου τομέα","2. Upgrading maritime tourism, port infrastructure and services and public sector operations","H",NA
"Στο πλαίσιο των δημοσίων επενδύσεων και της αξιοποίησης του ταμείου ανάκαμψης για την αναβάθμιση και ενίσχυση των δημοσίων υποδομών και δικτύων, παρεμβάσεις τεχνολογικής, περιβαλλοντικής και αναβάθμισης λιμένων και μαρίνων σε όλη την επικράτεια και προσαρμογή των τουριστικών υποδομών στις ανάγκες του περιηγητικού τουρισμού και της κρουαζιέρας.","In the context of public investment and the use of the recovery fund for upgrading and strengthening public infrastructure and networks, technological, environmental and upgrading interventions in ports and marinas throughout the country and adaptation of tourism infrastructure to the needs of touristic tourism and cruise tourism.","411",NA
"Εφαρμογή πολιτικής προσέλκυσης περιηγητικών πλοίων μικρού μεγέθους, με δυνατότητα προσέγγισης σε περισσότερους σταθμούς και αντίστοιχα την ελεγχόμενη προσέγγιση μεγάλων κρουαζιερόπλοιων σε σταθμούς μεγάλης ζήτησης, με επιβολή τοπικών και εποχικών τελών ελλιμενισμού / αγκυροβολίας.","Implementation of a policy to attract small tourist vessels, with the possibility of calling at more stations and, accordingly, the controlled approach of large cruise ships to high demand stations, with local and seasonal berthing/anchoring fees.","411",NA
"Ενθάρρυνση της διανυκτέρευσης πλοίων, ώστε να ωφελούνται οι τοπικές οικονομίες, καθότι το ισχύον σύστημα «allinclusive» τους αποστερεί έσοδα.","Encourage overnight stays by ships to benefit local economies, as the current all-inclusive system deprives them of revenue.","411",NA
"Παροχή κινήτρων για την εκτέλεση εργασιών ανακαίνισης / επισκευών / συντήρησης που διενεργούνται κατά τη χειμερινή περίοδο, καθώς και για τον εφοδιασμό των πλοίων με εγχώρια προϊόντα.","Provide incentives for renovation/repair/maintenance work carried out during the winter period, as well as for supplying ships with domestic products.","402",NA
"Δημιουργία εγκαταστάσεων υποδοχής λυμάτων και σταθμών ηλεκτροδότησης στα μεγάλα λιμάνια.","Establishment of wastewater reception facilities and power stations in major ports.","411",NA
"Προσέλκυση αλλοδαπών σκαφών αναψυχής για μόνιμο ελλιμενισμό στις ελληνικές μαρίνες.","Attracting foreign yachts for permanent berthing in Greek marinas.","502",NA
"Εκσυγχρονισμός και αναβάθμιση μέσω ΣΔΙΤ των υφιστάμενων και η κατασκευή νέων μαρινών.","Modernisation and upgrading through PPPs of existing marinas and the construction of new marinas.","411",NA
"Ψηφιοποίηση και εκσυγχρονισμός των διαδικασιών νηολόγησης, ναύλωσης και άλλων που αφορούν τη σχέση με τον δημόσιο τομέα, στην ψηφιακή εποχή.","Digitisation and modernisation of registration, chartering and other procedures related to the relationship with the public sector in the digital age.","411",NA
"Προσαρμογή της λιμενικής πολιτικής στην σύγχρονη συνδεσιμότητα και στις περιβαλλοντικές απαιτήσεις Ο τρόπος λειτουργίας του Λιμένα Πειραιά και η κινητικότητα αναφορικά με περιφερειακά λιμάνια, σε συνδυασμό με την εξέλιξη των θαλάσσιων μεταφορών και την προβλεπόμενη αναβάθμιση της Ελλάδος ως μεταφορικού κόμβου μεταξύ της Ευρώπης και της Εγγύς, Μέσης και Άπω Ανατολής αλλά και της ανατολικής Αφρικής, απαιτούν προσαρμογή της γενικότερης λιμενικής πολιτικής είτε ως προς τον κεντρικό σχεδίασμά είτε ως προς τις παράπλευρες υπηρεσίες.","Adaptation of port policy to modern connectivity and environmental requirements The mode of operation of the Port of Piraeus and the mobility with regard to regional ports, combined with the evolution of maritime transport and the foreseen upgrading of Greece as a transport hub between Europe and the Near, Middle and Far East and East Africa, require an adaptation of the general port policy either in terms of central planning or in terms of ancillary services.","416.2",NA
"Οι κόμβοι διασύνδεσης συγκοινωνιακών μέσων αποτελούν βασικούς κρίκους της μεταφορικής αλυσίδας επιβατών και εμπορευμάτων.","Transport interconnection hubs are key links in the passenger and freight transport chain.","411",NA
"Η λειτουργία τους απαιτεί ανταποδοτικότητα, ανταγωνιστικότητα και παραγωγικότητα στο μέγιστο επίπεδο.","Their operation requires cost-effectiveness, competitiveness and maximum productivity.","410",NA
"Επίτευξη του περιβαλλοντικού στόχου πριν από το 2040, στο θέμα της αποκομιδής στερεών και υγρών αποβλήτων από τα πλοία, με την ευέλικτη και λιγότερο γραφειοκρατική λειτουργία της υπηρεσίας αυτής, ώστε ο διαχειριστής του πλοίου να έχει τη δυνατότητα επιλογής του κατάλληλου πιστοποιημένου αναδόχου χωρίς τη μεσολάβηση του λιμενικού οργανισμού.","Achieving the environmental objective before 2040 for the collection of solid and liquid waste from ships by making this service flexible and less bureaucratic, so that the ship operator can choose the appropriate certified contractor without the intervention of the port authority.","501",NA
"Ολοκλήρωση της δημιουργία Εθνικής Ενιαίας Πλατφόρμας Λιμενικής Κοινότητας (National Integrated Port Community System), ώστε να απλουστευθούν και να διευκολυνθούν όλοι οι φορείς, ιδιωτικοί και δημόσιοι, που εμπλέκονται κατά τον ελλιμενισμό και την εξυπηρέτηση των πλοίων, με συνθήκες διασφάλισης του απορρήτου των πληοοφοοιών.","Completion of the creation of the National Integrated Port Community System, in order to simplify and facilitate all the actors, private and public, involved in the docking and servicing of ships, with conditions ensuring the confidentiality of the information.","411",NA
"Συνεργασία πολιτείας με περιβαλλοντικούς φορείς και φιλοζωικές οργανώσεις, για τα μέτρα για την προστασία των απειλούμενων φυσητήρων, αλλά και άλλων θαλάσσιων απειλούμενων ειδών.","State cooperation with environmental bodies and animal welfare organisations on measures to protect endangered bellows and other marine endangered species.","501",NA
"Τεχνολογικές εφαρμογές είτε επάνω σε πλεούμενα είτε σε κομβικά θαλάσσια και παραθαλάσσια σημεία.","Technological applications either on board vessels or at key marine and coastal locations.","411",NA
"• Εργασία, εκπαίδευση και τεχνολογική κατάρτιση Η εφαρμογή και απόδοση μιας σύγχρονης ανταγωνιστικής και αναπτυξιακής ναυτιλιακής πολιτικής απαιτεί την εξασφάλιση της ποιότητας και των συνθηκών του εργασιακού περιβάλλοντος καθώς και των δικαιωμάτων των εργαζομένων, μέσα από ρήτρες, πλαίσιο κανόνων και μηχανισμούς ελέγχων και λογοδοσίας.","- Labour, education and technological training The implementation and performance of a modern competitive and development-oriented maritime policy requires that the quality and conditions of the working environment as well as the rights of workers be guaranteed through clauses, a framework of rules and mechanisms for control and accountability.","408",NA
"Παράλληλα απαιτείται η συνεχής υποστήριξη των εργαζομένων του κλάδου ως προς την συνεχή επανεκπαίδευση και δια βίου τεχνολογική κατάρτιση προκειμένου να ανταπεξέλθουν στις ραγδαίες ταχύτητες των τεχνολογικών και ψηφιακών εξελίξεων.","At the same time, continuous support for the industry's employees in terms of continuous re-education and lifelong technological training is required in order to cope with the rapid pace of technological and digital developments.","701",NA
"Εξέλιξη της πρακτικής και θεωρητικής εκπαίδευσης των σπουδαστών των Ακαδημιών Εμπορικού Ναυτικού, το κόστος λειτουργίας των οποίων καλύπτεται ως επί το πλείστον από εισφορές των πλοίων.","Developing the practical and theoretical training of students at the Merchant Marine Academies, whose operating costs are mostly covered by ship contributions.","411",NA
"Αξιοποίηση του εξαιρετικά σημαντικού ακαδημαϊκού και ερευνητικού δυναμικού που διαθέτει η Ελλάδα, με διεθνή αναγνώριση, σε όλους τους κλάδους που αφορούν τη ναυτιλιακή τεχνολογία και τις επιστήμες.","Exploitation of the extremely important academic and research potential that Greece has at its disposal, with international recognition, in all disciplines relating to maritime technology and sciences.","411",NA
"Ενίσχυση της διασύνδεσης της επιστημονικής κοινότητας και των κλάδων της καινοτομίας με τους φορείς της ναυτιλίας.","Strengthening the link between the scientific community and the innovation sectors and the maritime industry.","411",NA
"Η συμβολή Ελλήνων επιστημόνων και τεχνικών θα είναι απαραίτητη για την υλοποίηση του προγράμματος της ανανέωσης του ακτοπλοϊκού στόλου.","The contribution of Greek scientists and technicians will be essential for the implementation of the programme of renewal of the coastal fleet.","411",NA
"Νησιωτική Πολιτική","Island Policy","H",NA
"Η Ελλάδα είναι μια χώρα με έντονο πολυνησιωτικό χαρακτήρα, καθώς η συνολική έκταση των νησιών καλύπτει το 18,7% της συνολικής επιφάνειας της χώρας και ο πληθυσμός τους (απογραφή 2011) αντιστοιχεί στο 15,1% του συνολικού πληθυσμού της χώρας.","Greece is a country with a strong multi-island character, as the total area of the islands covers 18.7% of the total surface area of the country and their population (2011 census) corresponds to 15.1% of the total population of the country.","408",NA
"Τα νησιά μας αδιαμφισβήτητα παρουσιάζουν πλεονεκτήματα που σχετίζονται κυρίως με το φυσικό κάλος και την ελκυστικότητά τους, την ιδιαίτερη πολιτισμική και πολιτιστική κληρονομιά τους, την μακρόχρονη παράδοση φιλοξενίας και την προσαρμοστικότητα των κατοίκων τους.","Our islands undoubtedly have advantages related mainly to their natural beauty and attractiveness, their particular cultural and heritage, their long tradition of hospitality and the adaptability of their inhabitants.","408",NA
"Ως συνέπεια όμως των ιδιαίτερων χαρακτηριστικών τους, που συνοψίζονται με τον όρο «νησιωτικότητα», τα ελληνικά νησιά αντιμετωπίζουν διαχρονικά δυσκολίες και προκλήσεις, που αφορούν, μεταξύ άλλων, στην απομόνωση και τη δυσκολία προσβασιμότητας, στην πληθυσμιακή απομείωση και γηρασμό, στην μη απρόσκοπτη και αποτελεσματική παροχή υγειονομικής περίθαλψης, στον άναρχο πολεοδομικό σχεδίασμά και την επιβάρυνση του περιβαλλοντικά ευαίσθητου οικοσυστήματος τους, στην ανεπάρκεια των υποδομών και των συστημάτων ύδρευσης και διαχείρισης αποβλήτων, στις περιορισμένες επιλογές απασχόλησης και επιχειρηματικής δραστηριότητας πέραν του τουρισμού και φυσικά στην ανασφάλεια που βιώνουν ιδιαίτερα τα μικρότερα και απομακρυσμένα νησιά, όπως λόγω της προσπάθειας επιρροής και εκφοβισμού τους από τρίτα κράτη με τα οποία βρίσκονται πολύ κοντά.","However, as a consequence of their special characteristics, which are summarised by the term 'insularity', the Greek islands have been facing difficulties and challenges over time, including isolation and accessibility difficulties, population decline and ageing, the lack of uninterrupted and effective healthcare provision, anarchic urban planning and the deterioration of their environmentally sensitive ecosystem, the inadequacy of infrastructure and water supply and waste management systems, the limited employment and business options beyond tourism and, of course, the insecurity experienced in particular by the smaller and more remote islands, including due to attempts to influence and intimidate them by third countries with which they are in close proximity.","408",NA
"Συγκεκριμένες πολιτικές στήριξης της νησιωτικότητας:","Specific policies in support of insularity:","408",NA
"Εφαρμογή της «ρήτρας νησιωτικότητας», για κάθε νομοθετική ρύθμιση που αφορά άμεσα ή έμμεσα τα ελληνικά νησιά.","Implementation of the ""insularity clause"" for any legislative regulation that directly or indirectly concerns Greek islands.","408",NA
"Μετεξέλιξη της σημερινής Γενικής Γραμματείας Αιγαίου και Νησιωτικής Πολιτικής του υπουργείου Ναυτιλίας και Νησιωτικής σε ένα σύγχρονο διυπουργικό φορέα άσκησης επιτελικού σχεδιασμού για τη νησιωτική πολιτική.","The current General Secretariat for the Aegean and Island Policy of the Ministry of Maritime Affairs and Island Policy should be transformed into a modern inter-ministerial body for executive planning for island policy.","303",NA
"Σύσταση Ερευνητικού Ινστιτούτο Νησιωτικής Πολιτικής, που θα υποστηρίζει σε επίπεδο τεχνογνωσίας και επιστημονικής τεκμηρίωσης τόσο το Υπουργείο όσο και τις νησιωτικές περιφέρειες.","Establishment of a Research Institute for Island Policy, which will support both the Ministry and the island regions in terms of expertise and scientific documentation.","411",NA
"Εξειδίκευση μέτρων ενίσχυσης της συνοχής των νησιών με κριτήριο το επίπεδο νησιωτικότητας (μέγεθος, αριθμός κατοίκων, βαθμός απομόνωσης, γεωστρατηγική σημασία κλπ.","Specification of measures to strengthen the cohesion of islands based on the level of insularity (size, number of inhabitants, degree of isolation, geostrategic importance, etc.","408",NA
"Δημιουργία Οργανισμού Νησιωτικών Μεταφορών, σε επιτελικό επίπεδο, ώστε να οργανωθεί αποτελεσματικά ο προγραμματισμός, ο σχεδιασμός, ο συντονισμός, και η παρακολούθηση του συγκοινωνιακού έργου όλων των μέσωνΛ μαζικής μεταφοράς, θαλασσίων και αεροπορικών και χερσαίων στον νησιωτικό χώρο.","Creation of an Island Transport Agency, at staff level, in order to organise effectively the planning, design, coordination and monitoring of the transport work of all means of public transport, both sea, air and land, in the island area.","404",NA
"Επέκταση του υέτοου του Μεταώοοικού Ισοδύναυου ίΜ.Ι.) και στους ναύλους των οχημάτων (συμπεριλαμβανομένων και των Ι.Χ. οχημάτων)","Extension of the post-occupational equivalence (M.I.) to vehicle fares (including private cars)","404",NA
"Εισαγωγή μίας νέας πολιτικής πρόταση, του «Υγειονομικού Ισοδυνάμου» (κατά αντιστοιχία του «Μεταφορικού Ισοδυνάμου») στα ελληνικά νησιά ως ένα πακέτο πολιτικών για την άμβλυνση των αντικειμενικών ανισοτήτων μεταξύ των νησιών και της ηπειρωτικής χώρας σε ότι αφορά στις παρεχόμενες δημόσιες υπηρεσίες υγείας.","Introduction of a new policy proposal, the ""Health Equivalence"" (corresponding to the ""Transport Equivalence"") in the Greek islands as a package of policies to mitigate the objective inequalities between the islands and the mainland in terms of public health services provided.","404",NA
"9. ΜΙΑ ΝΕΑ ΚΛΙΜΑΤΙΚΗ ΠΟΛΙΤΙΚΗ","9. A NEW CLIMATE POLICY","H",NA
"Η Ελλάδα βρίσκεται στο επίκεντρο της κλιματικής κρίσης, με σημαντικές καταστροφές του φυσικού περιβάλλοντος, έντονες καιρικές αλλοιώσεις και δυσμενείς ανατροπές σε επάρκεια και αναπλήρωση πόρων, όπως κατεξοχήν το νερό και το δασικό απόθεμα.","Greece is at the centre of the climate crisis, with major destruction of the natural environment, severe weather changes and adverse impacts on the sufficiency and replenishment of resources, notably water and forests.","501",NA
"Η επίτευξη της κλιματικής ουδετερότητας, του μηδενισμού δηλαδή των συνολικών εκπομπών των αερίων του θερμοκηπίου, είναι μονόδρομος για να αποφευχθεί η περιβαλλοντική ανισορροπία, η υποβάθμιση της υγείας και της ποιότητας ζωής, και κυρίως, νέες οικονομικές και κοινωνικές ανισότητες.","Achieving climate neutrality, i.e. zero overall greenhouse gas emissions, is a one-way street to avoid environmental imbalance, deterioration of health and quality of life and, above all, new economic and social inequalities.","416.2",NA
"Η περιβαλλοντική πολιτική που προτείνουμε ως απολύτως απαραίτητη και επείγουσα διαμορφώνεται σε τρεις άξονες:","The environmental policy that we propose as absolutely necessary and urgent is structured around three pillars:","416.2",NA
"Πρώτος άξονας η προστασία του φυσικού πλούτου σε συνδυασμό με την αποτελεσματική διαχείριση αποβλήτων με στόχους:","The first axis is the protection of natural wealth combined with effective waste management with targets:","501",NA
"Ένα νέο οίκο-αναπτυξιακό πρότυπο με προστασία της βιοποικιλότητας και γεωποικιλότητας καθώς των ιδιαίτερων φυσικών και πολιτιστικών στοιχείων των προστατευόμενων περιοχών.","A new eco-development model with protection of biodiversity and geodiversity as well as the special natural and cultural elements of protected areas.","501",NA
"Στήριξη ήπιων αναπτυξιακών δραστηριοτήτων οικοτουρισμού και παραγωγής τοπικών προϊόντων.","Supporting soft development activities of ecotourism and local product production.","501",NA
"Ολοκλήρωση των δασικών χαρτών και του Δασολογίου","Completion of forest maps and the Forest Inventory","501",NA
"Πολυετή Σχέδια Διαχείρισης των δασών, μέσα από ένα ολοκληρωμένο χωροταξικό σχέδιο","Multiannual Forest Management Plans, through an integrated spatial plan","501",NA
"Αγροτική παραγωγή με τη χρήση βιολογικών μεθόδων παραγωγής, ενίσχυση της γεωργίας ακρίβειας για τη μείωση των φυτοφαρμάκων και λιπασμάτων, στήριξη της ποιοτικής βελτίωσης και διατήρησης παραδοσιακών γεωργικών προϊόντων, ενίσχυση της γονιμότητας των εδαφών και δημιουργία μονάδων ενεργειακής αξιοποίησης των αποβλήτων γεωργικών και κτηνοτροφικών μονάδων.","Agricultural production using organic production methods, support for precision agriculture to reduce the use of pesticides and fertilisers, support for quality improvement and conservation of traditional agricultural products, enhancement of soil fertility and the creation of energy recovery units for waste from agricultural and livestock farms.","501",NA
"Προσέλκυση ιδιωτικών κεφαλαίων και ΣΔΙΤ σε έργα κατασκευής, λειτουργίας, ελέγχου και συντήρησης περιβαλλοντικών υποδομών, εγκαταστάσεων επεξεργασίας αποβλήτων μεγάλης και μικρής κλίμακας.","Attracting private capital and PPPs in the construction, operation, control and maintenance of environmental infrastructure, large and small-scale waste treatment facilities.","501",NA
"Συνεργασία της αυτοδιοίκησης και της κεντρικής κυβέρνησης με φορείς της κοινωνικής οικονομίας και της επιχειρηματικότητας μικρής κλίμακας για την επέκταση της χωριστής συλλογής και ανακύκλωση αστικών αποβλήτων (χαρτί, γυαλί, πλαστικό, μέταλλο, βίο-απόβλητα) και την καλύτερη οργάνωση της διαχείρισης ειδικών ρευμάτων αποβλήτων (ελαστικά, οχήματα, ηλεκτρικές/ηλεκτρονικές συσκευές).","Cooperation between local and central government and social economy and small-scale entrepreneurship to extend separate collection and recycling of municipal waste (paper, glass, plastic, metal, bio-waste) and better organise the management of specific waste streams (tyres, vehicles, electrical/electronic appliances).","416.2",NA
"Δεύτερος άξονας μια Νέα Κλιματική Νομοθεσία","Second axis: a New Climate Legislation","H",NA
"Η κυβέρνηση της ΝΔ επιτάχυνε την απολιγνιτοποίηση με δραματικές συνέπειες για τις τοπικές κοινωνίες, που δεν ήταν καθόλου προετοιμασμένες για μία ταχεία εγκατάλειψη της ηλεκτροπαραγωγής από ορυκτά καύσιμα.","The New Democracy government accelerated the pace of fossilization with dramatic consequences for local communities, which were not at all prepared for a rapid abandonment of fossil fuel power generation.","305.1",NA
"Πρόσφατα, μετά την εκδήλωση του ενεργειακού εμπάργκο από την Ρωσία υπαναχώρησε ξανά επαναφέροντας σε λειτουργία λιγνιτικές μονάδες αλλά και πάλι χωρίς επεξεργασμένο σχέδιο και ρόλο στον μελλοντικό ενεργειακό χάρτη ως ψυχρή εφεδρεία.","Recently, after the energy embargo by Russia, it backtracked again by bringing lignite plants back into operation but again without a developed plan and a role in the future energy map as a cold reserve.","305.1",NA
"Οι αιφνίδιες αλλαγές έχουν υπονομεύσει την ενεργειακή ασφάλεια της χώρας αλλά ταυτόχρονα δημιουργούν και αμφιβολίες για την επίτευξη των κλιματικών στόχων σε ευρωπαϊκό και εθνικό επίπεδο.","The sudden changes have undermined the country's energy security but at the same time raise doubts about the achievement of climate targets at European and national level.","305.1",NA
"Το ΠΑΣΟΚ-Κίνημα Αλλαγής είναι το πρώτο κόμμα που κατέθεσε ολοκληρωμένο πλαίσιο για μια νέα κλιματική νομοθεσία.","PASOK-Movement for Change is the first party to put forward a comprehensive framework for new climate legislation.","305.1",NA
"Οι βασικοί στόχοι είναι:","The main objectives are:","416.2",NA
"i. Κλιματική ουδετερότητα στην Ελλάδα έως το 2050.","i. Climate neutrality in Greece by 2050.","416.2",NA
"Θεσμοθέτηση ποσοτικών δεσμεύσεων για τη μείωση των εκπομπών των αερίων του θερμοκηπίου, την εξοικονόμηση ενέργειας και τις ανανεώσιμες πηγές ενέργειας για το 2030, το 2040 και το 2050 σε σύγκριση με τα ποσοστά εκπομπών του 1990.","Establishment of quantitative commitments to reduce greenhouse gas emissions, energy savings and renewable energy sources for 2030, 2040 and 2050 compared to 1990 emission rates.","416.2",NA
"ii. Συγκεκριμένοι στόχοι μείωσης των εκπομπών που προκαλούνται από δράσεις της κυβέρνησης και του Δημόσιου τομέα έως το 2030.","ii. Specific emission reduction targets caused by government and public sector actions by 2030.","416.2",NA
"iii. Συγκεκριμένος προϋπολογισμός υποστήριξης επίτευξης των στόχων και των σχετικών δομών που απαιτούνται.","iii. Specific budget to support the achievement of the targets and the related structures required.","416.2",NA
"Επίσης προβλέπονται μια σειρά από πρωτοβουλίες για να ενισχυθεί η κοινωνική ευθύνη των πολιτών απέναντι στο περιβάλλον, όπως οι εξής:","A number of initiatives are also foreseen to enhance citizens' social responsibility towards the environment, including the following:","501",NA
"Να συσταθεί μια Κλιματική Κοινωνική Συνέλευση, που θα ανοίξει τον διάλογο στην κοινωνία, με συμμετοχή ιδίως των νέων, καθώς και η δημιουργία ενός Ανεξάρτητου Εθνικού Επιστημονικού Συμβουλίου, με ισχυρές και ουσιαστικές αρμοδιότητες.","The establishment of a Climate Social Assembly to open up the dialogue in society, with the participation of young people in particular, and the creation of an Independent National Scientific Council, with strong and meaningful powers.","501",NA
"Ηλεκτρονικές Εφαρμογές που θα δίνουν τη δυνατότητα στους πολίτες να ενημερώνουν σε πραγματικό χρόνο τις αρμόδιες αρχές για περιβαλλοντικές παραβάσεις.","Electronic applications that will enable citizens to inform the competent authorities in real time about environmental infringements.","501",NA
"Καθιέρωσης αντισταθμιστικής πολιτικής στις μεγάλες επενδύσεις για να εξασφαλίζονται οφέλη για την τοπική κοινωνία και να διευκολύνονται παράπλευρες επιχειρηματικές και επαγγελματικές ευκαιρίες και ευκαιρίες απασχόλησης για την τοπική οικονομία.","Establishment of a compensation policy for large investments to ensure benefits for the local community and facilitate spin-off business and professional and employment opportunities for the local economy.","404",NA
"Ενημέρωσης μέσω αναγραφής στις συσκευασίες για την ποσότητα 002 που παρήχθη και επιβάρυνε το περιβάλλον, μέχρι το τελικό προϊόν να φθάσει στο καλάθι του, καθώς και για την ύπαρξη γενετικά τροποποιημένων στοιχείων.","Providing information through labelling on packaging about the amount of 002 produced and polluting the environment by the time the final product reaches the consumer's basket, as well as the presence of genetically modified elements.","404",NA
"Τρίτος άξονας δράσεων η προστασία του υδάτινου δυναμικού με συγκεκριμένες δράσεις, όπως οι εξής:","The third axis of action is the protection of water resources with specific actions, such as the following:","501",NA
"Θεσμοθέτηση ως πολιτικού στόχου της μηδενικής ρύπανσης σε όλα τα ύδατα.","Establishing as a policy objective zero pollution in all waters.","501",NA
"Αυστηροί έλεγχοι και θέσπιση υψηλών αποτρεπτικών προστίμων.","Strict controls and the introduction of high deterrent fines.","501",NA
"Ειδική μέριμνα για τον ποταμό Ασωπό και άλλους ρυπασμένους υδάτινους πόρους.","Special attention to the Asopos River and other polluted water resources.","501",NA
"Ορθολογική διαχείριση των χερσαίων υδάτινων πόρων που περιλαμβάνει:","Rational management of terrestrial water resources including:","501",NA
"Ορθολογική διαχείριση των χερσαίων υδάτινων πόρων που περιλαμβάνει:Κατασκευή μικρών φραγμάτων και υδαταποθηκών για εξοικονόμηση νερού και αντιπλημμυρική προστασία.Έργα αντλησιοταμίευσης στα φράγματα για αποταμίευση ενέργειας και εξοικονόμηση νερού.","Rational management of terrestrial water resources including:Construction of small dams and reservoirs for water saving and flood protection; pumped storage projects at dams for energy and water saving.","501",NA
"Εξοικονόμηση με τον σταδιακό εκσυγχρονισμό και την αλλαγή του υπογείου δικτύου ύδρευσης των αστικών κέντρων.","Savings by gradually modernising and changing the underground water supply network of urban centres.","501",NA
"Αξιοποίησή για γεωργική και άλλες χρήσεις, των υπογείων, εποχιακών η επεξεργασμένων (Ψυττάλεια) υδάτωνπου χάνονται στη θάλασσα.","Utilisation for agricultural and other uses of underground, seasonal or treated (psittale) water lost to the sea.","501",NA
"Αναθεώρηση των σχεδίων διαχείρισης Λεκανών Απορροής Ποταμών.","Review of river basin management plans.","501",NA
"Φυσική αποκατάσταση ποταμών και ρεμάτων, εντός και εκτός των αστικών κέντρων.","Natural restoration of rivers and streams, inside and outside urban centres.","501",NA
"Αντιπλημμυρικά έργα με σύγχρονες Περιβαλλοντικές προδιαγραφές.","Flood protection projects with modern environmental standards.","501",NA
"ΜΕΡΟΣ ΙII Οι προτεραιότητες του κράτους.","PART III State priorities.","H",NA
"Κοινωνική πολιτική, Θεσμοί & Δημόσια Αγαθά","Social Policy, Institutions & Public Goods","H",NA
"1. ΤΟ ΔΗ ΜΟΓΡΑΦΙ ΚΟΠΡΟΒΛΗΜΑ","1. THE PUBLIC DEBT PROBLEM","H",NA
"1. Ιστορική πορεία","1. Historical course","H",NA
"Πριν από 200 χρόνια που έγινε η Επανάσταση του 1821, στόχος ήταν να μεγαλώσει όχι μόνο η έκταση του νέου κράτους με την απελευθέρωση της ιστορικής ελληνικής επικράτειας, αλλά και ο πληθυσμός του που θα ζούσε πλέον ελεύθερα και καλύτερα από το καθεστώς της οθωμανικής δουλείας.","200 years ago, when the Revolution of 1821 took place, the aim was to increase not only the area of the new state by liberating the historical Greek territory, but also its population, which would now live freely and better off from the Ottoman slavery regime.","601.1",NA
"Γ ια τον λόγο αυτό άλλωστε η άνοδος του πληθυσμού ήταν διαρκής και εντονότερη από τις κατά καιρούς εδαφικές επεκτάσεις που λάβαιναν χώρα έπειτα από πολεμικές νίκες ή παραχωρήσεις.","For this reason, moreover, the increase in population was constant and more intense than the occasional territorial expansions that took place following military victories or concessions.","601.1",NA
"Η τελευταία άνοδος (1995-2009) και πτώση (2010-σήμερα) του πληθυσμού.","The latest population increase (1995-2009) and decrease (2010-present).",NA,NA
"Πηγή: AMECO, EUROSTAT.","Source.",NA,NA
"Ακόμα πιο εντυπωσιακή ήταν η μεταπολεμική εξέλιξη.","The post-war evolution has been even more striking.","601.1",NA
"Παρά τις καταστροφές της Κατοχής, την αλληλοσφαγή του Εμφυλίου και την αθρόα μετανάστευση του αγροτικού στοιχείου προς την Βόρεια Ευρώπη και τις ΗΠΑ, ο πληθυσμός της Ελλάδας μεταξύ 1949-2009 αυξήθηκε κατά 53%.","Despite the devastation of the Occupation, the mutual slaughter of the Civil War and the massive emigration of the rural element to Northern Europe and the USA, the population of Greece increased by 53% between 1949 and 2009.","601.1",NA
"Μια αξιοπρόσεκτη αύξηση παρατηρείται τις δεκαετίες του 1990 και του 2000, όταν η οικονομία ενσωματώθηκε στο Ευρώ, η χώρα ισχυροποιήθηκε και προσέλκυσε αρκετούς οικονομικούς μετανάστες ιδιαίτερα από τις γειτονικές χώρες.","A notable increase was observed in the 1990s and 2000s, when the economy was integrated into the Euro, the country became stronger and attracted a number of economic migrants, particularly from neighbouring countries.","408",NA
"Μετά όμως μπήκε στην βαθιά κρίση του 2010 και η ύφεση προκάλεσε ξανά ένα κύμα μετανάστευσης προς το εξωτερικό.","But then it entered the deep crisis of 2010 and the recession again caused a wave of outward migration.","408",NA
"Όπως φαίνεται και στο σχετικό διάγραμμα, μεταξύ 2010 και 2019 ο πληθυσμός μειώθηκε κατά 400.000 άτομα.","As shown in the relevant chart, between 2010 and 2019 the population decreased by 400,000 people.","408",NA
"Αυτή την φορά όμως δεν ήταν οι ανειδίκευτοι αγροτικοί πληθυσμοί αλλά εξειδικευμένα στελέχη, η φυγή των οποίων φρέναρε την άνοδο της εθνικής παραγωγικότητας και ήταν ένας από τους λόγους που κατέρρευσε με τόσο πάταγο η ελληνική οικονομία στην διάρκεια των Μνημονίων.","This time, however, it was not the unskilled agricultural population but skilled workers, whose exodus put the brakes on the rise in national productivity and was one of the reasons why the Greek economy collapsed with such a bang during the Memoranda.","704",NA
"Το κύμα φυγής που σημειώθηκε ήταν αριθμητικά το μεγαλύτερο, οικονομικά το επαχθέστερο και εθνικά το απειλητικότερο από όσες αιμορραγίες πληθυσμού είχαν συμβεί στην διάρκεια των 200 ετών ελεύθερου κράτους, με εξαίρεση τον Πόλεμο του 1940 και την Κατοχή.","The wave of exodus was numerically the largest, economically the most damaging and nationally the most threatening of all the population haemorrhages that had occurred during the 200 years of the free state, with the exception of the 1940 War and the Occupation.","601.1",NA
"Μερικοί ισχυρίζονται ότι κάποιοι από αυτούς ήταν οικονομικοί μετανάστες και τώρα παλιννόστησαν στην πατρίδα τους.","Some claim that some of them were economic migrants and have now returned home.","601.1",NA
"Και πάλι όμως το κόστος ήταν σημαντικό γιατί έτσι χάθηκε η ευκαιρία ενσωμάτωσης τους στην Ελλάδα όπου θα συνέχιζαν να προσφέρουν εργασία και εισφορές.","But again the cost was significant because it meant that they missed the opportunity to integrate into Greece where they would have continued to provide work and contributions.","601.1",NA
"Οι συνέπειες της φυγής μεγεθύνονται ακόμα περισσότερο όταν προβληθούν στο ευρύτερο δημογραφικό τοπίο της χώρας, το οποίο ανεξάρτητα από τις παραπάνω εξελίξεις βρισκόταν ήδη εδώ και τρεις δεκαετίες σε μία συστηματική παρακμή.","The consequences of the exodus are magnified even further when viewed in the context of the country's wider demographic landscape, which, regardless of the above developments, had already been in systematic decline for three decades.","601.1",NA
"2. Πώς το δημογραφικό μπλοκάρει τις στρατηγικές της χώρας","2. How demography blocks the country's strategies","H",NA
"Όπως είναι γνωστό, οι τέσσερις κρίσιμες παράμετροι για την μακροπρόθεσμα βιώσιμη ανάπτυξη μιας χώρας είναι: ο πληθυσμός (δημογραφικό), η παραγωγικότητα, η καινοτομία και οι επενδύσεις.","As is well known, the four critical parameters for the long-term sustainable development of a country are: population (demographics), productivity, innovation and investment.","410",NA
"Χώρες που επιτυγχάνουν συνδυασμό παράλληλης αύξησης πληθυσμού και παραγωγικότητας, αποκτούν μια ιδιαίτερη δυναμική.","Countries that achieve a combination of parallel population and productivity growth acquire a particular dynamic.","410",NA
"Στην περίπτωση της Ελλάδας.","In the case of Greece.","410",NA
"Συνδυάζοντας τώρα το φαινόμενο της χρόνιας δημογραφικής παρακμής με την μεγάλη φυγή της προηγούμενης δεκαετίας, προκύπτει ένα ιδιαζόντως ζοφερό σενάριο για την εξέλιξη του πληθυσμού τα προσεχή χρόνια.","Combining now the phenomenon of chronic demographic decline with the great exodus of the previous decade, a particularly gloomy scenario emerges for the evolution of the population in the coming years.","410",NA
"Οι συνέπειες δεν θα περιοριστούν μόνο στις μονότονες στατιστικές των απογραφών, αλλά θα επηρρεάσουν άμεσα και σημαντικά όλα τα δύσκολα προβλήματα της χώρας: πρώτα από όλα φυσικά την οικονομία, αλλά επίσης την άμυνα, την γεωπολιτική της θέση, την εισροή μεταναστών, ακόμα και το πώς προσλαμβάνεται η χώρα στον εξωτερικό κόσμο ως συνδυασμός","The consequences will not be confined to the monotonous census statistics, but will directly and significantly affect all the country's difficult problems: first of all, of course, the economy, but also its defence, its geopolitical position, the influx of immigrants, and even how the country is perceived in the outside world as a combination of","410",NA
"Πρώτη και καθοριστική θα είναι η επίδραση στην οικονομική εξέλιξη, κυρίως στην σφαίρα της παραγωγής και μετά στις μακρο-οικονομικές διαστάσεις.","First and foremost will be the effect on economic development, mainly in the sphere of production and then on the macroeconomic dimensions.","410",NA
"Η μείωση του ενεργού πληθυσμού θα περιορίσει την εκμάθηση νέων τεχνολογιών και με τη σειρά του αυτό θα οδηγήσει σε υποστελέχωση την παραγωγή υψηλής προστιθέμενης αξίας.","The decline in the active population will limit the learning of new technologies and in turn this will lead to understaffing of high value-added production.","410",NA
"Σε μια περίοδο που όλη η Ευρώπη ανασυντάσσεται σε ένα νέο και απαιτητικό μοντέλο παραγωγής, στην Ελλάδα θα κυριαρχούν μικρές μονάδες χαμηλής τεχνολογίας και κυρίως στον τομέα των απλών υπηρεσιών.","At a time when all of Europe is regrouping to a new and demanding production model, Greece will be dominated by small low-tech units, mainly in the simple services sector.","410",NA
"Αυτό είναι το χρόνιο μειονέκτημα της Ελλάδας να επιτύχει τις λεγάμενες «οικονομίες κλίμακας» που θα της έδιναν μια ισχυρή ώθηση στον διεθνή συναγωνισμό για την προσέλκυση μεγάλων ξένων επενδύσεων.","This is Greece's chronic handicap in achieving the so-called 'economies of scale' that would give it a strong boost in international competition to attract large foreign investment.","410",NA
"Η αδυναμία προσέλκυσης και βιωσιμότητας μονάδων υψηλής προστιθέμενης αξίας θα επηρεάσει άμεσα και αρνητικά όλο το σύμπλεγμα εισοδημάτων, συντάξεων και ασφαλιστικού συστήματος.","The inability to attract and sustain high value-added units will have a direct and negative impact on the whole complex of incomes, pensions and the social security system.","410",NA
"Επειδή και τα εισοδήματα θα είναι χαμηλότερα αλλά και οι παραγωγικές ηλικίες που τα δημιουργούν θα συρρικνωθούν.","Because both incomes will be lower and the productive ages that generate them will shrink.","410",NA
"Ταυτόχρονα, οι πιο ηλικιωμένοι λαμβάνουν συντάξεις κατά πολύ μεγαλύτερες από αυτές που σχεδιάζεται να δοθούν στους σημερινούς εργαζόμενους.","At the same time, the oldest people will receive pensions much higher than those planned for current workers.","410",NA
"Βραχυχρόνια, η μόνη διαφυγή είναι να αυξάνεται το δημόσιο χρέος για να πληρώνει τις μεγάλες συντάξεις αλλά για την Ελλάδα η υπερχρέωση έχει προ πολλού υπερβεί τα όρια ανοχής της Ευρωζώνης και τα περιθώρια είναι από ισχνά έως απλώς ανύπαρκτα.","In the short term, the only escape is to increase public debt to pay for the large pensions but for Greece the over-indebtedness has long exceeded the Eurozone's tolerance limits and the margins are slim to simply non-existent.","410",NA
"Σημειωτέον, ότι από τον Β' Παγκόσμιο και μετά, συνέβαινε ακριβώς το αντίθετο καθώς κάθε γενεά προσδοκούσε να ζήσει καλύτερα από την προηγούμενη.","It should be noted that since World War II, the exact opposite has been the case as each generation has expected to live better than the last.","410",NA
"Η μείωση του πληθυσμού επιφέρει μία ραγδαία ανατροπή αυτού του μοντέλου αλληλεγγύης γενεών, προκαλώντας εντάσεις και εχθρότητες που ως κοινωνία δεν έχουμε διαχειριστεί ξανά.","Population decline is causing a rapid reversal of this model of intergenerational solidarity, causing tensions and animosities that we as a society have never managed before.","410",NA
"Η δημογραφική γήρανση θα πλήξει επίσης την γεωπολιτική ικανότητα της χώρας, γιατί με μειωμένο πληθυσμό στις δυναμικές ηλικίες θα καταφεύγει όλο και περισσότερο στην προμήθεια ακριβών οπλικών συστημάτων που κάθε φορά θα επιβαρύνουν την ήδη εξασθενημένη δυναμική της οικονομίας.","Demographic ageing will also damage the country's geopolitical capacity, because with a declining population in the dynamic age groups, it will increasingly resort to the procurement of expensive weapons systems that will each time put a strain on the already weakened dynamics of the economy.","410",NA
"Κάτι παρόμοιο δηλαδή με το σύνδρομο των κρατιδίων στον Αραβικό Κόλπο να αγοράζουν διαρκώς όπλα για να μην τους καθυποτάξει το Ιράν.","Something similar to the syndrome of the states in the Arabian Gulf of constantly buying weapons to prevent Iran from subjugating them.","410",NA
"Η διαφορά είναι όμως ότι εμείς χωρίς τα πετρέλαια θα χρεωνόμαστε όλο και περισσότερο, επιτείνοντας το αδιέξοδο του ασφαλιστικού συστήματος και του χρέους που είδαμε παραπάνω.","But the difference is that without oil we will be going deeper and deeper into debt, exacerbating the social security and debt impasse we saw above.","410",NA
"Παρά τους ορατούς και μεγάλους κινδύνους για την εξέλιξη της χώρας, υπάρχουν αρκετοί που θεωρούν ότι το μοντέλο δημογραφικής γήρανσης είναι οικονομικά βιώσιμο με ένα τρόπο που στην πραγματικότητα το οξύνει.","Despite the visible and great risks to the country's development, there are many who believe that the demographic aging pattern is economically sustainable in a way that actually exacerbates it.","410",NA
"Η υπόθεση είναι ότι η Ελλάδα με την ηλιοφάνεια που έχει θα προσελκύει και άλλους ηλικιωμένους από την Βόρεια Ευρώπη που θα προστίθενται στις δικές μας ομάδες συνταξιούχων, διαμορφώνοντας έτσι την αποκαλούμενη “ασημένια οικονομία” (είΙνθΓ θοοηοηηγ) από το χρώμα των κροτάφων που θα κυριαρχούν στον πληθυσμό.","The assumption is that Greece, with its sunshine, will attract more elderly people from Northern Europe to join our own retiree groups, thus forming the so-called 'silver economy' (i.e. the silver economy) by the colour of the temples that will dominate the population.","410",NA
"Προβλέπεται ότι αυτό θα οδηγήσει σε μια ισχυρή ζήτηση υπηρεσιών διαμονής και προϊόντων διαβίωσης, από κατοικίες και σπορ έως τοπικές κουζίνες και περίθαλψη που θα επαρκούν για να κρατούν την οικονομία σε υψηλά επίπεδα δραστηριότητας και απασχόλησης.","It is predicted that this will lead to a strong demand for accommodation services and subsistence products, from housing and sports to local cuisines and healthcare sufficient to keep the economy at high levels of activity and employment.","410",NA
"Το μοντέλο αυτό μπορεί όντως να αναπτυχθεί στην Ελλάδα, σε καμμία περίπτωση όμως δεν αποτελεί υποκατάστατο μιας εύρωστης οικονομίας ή ακόμα περισσότερο την εναλλακτική επιλογή μιας δυναμικής κοινωνίας.","This model can indeed be developed in Greece, but it is by no means a substitute for a robust economy or, even more so, an alternative to a dynamic society.","410",NA
"Ο λόγος είναι ότι η χώρα θα παραμείνει σε τεχνολογική υστέρηση αφού τα περισσότερα αγαθά δεν θα είναι διεθνώς εμπορεύσιμα, ενώ είναι πιθανό ένας σημαντικός αριθμός εργαζομένων να προέρχεται από μετανάστες αφού το εγχώριο δυναμικό δεν θα επαρκεί ή δεν θα επιλέγει αυτές τις εργασίες.","The reason is that the country will remain technologically backward since most goods will not be internationally tradable, and it is likely that a significant number of workers will be migrants since the domestic workforce will not be sufficient or will not choose these jobs.","410",NA
"Με λίγα λόγια, η δημογραφική παρακμή αναπόφευκτα θα επιφέρει όλο και περισσότερες αρνητικές συνέπειες στην κοινωνική συνοχή, την εθνική ισχύ και την παραγωγική ικανότητα της χώρας.","In short, demographic decline will inevitably have an increasingly negative impact on social cohesion, national strength and the country's productive capacity.","410",NA
"Συμπυκνώνει και εκφράζει τις μείζονες δυσκολίες και τα επικείμενα αδιέξοδα, από την διαρκή κρίση στα ελληνοτουρκικά έως το συνταξιοδοτικό χάος.","It encapsulates and expresses the major difficulties and impending deadlocks, from the ongoing crisis in the Greek-Turkish conflict to the pension chaos.","410",NA
"Και από το εκρηκτικό δημόσιο χρέος που πάλι συσσωρεύτηκε τα τελευταία χρόνια έως την επιρροή της χώρας στα ευρωπαϊκά και διεθνή θέματα, η οποία συχνά κλονίζεται παρά τις σημαντικές πρωτοβουλίες που αναλαμβάνονται για να ανατρέψουν την φθίνουσα φορά των πραγμάτων.","And from the exploding public debt that has again accumulated in recent years to the country's influence in European and international affairs, which is often shaken despite the important initiatives taken to reverse the declining tide.","410",NA
"3. Διαθέσιμες επιλογές","3. Available options","H",NA
"Το δημογραφικό είναι λοιπόν μακράν το μείζον θέμα που έχουμε σήμερα να αντιμετωπίσουμε ως χώρα.","Demography is therefore by far the biggest issue we face as a country today.","410",NA
"Αν χειροτερεύσει, όλα θα πάνε χειρότερα.","If it gets worse, everything will get worse.","410",NA
"Αν βελτιωθεί σημαντικά, θα ανοίξουν παράθυρα ευκαιρίας σε πολλούς τομείς.","If it improves significantly, windows of opportunity will open up in many areas.","410",NA
"Δυστυχώς όμως δεν επιδέχεται λύσεις που είναι ταυτόχρονα εύκολες και γρήγορες.","Unfortunately, however, it is not amenable to solutions that are both easy and quick.","410",NA
"Στην πραγματικότητα, μόνο δύο τρόποι υπάρχουν να το επηρρεάσουμε:","In fact, there are only two ways to influence it:","410",NA
"(α) 0 ένας τρόπος είναι με την συστηματική άνοδο της γονιμότητας του πληθυσμού, αν και τα εργαλεία πολιτικής που είναι διαθέσιμα δεν είναι πάντοτε αποτελεσματικά και παίρνει συνήθως μια γενεά για να ολοκληρωθούν.","(a) 0 One way is by systematically raising the fertility of the population, although the policy tools available are not always effective and it usually takes a generation to complete.","410",NA
"(β) Ο δεύτερος τρόπος είναι με την άμεση μετανάστευση που αυξάνει τόσο τον πληθυσμό όσο και τον μέσο όρο της γονιμότητας.","(b) The second way is by direct migration that increases both population and average fertility.","410",NA
"Το πρόβλημα σήμερα έχει γίνει πιο περίπλοκο με την έκρηξη του κύματος προσφύγων και θέλει ένα πολύ επιδέξιο μηχανισμό επιλογής και πλήρους ενσωμάτωσης για να μετριαστούν οι δυσκολίες προσαρμογής τους στην χώρα μας και να επιταχυνθεί η αποδοχή τους από την ελληνική κοινωνία.","The problem today has become more complex with the explosion of the refugee wave and needs a very skilful mechanism of selection and full integration to mitigate the difficulties of their adaptation to our country and accelerate their acceptance by Greek society.","410",NA
"Στην Ελλάδα πρέπει να συνδυαστούν και οι δύο προσεγγίσεις, με στόχο πρώτα να ανακοπεί η δημογραφική παρακμή και μετά να αρχίσει η λεγάμενη «δημογραφικό αναστροφή», αν θέλουμε η χώρα να παραμείνει σε μια τροχιά ισχυροποίησης και προόδου και μετά τα 200 πρώτα χρόνια.","In Greece, both approaches must be combined, with the aim of first halting demographic decline and then beginning the so-called ""demographic turnaround"" if we want the country to remain on a trajectory of consolidation and progress beyond the first 200 years.","410",NA
"Στην συνέχεια θα περιγράφουμε ποια υπήρξαν τα γεγονότα που οδήγησαν στην δημογραφική κατάρρευση τις προηγούμενες δεκαετίες και πώς οι συνέπειες τους μπορούν - έστω και έκτων υστέρων - να αντιμετωπιστούν.","In what follows, we will describe what the events were that led to the demographic collapse in the past decades and how their consequences can - even in retrospect - be addressed.","410",NA
"5. Μια κοινωνία χωρίς νέους","5. A society without young people","H",NA
"Η ιστορική εξέλιξη της γονιμότητας στην Ελλάδα δείχνει ότι εδώ και τέσσερις δεκαετίες βρίσκεται πολύ χαμηλότερα από το κατώφλι αναπαραγωγής του πληθυσμού.","The historical development of fertility in Greece shows that for four decades it has been well below the population replacement threshold.","410",NA
"Έτσι ο πληθυσμός διαχρονικά μειώνεται και σε απόλυτα μεγέθη αλλά και σε σύγκριση με άλλες χώρες που έχουν καλύτερη δυναμική.","Thus the population has been declining over time, both in absolute terms and in comparison with other countries with better dynamics.","410",NA
"Γ ια παράδειγμα, το 2000 η Ελλάδα είχε το 2,52% του πληθυσμού της Ευρωπαϊκής Ένωσης των 27, ενώ σήμερα έχει το 2,37%.","For example, in 2000 Greece had 2.52% of the population of the EU-27, whereas today it has 2.37%.","410",NA
"Αν και η πτώση φαίνεται μικρή, μπορεί να έχει σοβαρές μακροχρόνιες συνέπειες σε αποφάσεις κατανομής πόρων με βάση τον πληθυσμό.λ","Although the drop seems small, it can have serious long-term consequences for decisions on population-based resource allocation.l","410",NA
"Πρόσφατα η Ελλάδα έλαβε 32 δισεκ. Ευρώ από το Ταμείο Ανάκαμψης.","Recently, Greece received 32 billion euro for its population. Greece recently received €32 billion from the Recovery Fund.","410",NA
"Όμως αν ίσχυε η αναλογία του 2000 θα μπορούσε να λάβει επιπλέον 2 δισεκ. Ευρώ, δηλαδή πάνω από 1% του ΑΕΠ.","But if the 2000 ratio were in place, it could receive an additional 2 billion. If the 2000 2000 baseline was applied, the EU would have received an additional €2 billion, i.e. more than 1% of GDP.","410",NA
"Ακόμα δυσμενέστερη είναι η σύγκριση με κράτη που την απειλούν διαχρονικά, όπως φυσικά η Τουρκία.","Even more unfavourable is the comparison with states that have been threatening it over time, such as of course Turkey.","102",NA
"Την δεκαετία του 1960, οι γείτονες ήταν τρεισήμισι φορές περισσότεροι από μας ενώ σήμερα είναι οκταπλάσιοι και καθένας μπορεί να βγάλει μερικά συμπεράσματα για τις πιθανές επιπτώσεις στην διαχρονική αντιπαράθεση των δύο χωρών.","In the 1960s, the neighbours were three and a half times as many as us, while today they are eight times as many, and everyone can draw some conclusions about the possible implications for the two countries' long-standing confrontation.","102",NA
"Η δημογραφική παρακμή προκαλεί όμως και εσωτερική ανασύνθεση του πληθυσμού εις βάρος των νεότερων ηλικιών που καλούνται να συνεισφέρουν με όλο και μεγαλύτερο κόστος προκειμένου να χρηματοδοτήσουν τις μεγαλύτερες ηλικίες.","But demographic decline is also causing an internal reshuffling of the population at the expense of the younger generations, who are being asked to contribute at ever greater cost in order to finance the older generations.","706",NA
"Χωρίς να υπεισέλθουμε σε περίπλοκους υπολογισμούς, μπορεί κανείς εύκολα να δει πως οι αυριανοί εργαζόμενοι θα είναι ένα κλάσμα των αυριανών συνταξιούχων, ενώ θα έπρεπε να είναι σαφώς περισσότεροι.","Without going into complicated calculations, it is easy to see that tomorrow's workers will be a fraction of tomorrow's pensioners, whereas there should be considerably more of them.","701",NA
"Η επιβάρυνση του ασφαλιστικού συστήματος","The burden on the social security system","H",NA
"Ο αναδιανεμητικός χαρακτήρας του ασφαλιστικού συστήματος, επιβάλει την δραστική αντιμετώπιση του δημογραφικού ζητήματος και το συνδέει με την εξέλιξη των συντάξεων αλλά και με τα όρια του χρόνου εργασίας.","The redistributive nature of the social security system means that the demographic issue must be tackled drastically and is linked to the development of pensions and working time limits.","505",NA
"Με την πρόοδο στην μακροζωία, ο βίος επιμηκύνεται και σταθεροποιείται η αναλογία απασχόλησης προς την διάρκεια ζωής.","With progress in longevity, life is becoming longer and the ratio of employment to life expectancy is stabilising.","505",NA
"Υπάρχει όμως και μια άλλη ανισορροπία στην σύνθεση του πληθυσμού που αφορά τον άνω δείκτη.","There is, however, another imbalance in the composition of the population that relates to the upper indicator.","505",NA
"Μετά το 1990 βλέπουμε μία διαρκή σταθερή άνοδο, η οποία οφείλεται στην όλο και μεγαλύτερη διάρκεια ζωής που καταγράφεται στην χώρα μας ως αποτέλεσμα των καλύτερων υπηρεσιών υγείας που προσφέρονται.","Since 1990 we have seen a constant and steady increase, which is due to the increasingly longer life expectancy recorded in our country as a result of the better health services offered.","505",NA
"Μετά το 2009 ο δείκτης εξάρτησης γίνεται ακόμα εντονότερος, αυτή την φορά όμως λόγω της φυγής των 400.000 που επιφέρει άμεση μείωση στον συνολικό ενεργό πληθυσμό της χώρας.","After 2009 the dependency ratio becomes even more pronounced, but this time due to the outflow of 400,000 people, which brings about a direct reduction in the total active population of the country.","505",NA
"Έτσι οι ηλικιωμένοι άνω των 65 ετών από το 20% του ενεργού πληθυσμού που ήταν την δεκαετία του 1980, είναι πλέον στο 35% δυσκολεύοντας το σημερινό ασφαλιστικό σύστημα.","Thus, the elderly over 65 years old from 20% of the active population in the 1980s is now 35%, making the current insurance system difficult.","505",NA
"Τις συνέπειες αυτής της όξυνσης τις ζούμε ήδη: οι σημερινοί εργαζόμενοι υπόκεινται σε μεγάλη αφαίμαξη για να πληρώνουν τις συντάξεις των μεγαλύτερων.","We are already experiencing the consequences of this aggravation: today's workers are subjected to great bleeding to pay for the pensions of older people.","505",NA
"Δυστυχώς το ίδιο θα επαναληφθεί και με τις δικές τους συντάξεις, τροφοδοτώντας έτσι ένα διαρκή κύκλο φθοράς και αντιπαράθεσης μεταξύ γενεών, αν δεν αντιστραφούν οι δημογραφικοί συσχετισμοί.","Unfortunately, the same will unfortunately be repeated with their own pensions, thus fuelling a perpetual cycle of intergenerational attrition and confrontation if the demographic correlations are not reversed.","505",NA
"Η γήρανση της κοινωνίας","The ageing of society","H",NA
"Η συγκέντρωση όλο και μεγαλύτερων τμημάτων του πληθυσμού σε μεγαλύτερες ηλικίες θα έχει και άλλες συνέπειες που θα είναι δύσκολα διαχειρίσιμες, καθώς οι πιο ηλικιωμένοι είναι συνήθως και πιο διατακτικοί να αλλάξουν τον τρόπο ζωής τους ή να χρησιμοποιήσουν τις νέες δυνατότητες της τεχνολογίας.","The concentration of ever larger parts of the population in older age groups will have other consequences that will be difficult to manage, as older people are usually also more inclined to change their lifestyles or use the new possibilities offered by technology.","706",NA
"Οι εμπειρίες της πρόσφατης πανδημίας είναι ένα δραματικό παράδειγμα της καταπόνησης που μπορεί να επέλθει στο σύστημα υγείας της χώρας, αν ο εκτεταμένος πληθυσμός μεγάλης ηλικίας αρνείται να συμμορφωθεί με τις επιταγές της επιστήμης και τα υγειονομικά πρωτόκολλα.","The experiences of the recent pandemic are a dramatic example of the strain that can be placed on a country's health care system if the extended older population refuses to comply with the dictates of science and health protocols.","706",NA
"Βεβαίως, η ελληνική κοινωνία πρέπει να είναι περήφανη που πέτυχε να διασφαλίσει μεγαλύτερο και καλύτερο βίο για την πλειοψηφία των απομάχων.","Of course, Greek society should be proud that it has succeeded in ensuring a longer and better life for the majority of the demented.","706",NA
"Γ ια να συνεχίσει όμως αυτή η διαδικασία βελτίωσης πρέπει η κοινωνία γρήγορα να γεμίσει νέους και παιδιά.","But if this process of improvement is to continue, society must quickly fill up with young people and children.","706",NA
"2. ΔΗΜΟΓΡΑΦΙΚΗ ΑΝΑΚΑΜΨΗ ΜΕ ΝΕΑ ΚΙΝΗΤΡΑ","2. DEMOGRAPHIC RENEWAL WITH NEW INCENTIVES","H",NA
"Η μακροχρόνια, σταθερή και ουσιαστική αντιμετώπιση του Δημογραφικού, απαιτεί γενναίες πολιτικές αποφάσεις κι ένα συνολικό πλαίσιο μακροχρόνιου σχεδιασμού αλλά και άμεσων μέτρων τα οποία θα ανακουφίσουν τις τρέχουσες γενιές και θα χτίσουν οικονομικές και κοινωνικές συνθήκες κατάλληλες και ασφαλείς για την συνεχή πληθυσμιακή αναπαραγωγή και αναγέννηση:","A long-term, stable and effective approach to the demographic problem requires courageous political decisions and an overall framework of long-term planning and immediate measures which will relieve current generations and build economic and social conditions suitable and safe for continued population reproduction and regeneration","606.1",NA
"(α) Τόνωση της γεννητικότητας του ελληνικού πληθυσμού.","(a) Stimulating the fertility of the Greek population.","601.1",NA
"Πρέπει να καταστεί απολύτως σαφές ότι ο δείκτης γεννητικότητας στην Ελλάδα είναι σήμερα σε τόσο χαμηλά επίπεδα, που θα απαιτήσει ένα σημαντικό χρονικό διάστημα για να επανέλθει στο επίπεδο άνω του 2,1 τέκνα ανά γυναίκα αναπαραγωγικής ηλικίας και να διασφαλίσει έτσι την βιωσιμότητα του πληθυσμού.","It must be made absolutely clear that the fertility rate in Greece is currently at such low levels that it will take a considerable period of time to return to a level above 2.1 children per woman of reproductive age and thus ensure the sustainability of the population.","601.1",NA
"Κατά συνέπεια, τα οποιαδήποτε μέτρα ενίσχυσης γεννητικότητας θα είναι συστηματικά ανεπαρκή για να αντιστρέφουν την δημογραφική γήρανση τις επόμενες δεκαετίες, και για αυτό χρειάζεται και μία πολιτική που αφορά την διεύρυνση του πληθυσμού.","Consequently, any measures to boost fertility will be systematically inadequate to reverse demographic ageing in the coming decades, which is why a policy of population expansion is also needed.","601.1",NA
"(β) Παλινόστηση και μετανάστευση: σημαντική δημογραφική τόνωση στο μεσοχρόνιο διάστημα μπορεί να επιτευχθεί μόνο εάν","(b) Ageing and immigration: a significant demographic boost in the medium term can only be achieved if","601.1",NA
"παράλληλα υιοθετηθεί μια συστηματική πολιτική προσέλκυσης τόσο Ελλήνων του εξωτερικού για επιστροφή και μετεγκατάσταση στην Ελλάδα όσο και μεταναστών με διαδικασίες πλήρους οικονομικής και κοινωνικής ενσωμάτωσης τους στην ελληνική κοινωνία.","a systematic policy is adopted to attract both Greeks from abroad to return and resettle in Greece and immigrants with procedures for their full economic and social integration into Greek society.","601.1",NA
"(γ) Καταπολέμηση κινήτρων φυγής στους νέους: λήψη και εφαρμογή μέτρων τα οποία θα ανακουφίσουν τις τρέχουσες γενιές και θα χτίσουν οικονομικές και κοινωνικές συνθήκες κατάλληλες και ασφαλείς για την συνεχή πληθυσμιακή αναπαραγωγή και αναγέννηση.","(c) Combating incentives for young people to leave: taking and implementing measures that will relieve the current generations and build economic and social conditions suitable and safe for continued population reproduction and regeneration.","706",NA
"Η δέσμη μέτρων δημογραφικής ανάκαμψης περιλαμβάνει:","The demographic recovery package includes:","601.1",NA
"Διασφάλιση στέγασης και βελτίωση ποιότητας","Housing security and quality improvement","504",NA
"Η κυβέρνηση της Νέας Δημοκρατίας προφανώς όχι μόνο αγνόησε πλήρως το οξύ στεγαστικό πρόβλημα, ειδικά των νέων, αλλά απέφυγε να δεσμεύσει κεφάλαια από το Ταμείο Ανάκαμψης και Ανθεκτικότητας υπέρ της Κοινωνικής Κατοικίας.","The New Democracy government has apparently not only completely ignored the acute housing problem, especially for young people, but has avoided committing funds from the Recovery and Resilience Fund in favour of Social Housing.","504",NA
"Επίσης κατάργησε την εργατική και εργοδοτική συμμετοχή υπέρ Εργατικής Κατοικίας, προέβλεψε στον νέο Πτωχευτικό Κώδικα ιδιωτικό Φορέα Αγοράς και Επανενοικίασης (5&Ι_Β) που θα αποκτήσει την κυριότητα ευάλωτων υπερχρεωμένων νοικοκυριών για να τα επαναμισθώνει σε αυτά και αφήνει να λιμνάζει 1,5 δις Ευρώ στην ΔΥΠΑ (πρώην ΟΑΕΔ) που υπολογίζονται στο αποθεματικό της Γενικής Κυβέρνησης.","It also abolished the labour and employer contribution in favour of Social Housing, provided in the new Bankruptcy Code for a private Purchase and Re-rental Agency (5&I_B) to take ownership of vulnerable over-indebted households in order to re-rent them to them and left 1.5 billion Euros stagnating in the DYPA (formerly OAED) which is counted in the General Government reserve.","504",NA
"Το ΠΑΣΟΚ - Κίνημα Αλλαγής με παρέμβαση του τον Απρίλιο του 2022 έθεσε ως βασική πολιτική προτεραιότητα το πλαίσιο μίας ολιστικής και συνεκτικής πολιτικής για την στέγαση με βραχυπρόθεσμους, μεσοπρόθεσμους και μακροπρόθεσμους στόχους.","PASOK - Movement for Change, with its intervention in April 2022, set as a key political priority the framework of a holistic and coherent housing policy with short, medium and long-term objectives.","305.1",NA
"Στο πλαίσιο αυτής της πολιτικής περιλαμβάνονται κατ’ αρχάς μέτρα όπως η επιδότηση ενοικίου για την άμεση αντιμετώπιση του αυξημένου κόστους στέγασης.","This policy framework includes firstly measures such as rent subsidies to directly address the increased housing costs.","504",NA
"Η ενίσχυση θα χορηγείται είτε ως επίδομα ενοικίου και βοήθημα αποπληρωμής δανείων Α' κατοικίας ενώ θα καθορίζεται από το ετήσιο εισόδημα και την ατομική περιουσία του δικαιούχου και τα εξαρτώμενα μέλη του νοικοκυριού, εάν είναι ενταγμένοι σε ευάλωτη ομάδα πληθυσμού (άνεργος, πολύτεκνος, ΑΜΕΑ, χαμηλοσυνταξιούχους), θα συνυπολογίζει και τα υπόλοιπα κόστη στέγαση νοικοκυριού (ηλεκτρική ενέργεια, ύδρευση, στέγαση) και θα ενσωματώσει το υφιστάμενο επίδομα που χορηγείται από τον ΟΠΕΚΑ σε μικρό αριθμό δικαιούχων απόλυτης φτώχειας.","The support will be granted either as a rent subsidy and a first home loan repayment assistance and will be determined by the annual income and personal property of the beneficiary and the dependent members of the household, if they are part of a vulnerable group (unemployed, large family, disabled, disabled, low pensioners), will also take into account other household housing costs (electricity, water supply, housing) and will incorporate the existing allowance granted by OPEKA to a small number of absolute poverty beneficiaries.","504",NA
"Θα καθοριστεί ανώτατο πλαφόν στα τ.μ. κατοικίας ανά ομάδα πληθυσμού καθώς και στο ύψος του δηλωθέντος μισθώματος και δόσης δανείου.","A ceiling will be set on the square meters of housing per population group and on the amount of the declared rent and loan instalment.","504",NA
"Ωστόσο αυτού του τύπου οι ενισχύσεις δεν αποτελούν βιώσιμη λύση καθώς αντιμετωπίζουν επιφανειακά το πρόβλημα.","However, this type of aid is not a viable solution as it addresses the problem superficially.","504",NA
"Γ ια αυτό πυρήνας της πρότασης μας είναι ένα δημόσιο απόθεμα κοινωνικών κατοικιών, σύγχρονων και βιοκλιματικών, το οποίο δεν θα διατίθεται για ιδιοκατοίκηση όπως στο παρελθόν, αλλά προς ενοικίαση.","Therefore, the core of our proposal is a public stock of social housing, modern and bioclimatic, which will not be available for owner-occupation as in the past, but for renting.","504",NA
"Ειδικότερα εκτός των μεγάλων αστικών κέντρων, η αποκατάσταση εγκαταλελειμμένων και φθινόντων οικισμών, σε συνδυασμό με προσφορά ποιοτικών κατοικιών σε εσωτερικούς μετοικούντες και εξωτερικούς μετανάστες και σε ψηφιακούς νομάδες, θα δημιουργούσε μια καλή δυναμική, δημογραφικά, οικονομικά και αναπτυξιακά στην περιφέρεια.","In particular outside the major urban centres, the rehabilitation of abandoned and deteriorating settlements, combined with the provision of quality housing for internal and external migrants and digital nomads, would create a good dynamic, demographically, economically and developmentally, in the region.","504",NA
"Η πρόταση αυτή είναι δοκιμασμένη αφού υπάρχουν πετυχημένα παραδείγματα από τα οποία μπορούμε να μάθουμε, τόσο από την Πορτογαλία όσο και από άλλες χώρες της Ευρώπης με πλούσια εμπειρία στον τομέα αυτό.","This proposal is tried and tested as there are successful examples from which we can learn, both from Portugal and from other European countries with rich experience in this field.","504",NA
"Εκμεταλλευόμενοι τα ακίνητα του δημοσίου και τις δημόσιες εκτάσεις (ΕΦΚΑ - ΕΤΑΔ - ΔΥΠΑ τ. ΟΕΚ κλπ), μπορούμε να προχωρήσουμε, αξιοποιώντας και ευρωπαϊκούς πόρους, στην κατασκευή και ανακατασκευή χιλιάδων κατοικιών, οι οποίες βρίσκονται διάσπαρτες μέσα στις πόλεις και θα διατίθενται προς ενοικίαση με κοινωνικά κριτήρια σε προσιτές τιμές.","By taking advantage of public property and public land (EFKA - ETAD - DYPA of the former OEK, etc.), we can proceed, using European funds, to build and reconstruct thousands of houses, which will be scattered throughout the cities and will be available for social rent at affordable prices.","504",NA
"Ειδική πρόβλεψη πρέπει να υπάρξει για νέες οικογένειες, ώστε να βοηθήσουμε στην αντιμετώπιση του δημογραφικού.","Special provision must be made for young families, so that we can help tackle the demographic problem.","603",NA
"Τα έσοδα από αυτά τα ενοίκια θα μπορούσαν να χρηματοδοτήσουν τις εργασίες συντήρησης των κατοικιών αυτών, την κατασκευή νέων ή την υλοποίηση κοινωνικών πολιτικών.","The income from these rents could finance the maintenance of these houses, the construction of new ones or the implementation of social policies.","504",NA
"Οι βασικές γραμμές ενός προγράμματος κοινωνικής κατοικίας θα μπορούσαν να είναι οι εξής:","The basic outlines of a social housing programme could be as follows:","504",NA
"1. Απαραίτητη προϋπόθεση να ιδρυθεί ένας Οργανισμός Στεγαστικής Πολιτικής, ως μια Δημόσια Διοικητικής Δομή, η οποία θα έχει και την ευθύνη εφαρμογής των αποφάσεων.","1. A Housing Policy Agency should be established as a public administrative structure, which would be responsible for implementing decisions.","504",NA
"Ο Οργανισμός αυτός θα απορροφήσει και τον Φορέα Απόκτησης και Επαναμίσθωσης που προβλέπει ο νέος Πτωχευτικός Νόμος (ν.4738/2020)","This Organization will also absorb the Acquisition and 
                             Leasing Agency provided for in the new Bankruptcy Law (Law 4738/2020).","504",NA
"Η Πολιτεία μέσω του φορέα είτε διαθέτει είτε αγοράζει γη που κρίνεται κατάλληλη για οικιστική ανάπτυξη και διατηρεί τον έλεγχο του είδους και της φύσης της οικιστικής ανάπτυξης.","The State, through the agency, either makes available or purchases land deemed suitable for residential development and maintains control over the type and nature of residential development.","504",NA
"Στη συνέχεια, ζητά προτάσεις από ιδιώτες κατασκευαστές, οι οποίοι θα κατασκευάσουν και θα διατηρήσουν την ιδιοκτησία των οικιστικών μονάδων.","It then solicits proposals from private developers who will construct and retain ownership of the residential units.","504",NA
"Μια κριτική επιτροπή αξιολογεί αυτές τις προτάσεις με βάση τέσσερα κριτήρια: αρχιτεκτονική ποιότητα, περιβαλλοντική και ενεργειακή απόδοση, κοινωνική βιωσιμότητα και οικονομικές παραμέτρους όπως προτεινόμενα επίπεδα ενοικίου και κόστος.","A jury evaluates these proposals based on four criteria: architectural quality, environmental and energy efficiency, social sustainability, and economic parameters such as proposed rent levels and costs.","504",NA
"Αφού η κριτική επιτροπή επιλέξει έναν κατασκευαστή, ο φορέας (ή ο Δήμος) διαθέτει τη γη στον κατασκευαστή σε προσιτή τιμή.","Once the jury has selected a developer, the developer (or the municipality) makes the land available to the developer at an affordable price.","504",NA
"Επιπλέον, υπάρχει η δυνατότητα δανειοδότησης του κατασκευαστή με ευνοϊκούς όρους όπως χαμηλά επιτόκια και παρατεταμένες περιόδους αποπληρωμής.","In addition, there is the possibility of a loan to the developer on favourable terms such as low interest rates and extended repayment periods.","504",NA
"Οι ιδιώτες κατασκευαστές που συνεργάζονται με την κυβέρνηση για την κατασκευή οικονομικών κατοικιών απαιτείται να επιτρέψουν την ενοικίαση πχ. των μισών από τα νέα διαμερίσματα σε κατοίκους χαμηλότερου εισοδήματος, ενώ μπορούν να μισθώσουν τις υπόλοιπες μονάδες σε κατοίκους μεσαίου εισοδήματος.","Private developers working with the government to build affordable housing are required to allow, for example, half of the new apartments to be rented to lower-income residents, while they can rent the remaining units to middle-income residents.","504",NA
"Τα ενοίκια ρυθμίζονται από έτσι ώστε κανένας από τους κατοίκους να μην πληρώνει περισσότερο από 20 έως 25 τοις εκατό του εισοδήματος του νοικοκυριού του για στέγαση.","Rents are regulated so that no resident pays more than 20 to 25 percent of their household income for housing.","504",NA
"Οι εισοδηματικοί περιορισμοί για τις επιδοτούμενες μονάδες ισχύουν μόνο όταν οι οικογένειες μετακομίζουν για πρώτη φορά.","Income restrictions for subsidized units apply only when families first move in.","504",NA
"Αυτή η ρύθμιση οδηγεί σε σημαντικό αριθμό κατοίκων μέτριου εισοδήματος που ζουν σε επιδοτούμενες κατοικίες και αυτή η ανάμειξη κατοίκων με διαφορετικά επίπεδα εισοδήματος βοηθά στην κοινωνική ένταξη.","This arrangement results in a significant number of moderate-income residents living in subsidized housing, and this mix of residents with different income levels helps with social integration.","504",NA
"Δεδομένου ότι σταδιακά δημιουργείται σημαντικό απόθεμα οικονομικά προσιτών κατοικιών, οι κάτοικοι μεσαίου εισοδήματος δεν παραγκωνίζουν τους κατοίκους χαμηλότερου εισοδήματος, συνεπώς οι οικιστικές αναπτύξεις δεν μετατρέπονται ούτε σε θύλακες της μεσαίας τάξης ούτε γίνονται γκετοποιημένες και στιγματισμένες συγκεντρώσεις φτώχειας.","As a substantial stock of affordable housing is gradually built up, middle-income residents do not crowd out lower-income residents, so housing developments neither become pockets of the middle class nor become ghettoized and stigmatized concentrations of poverty.","504",NA
"Οι πόροι για αυτό το πρόγραμμα θα προέλθουν από Ταμείο Ανάκαμψης Ανθεκτικότατος στα Πρότυπα του Πορτογαλικού Ποονοάυυατοο.","The resources for this programme will come from the Portuguese model resilient recovery fund;","504",NA
"από τουο λιυνάζοντεο πόοουο του ποώην ΟΕΚαλλά και από την Ευρωπαϊκή Τράπεζα Επενδύσεων.","from the Portuguese OEO's lino fund; and from the European Investment Bank.","504",NA
"Παράλληλα, πρέπει να παρέχουμε κίνητρα σε ιδιοκτήτες κατοικιών να ενοικιάσουν τις κατοικίες τους που παραμένουν κενές και αναξιοποίητες για μεγάλο χρονικό διάστημα, ιδιαίτερα στις μεγάλες πόλεις όπου το πρόβλημα στέγασης είναι εντονότερο.","At the same time, we need to provide incentives for homeowners to rent out their homes that have been vacant and unused for a long period of time, particularly in the large cities where the housing problem is most acute.","504",NA
"Τα κίνητρα αυτά μπορεί να είναι φορολογικές ελαφρύνσεις, ή ακόμα και η χρηματοδότηση του κόστους ανακαίνισής τους, με την υποχρέωση όμως να τις διαθέτουν στη συνέχεια για μακροχρόνια ενοικίαση σε προσιτές τιμές.","These incentives could be tax breaks, or even financing the cost of renovation, but with the obligation to make them available for long-term rental at affordable prices.","504",NA
"Επιπλέον, στο πρότυπο και άλλων χωρών θα πρέπει να υιοθετήσουμε ένα θεσμικό πλαίσιο με σαφείς κανόνες και όρια για τις βραχυχρόνιες μισθώσεις τύπου ΑίΓόηό, για τα μεγάλα αστικά κέντρα, όπου παρατηρείται εντονότερη πίεση στις τιμές των ενοικίων.","In addition, following the model of other countries, we should adopt an institutional framework with clear rules and limits for Aigoo-type short-term rentals for large urban centres, where there is more intense pressure on rental prices.","504",NA
"(2) Οικονομικές και θεσμικές ενισχύσεις","(2) Financial and institutional support","H",NA
"Πέρα από τα κίνητρα απασχόλησης, επιχειρηματικότητας και την κατάρτιση σε νέες τεχνολογίας ώστε η απόκτηση παιδιών να μην αποτελεί αντικίνητρο απασχόλησης ή επαγγελματικής εξέλιξης η πρόταση μας για εκτεταμένο πρόγραμμα παροχής κατοικιών ή διευκόλυνση ενοικίασης/απόκτησης έχει ειδική στόχευση για νέα ζευγάρια με στόχο τη διασφάλιση και τη βελτίωση ποιότητας της στέγασης.","Beyond incentives for employment, entrepreneurship and training in new technologies so that having children is not a disincentive to employment or career development, our proposal for an extended housing programme or rental/acquisition facility is specifically targeted at young couples to ensure and improve the quality of housing.","504",NA
"Επιπλέον για εμάς χρειάζεται αναθεώρηση και εκσυγχρονισμός των επιδομάτων τέκνων με επικαιροποίηση κριτηρίων και διεύρυνση των δικαιούχων.","In addition, for us there is a need to review and modernise child benefits by updating criteria and broadening the beneficiaries.","504",NA
"Στην Ελλάδα χορηγούνται μια σειρά από επιδόματα ανάλογα με τον αριθμό των τέκνων.","In Greece, a number of allowances are granted according to the number of children.","504",NA
"Η χορήγηση γίνεται μετά από τον έλεγχο εισοδηματικών κριτηρίων, ώστε να μην επεκτείνεται σε οικογένειες με κάπως υψηλότερα εισοδήματα αλλά να συγκεντρώνεται στις φτωχότερες.","They are granted after controlling income criteria, so that they are not extended to families with somewhat higher incomes but are concentrated on the poorest.","503",NA
"Επίσης τα επιδόματα είναι χαμηλά για τα πρώτα παιδιά, αυξάνονται όμως σημαντικά για τα επόμενα.","Also the allowances are low for the first children, but increase significantly for subsequent children.","504",NA
"Προτείνουμε γενναιότερες ενισχύσεις από το πρώτο παιδί, για να ενισχυθεί οριζόντια η τεκνοποίηση.","We propose more generous allowances from the first child onwards, to support childbearing across the board.","504",NA
"Αν ενισχυθεί ακόμη και στο επίπεδο των 1-2 τέκνων θα σημάνει μια εντυπωσιακή άνοδο πληθυσμού.","If it is supported even at the level of 1-2 children it will mean a dramatic population increase.","504",NA
"Επίσης χρειάζεται άμβλυνση των εισοδηματικών κριτηρίων ώστε όλο και μεγαλύτερες εισοδηματικές ομάδες να αποκτούν κίνητοα τεκνοποίησηο.","We also need a relaxation of income criteria so that larger and larger income groups are motivated to have children.","504",NA
"Συνκεκοιυένα: Χορήγηση επί πλέον μηνιαίου επιδόματος 200 ευρώ για κάθε νέο παιδί (και ως την ηλικία των 3 ετών) για άτεκνα ζευγάρια και ζευγάρια με 1 παιδί, που έχουν ετήσιο καθαρό οικογενειακό εισόδημα ως και 20.000 ευρώ.","In summary: Granting an additional monthly allowance of €200 for each new child (up to the age of 3) for childless couples and couples with 1 child, who have an annual net family income of up to €20,000.","504",NA
"Καθιέρωση Εθνικού «ΑποταμιευτικούΛογαριασμού» για κάθε παιδί με συμμετοχή τόσο του γονέα, όσο και της Πολιτείας.","Establishment of a National Savings Account for each child with the participation of both the parent and the State.","504",NA
"(Η οικογενειακή συμμετοχή θα εκπίπτει από τον ανάλογο φόρο εισοδήματος.","(The family contribution will be deductible from the corresponding income tax.","504",NA
"Κάθε οικογένεια δικαιούται «κοινωνική επιταγή» για κάθε παιδί, ώστε να υλοποιείται δικαίωμα της ένταξης και φροντίδας όλων των παιδιών σε βρεφονηπιακούς σταθμούς.","Each family is entitled to a ""social check"" for each child, so that the right to the inclusion and care of all children in day care centers is realized.","504",NA
"Οι τρίτεκνοι αποκτούν τα δικαιώματα των πολύτεκνων.","Three-parent families shall acquire the rights of large families.","504",NA
"(Δεν θίγονται τα δικαιώματα αυτών που σήμερα έχουν πολύτεκνη ιδιότητα).","(The rights of those who currently have multiple parent status are not affected).","504",NA
"Επιπλέον είναι αναγκαίες μια σειρά από εργασιακές διευκολύνσεις και τα κίνητρα κυρίως προς την μητέρα με στόχο να μειωθεί το επαγγελματικό κόστος ευκαιρίας από την απόφαση να απόκτησης τέκνων.","In addition, a number of working facilities and incentives are necessary, especially for the mother, in order to reduce the opportunity cost of the decision to have children.","504",NA
"Προτείνουμε: Άδειες μετ’ αποδοχών για λοχεία και ανατροφή, μειωμένα ωράρια εργασίας και θετική μοριοδότηση μητέρων στις προαγωγές, αξιοποίηση της τηλε-εργασίας, δημιουργία κατάλληλων υποδομών σε χώρους εργασίας (πχ Παιδικών Σταθμών).","We propose: Paid leave for childbirth and child-rearing, reduced working hours and positive marking of mothers in promotions, use of tele-working, creation of appropriate infrastructure in workplaces (e.g. childcare centres).","504",NA
"Εξισορρόπηση των δικαιωμάτων μεταξύ των εργαζομένων μητέρων του Δημοσίου και του Ιδιωτικού τομέα και διεύρυνση διευκολύνσεων και προς τους δύο γονείς.","Balancing rights between public and private sector working mothers and extending facilities for both parents.","504",NA
"3. ΣΤΗΡΙΞΗ ΤΗΣ ΕΡΓΑΣΙΑΣ & ΚΟΙΝΩΝΙΚΗΣ ΑΣΦΑΛΙΣΗΣ","3. SUPPORTING WORK & SOCIAL SECURITY","H",NA
"Είναι βασική αρχή μας ότι η Ανάπτυξη δεν είναι βιώσιμη χωρίς στήριξη των εργαζομένων,","It is our basic principle that Growth is not sustainable without support for workers,","701",NA
"χωρίς κοινωνική συνοχή","social cohesion","606.1",NA
"και αποτελεσματικό σύστημα Κοινωνικής Προστασίας.","and an effective Social Protection system.","504",NA
"Από τα οφέλη της ανάπτυξης, πρέπει να μειώνονται οι ανισότητες,","From the benefits of growth, inequalities must be reduced,","503",NA
"να δημιουργούνται ποιοτικές θέσεις εργασίας με αξιοπρεπείς αμοιβές,","quality jobs with decent wages must be created,","701",NA
"αλλά και να αυξάνονται οι προοπτικές εργασίας για τους ανέργους.","and job prospects for the unemployed must be increased.","701",NA
"Το ποσοστό ανεργίας στην Ελλάδα παραμένει ιδιαίτερα υψηλό και δυστυχώς είμαστε ακόμη «Ευρωπαϊκοί» πρωταθλητές στην ανεργία των νέων.","The unemployment rate in Greece remains particularly high and unfortunately we are still the 'European' champions in youth unemployment.","701",NA
"Στην εποχή του ψηφιακού μετασχηματισμού και η εργασία αλλάζει.","In the era of digital transformation, work is also changing.","701",NA
"Νέες μορφές εργασίας (π.χ. τηλεργασία) έρχονται στο προσκήνιο.","New forms of work (e.g. teleworking) are coming to the fore.","701",NA
"Θέσεις εργασίας χάνονται σε παραδοσιακούς, αλλά δημιουργούνται σε νέους τομείς.","Jobs are being lost in traditional sectors but created in new ones.","701",NA
"Τον κύριο ρόλο πια διαδραματίζουν η γνώση, η κατάρτιση, η ποιότητα του ανθρώπινου δυναμικού.","Knowledge, training and the quality of human resources now play the main role.","701",NA
"Σε αυτό επενδύουν οι ανεπτυγμένες οικονομίες και όχι όπως τις παλιές εποχές στο Φθηνό ηυεοουίσθιο.","This is what developed economies are investing in, not the cheap labour of the old days.","701",NA
"Η σύνχοονη αντίληιυη αποδέχεται ότι ο ανασφαλής και χαμηλά αμειβόμενος εργαζόμενος δεν μπορεί να είναι παραγωγικός.","The convention accepts that the insecure and low-paid worker cannot be productive.","701",NA
"Η Κυβέρνηση της ΝΔ επιμένει σε μια αντίληψη από το παρελθόν, ιδεοληπτική, βαθιά συντηρητική.","The South West Government is sticking to a perception from the past, obsessive, deeply conservative.","305.1",NA
"Συγκεκριμένα:","Specifically:","305.1",NA
"Όλα αυτά τα χρόνια υπονομεύει συστηματικά και αφαιρεί με σειρά νομοθετικών παρεμβάσεων, βασικά εργασιακά δικαιώματα.","Over the years it has systematically undermined and removed basic labour rights through a series of legislative interventions.","305.1",NA
"Επιλέγει να ενισχύει τους ασύδοτους εργοδότες, ακόμη και εις βάρος εκείνων που πιστεύουν στην αξία του κοινωνικού διαλόγου και της συλλογικής διαπραγμάτευσης.","It chooses to strengthen unscrupulous employers, even at the expense of those who believe in the value of social dialogue and collective bargaining.","305.1",NA
"Απορρυθμίζει το εργασιακό τοπίο στην χώρα μας, προωθώντας ουσιαστικά το μοντέλο της φθηνής και απαξιωμένης εργασίας.","It deregulates the labour landscape in our country, essentially promoting the model of cheap and discredited labour.","305.1",NA
"Ακόμη και οι καθυστερημένες και υπό την πίεση της ακρίβειας αυξήσεις στον κατώτερο μισθό, δεν ανέστειλαν την αρνητική κατάσταση που η πολιτική της δημιουργεί.","Even the delayed and under pressure from the pressure of price increases in the minimum wage have not suspended the negative situation that its policy is creating.","305.1",NA
"Σύμφωνα με τα πρόσφατα στοιχεία της ΕΛΣΤΑΤ ένας από τους βασικούς λόγους της αύξησης του κινδύνου φτώχειας και κοινωνικού αποκλεισμού στη χώρα μας, είναι η αύξηση του ποσοστού των εργαζομένων με ελαστικές μορφές απασχόλησης, και χαμηλές αμοιβές.","According to recent ELSTAT data, one of the main reasons for the increase in the risk of poverty and social exclusion in our country is the increase in the proportion of workers with flexible forms of employment and low pay.","701",NA
"700.000 εργαζόμενοι σήμερα δουλεύουν με μισθό κάτω των 700 ευρώ.","700,000 workers are currently working for less than EUR 700.","701",NA
"Το 40% του συνόλου.","40% of the total.","701",NA
"Σε μια εποχή κρίσης στο Δημογραφικό, αντί να προωθεί την συμφιλίωση μεταξύ εργασιακής και οικογενειακής ζωής, η ΝΔ δημιουργεί επιπλέον εμπόδια, υποχρεώνοντας τον εργαζόμενο σε εξαντλητικά ωράρια εργασίας.","At a time of demographic crisis, instead of promoting the reconciliation between work and family life, the South-West creates additional obstacles by forcing workers to work exhausting hours.","305.1",NA
"Στην εποχή που ο Κοινωνικός διάλογος είναι όσο ποτέ αναγκαίος, η ΝΔ επιλέγει τον δρόμο του αυταρχισμού, περιορίζει δραστικά τις συνδικαλιστικές ελευθερίες, αντιμετωπίζει ως «αντίπαλο» τα συνδικάτα.","At a time when Social Dialogue is as necessary as ever, the South-West chooses the path of authoritarianism, drastically restricting trade union freedoms, treating trade unions as 'adversaries'.","305.1",NA
"Το δικό μας «Εργασιακό όραμα» για το αύριο στηρίζεται σε δύο άξονες:","Our ""Labour vision"" for tomorrow is based on two axes:","701",NA
"Στην στρατηγική της ΠΛΗΡΟΥΣ ΑΠΑΣΧΟΛΗΣΗΣ, με ποιοτικές και καλά αμειβόμενες θέσεις εργασίας.","The strategy of FULL EMPLOYMENT, with quality and well-paid jobs.","701",NA
"Με ρήτρα απασχόλησης σε κάθε κυβερνητική πράξη ή Νόμο που αφορά την ανάπτυξη και τις επενδύσεις.","With an employment clause in every government act or law concerning growth and investment.","701",NA
"Στην ομαλή προσαρμογή στην ψηφιακή εποχή με κανόνες, ασφάλεια, και προστασία του εργαζόμενου.","In the smooth adaptation to the digital age with rules, security, and protection of the worker.","701",NA
"Με πλήρη σεβασμό των δικαιωμάτων του και με κύριο μέσο την συλλογική διαπραγμάτευση.","With full respect for his rights and with collective bargaining as the main instrument.","701",NA
"Με την εγγύηση της επιτυχούς ανταπόκρισης του εργαζόμενου και την διαρκή απασχόληση του στις νέες συνθήκες.","With the guarantee of the successful response of the worker and his/her continuous employment in the new conditions.","701",NA
"ΕΙΔΙΚΟΤΕΡΑ:","SPECIFICALLY:","H",NA
"α) Πολιτικές στήριξης και ένταξης των ανέργων στην Εργασία","α) Policies to support and integrate the unemployed into work","H",NA
"Κίνητρα για την πρόσληψη εργαζομένων στον ιδιωτικό τομέα","Incentives for hiring workers in the private sector","402",NA
"Στόχος η δημιουργία 100.000 νέων θέσεων εργασίας, ώστε η ανεργία στην χώρα να πέσει σε μονοψήφιο νούμερο.","The objective is to create 100,000 new jobs to bring unemployment in the country down to single digits.","701",NA
"Τα κίνητρα αφορούν την πρόσληψη 50.000 νέων εργαζομένων (ως 29 ετών) και 50.000 μακροχρόνια ανέργων, με πλήρη απασχόληση.","The incentives are for hiring 50,000 young workers (up to 29 years old) and 50,000 long-term unemployed, full-time.","701",NA
"Επιδοτείται 1 θέση εργασίας για επιχειρήσεις ως 10 άτομα και ως 3 για τις μεγαλύτερες.","One job is subsidised for companies with up to 10 people and up to 3 for larger companies.","402",NA
"Το Πρόγραμμα κινήτρων περιλαμβάνει την επιδότηση των εργοδοτικών εισφορών από την Δημόσια Υπηρεσία Απασχόλησης, για 4 χρόνια.","The Incentive Programme includes a subsidy of employer contributions from the Public Employment Service for 4 years.","402",NA
"Η επιδότηση θα είναι 100% τον πρώτο χρόνο, 75% τον δεύτερο, 50% τον τρίτο και 25% τον τέταρτο χρόνο.","The subsidy will be 100% in the first year, 75% in the second, 50% in the third and 25% in the fourth year.","402",NA
"Το κόστος της παρέμβασης για τον πρώτο χρόνο υπολογίζεται στα 220 εκ. ευρώ και αναλογικά για τα επόμενα.","The cost of the intervention for the first year is estimated at €220 million and proportionally for the following years.","402",NA
"Όμως η ένταξη 100.000 ανέργων στην εργασία, θα μειώσει το δημοσιονομικό κόστος (Επιδόματα ανεργίας, κοινωνικές μεταβιβάσεις) και θα αυξήσει τα έσοδα του κράτους (λόγω κατανάλωσης) και των ασφαλιστικών οργανισμών.","However, the integration of 100,000 unemployed people into work will reduce the fiscal costs (unemployment benefits, social transfers) and increase the revenues of the State (due to consumption) and the insurance institutions.","701",NA
"Ταυτόχρονα ενισχύεται στοχευμένα και η μικρομεσαία επιχειρηματικότητα.","At the same time, small and medium sized enterprises are also targeted to be strengthened.","402",NA
"2) Πολιτικές στήριξης των ανέργων.","2) Policies to support the unemployed.","701",NA
"Voucher 600 ευρώ τον μήνα-για ένα χρόνο σε κάθε απολυμένο.","Voucher 600 euro per month-for a year to each dismissed person.","701",NA
"Το νουοήθΓ μπορεί να χρησιμοποιηθεί και ως επιδότηση σε εργοδότη ,για πρόσληψη του ανέργου.","The voucher can also be used as a subsidy to an employer ,for hiring the unemployed.","402",NA
"Η Δημόσια Υπηρεσία Απασχόλησης, εντός εξαμήνου από την εγγραφή κάθε ανέργου, θα του προτείνει μια θέση εργασίας, ή κατάρτισης ή εργασιακής εμπειρίας.","The Public Employment Service, within six months of the registration of each unemployed person, will propose a job, or training or work experience.","701",NA
"Κάρτα απεριορίστων διαδρομών στα Μέσα Μαζικής Μεταφοράς για ένα μακροχρόνια άνεργο.","An unlimited travel card on public transport for a long-term unemployed person.","701",NA
"β) Εργασία με δικαιώματα και αξιοπρέπεια.","b) Work with rights and dignity.","H",NA
"Ενίσχυση του αισθήματος ασφάλειας των εργαζόμενων.","Strengthening the sense of security of workers.","701",NA
"Κατάργηση των διατάξεων των Νόμων της Νέας Δημοκρατίας που καταστρατηγούν βασικά εργασιακά δικαιώματα.","Repeal the provisions of the New Democracy Laws that violate basic labour rights.","701",NA
"Ειδικότερα όσον αφορά τις ατομικές (αντί των συλλογικών) συμβάσεις για τις αλλαγές στο ωράριο εργασίας, την κατάργηση της δικαστικής προστασίας για παράνομες απολύσεις, τον περιορισμό της επέκτασης των κλαδικών συμβάσεων, την αποδυνάμωση των ελεγκτικών μηχανισμών, τις συνδικαλιστικές ελευθερίες.","In particular with regard to individual (instead of collective) contracts for changes in working hours, the abolition of judicial protection for illegal dismissals, limiting the extension of sectoral contracts, the weakening of control mechanisms, trade union freedoms.","701",NA
"Νέα ρύθμιση στις εργασιακές σχέσεις, σε συμφωνία της Πολιτείας με τους Κοινωνικούς εταίρους, ώστε να εξασφαλίζεται η ομαλή προσαρμογή στις νέες συνθήκες της παραγωγής.","New regulation of labour relations, in agreement between the State and the social partners, to ensure smooth adjustment to the new conditions of production.","701",NA
"Με σαφείς κανόνες προστασίας της ασφάλειας των εργαζομένων:","With clear rules to protect the safety of workers:","701",NA
"Οι γενικοί όροι αμοιβής και απασχόλησης των εργαζομένων διαμορφώνονται με Συλλογικές Διαπραγματεύσεις.","the general conditions of pay and employment of workers are established by collective bargaining.","701",NA
"Οι ατομικές συμβάσεις καθορίζουν ευνοϊκότερες ρυθμίσεις.","Individual contracts lay down more favourable arrangements.","701",NA
"Υποχρεωτικότητα και καθολική εφαρμογή των κλαδικών Συλλογικών Συμβάσεων, σε όλες τις επιχειρήσεις του κλάδου, είτε συμμετέχουν στις εργοδοτικές οργανώσεις, είτε όχι.","Mandatory and universal application of sectoral collective agreements in all enterprises in the sector, whether or not they are members of employers' organisations.","701",NA
"Το Σώμα Επιθεωρητών Εργασίας επανέρχεται στον έλεγχο του Υπουργείου Εργασίας και αναβαθμίζεται.","The Labour Inspectorate is brought back under the control of the Ministry of Labour and upgraded.","701",NA
"Καθολική εφαρμογή της κάρτας εργασίας και του συστήματος ΕΡΓΑΝΗ, με στόχο την μηδενική ανοχή στην μαύρη και αδήλωτη εργασία και την παραβίαση νόμων, συμβάσεων, δικαιωμάτων.","Universal implementation of the work card and the ERGANI system, with the aim of zero tolerance of black and undeclared work and the violation of laws, contracts and rights.","701",NA
"Πλήρης εφαρμογή της Εθνικής Στρατηγικής για την Υγεία και Ασφάλεια στην εργασία που ως τώρα παραμένει στα χαρτιά.","Full implementation of the National Strategy for Health and Safety at Work, which so far remains on paper.","701",NA
"Θέσπιση αυστηρών διαδικασιών πιστοποίησης εργολαβικών εταιρειών, για την τήρηση της νομοθεσίας και την προστασία των εργαζόμενων στις παρεχόμενες υπηρεσίες.","Establishment of strict certification procedures for contractors to ensure compliance with the law and protection of workers in the services provided.","701",NA
"Σε συμφωνία με τους Κοινωνικούς Εταίρους, συγκροτείται ένα νέο «Κοινωνικό Συμβόλαιο της Ψηφιακής Εποχής», για την πρόσβαση όλων των εργαζομένων στην γνώση, στα νέα δίκτυα υψηλών ταχυτήτων, στην στρατηγική υιοθέτηση νέων τεχνολογιών.","In agreement with the Social Partners, a new ""Social Contract of the Digital Age"" is being set up to ensure that all workers have access to knowledge, to new high-speed networks and to the strategic adoption of new technologies.","701",NA
"Στόχος η εξασφάλιση της ΔΙΑ ΒΙΟΥ ΑΠΑΣΧΟΛΗΣΗΣ του εργαζόμενου.","The aim is to ensure Lifelong Employment of the worker.","701",NA
"Γ Γ αυτό παρέχονται κίνητρα-αλλά και απαιτούνται ποσοτικοποιημένες υποχρεώσεις των επιχειρήσεων-για την επανακατάρτιση και ανταπόκριση των εργαζομένων τους στις νέες εξελίξεις.","C C This provides incentives - but also requires quantified obligations on enterprises - to retrain and adapt their employees to new developments.","701",NA
"3) Αξιοπρεπείς αμοιβές.","3) Decent pay.","701",NA
"Άμεση αύξηση του κατώτατου μισθού στα 751 ευρώ και εν συνεχεία καθορισμός του από τους κοινωνικούς εταίρους μέσω της εθνικής Γενικής Συλλογικής Σύμβασης Εργασίας.","Immediate increase of the minimum wage to 751 euros and its subsequent determination by the social partners through the national General Collective Labour Agreement.","701",NA
"Ουσιαστικές αυξήσεις για τους Δημόσιους Υπαλλήλους που να προστατεύουν το εισόδημά τους από τον πληθωρισμό.","Substantial increases for civil servants to protect their income from inflation.","701",NA
"γ) Πλήρη δικαιώματα στους εργαζόμενους με τηλεργασία, στις πλατφόρμες και στις επιχειρήσεις delivery.","c) Full rights for teleworkers, platform and delivery workers.","H",NA
"Για τους εργαζόμενους με τηλεργασία.","For telecommuting workers.","701",NA
"Αναμφίβολα η τηλεργασία ωφελεί τις επιχειρήσεις, γι' αυτό και διευρύνεται σε σημαντικό βαθμό.","There is no doubt that teleworking benefits businesses, which is why it is expanding significantly.","701",NA
"Βέβαια εξυπηρετεί και αρκετούς από τους εργαζόμενους, που θέλουν μεγαλύτερη επαφή με την οικογένειά τους, ή να μη χάνουν χρόνο ανάπαυσης και δημιουργικότητας με μακρινές μετακινήσεις.","Of course, it also serves many of the employees who want more contact with their family, or not to lose rest and creativity time with long commutes.","701",NA
"Όπως και εξυπηρετεί περιπτώσεις ατόμων με αναπηρία.","As well as serving cases of people with disabilities.","701",NA
"Σε κάθε περίπτωση πρέπει:","In any case, it must:","701",NA
"Να εξασφαλίζεται η συναίνεση του εοναζουένου και όχι να εξαναγκάζεται αυτός σε αλλαγή της μορφής εργασίας του.","Ensure the consent of the employee and not force him/her to change his/her work pattern.","701",NA
"Να τηρούνται απαρέγκλιτα τα εργασιακά και ασφαλιστικά δικαιώματα, ιδιαίτερα το ΩΡΑΡΙΟ ΕΡΓΑΣΙΑΣ.","Strictly respect labour and social security rights, especially the working hours.","701",NA
"Η δημιουργία ενός Παρατηρητηρίου τηλεργασίας ως προέκταση του ΣΕΠΕ θα συμβάλλει ιδιαίτερα στον έλεγχο των συνθηκών και την τήρηση των συμβάσεων.","The creation of a teleworking observatory as an extension of the SEPA would make a particular contribution to monitoring conditions and compliance with contracts.","701",NA
"Να παρέχει ο εργοδότης όλα τα μέσα και να καλύπτει το κόστος επικοινωνίας.","The employer should provide all the means and cover the cost of communication.","701",NA
"Όχι να επιβαρύνει τον εργαζόμενο.","Not to put the burden on the worker.","701",NA
"Να αντιμετωπισθούν τα προβλήματα στην εξέλιξη του εργαζόμενου που μπορεί να δημιουργήσει η απουσία του από το γραφείο.","To address the problems in the employee's development that absence from the office can create.","701",NA
"Να προωθούνται εκδηλώσεις «εργασιακής συναδέλφωσης» με τους τηλεργαζόμενους, ώστε να μη δημιουργούνται προβλήματα «κοινωνικοποίησης» (με ευθύνη των εργοδοτών και των συνδικάτων).","Promote events of ""industrial fraternity"" with teleworkers, so as not to create problems of ""socialisation"" (the responsibility of employers and trade unions).","701",NA
"2) Για τους ταχυδιανομείς (άθΙίνθΓγ, πλατφόρμες).","2) For the mail carriers (athealth, platforms).","701",NA
"Κατοχύρωση τους ως ΜΙΣΘΩΤΟΙ, απολαμβάνοντας πλήρη εργασιακά και ασφαλιστικά δικαιώματα.","Establish them as EMPLOYEES, enjoying full labour and social security rights.","701",NA
"Ένταξη τους στα βαρέα και ανθυγιεινά, και ενίσχυση των συνθηκών ασφαλείας στην δουλειά τους.","Include them in the heavy and unhealthy sector, and strengthen their safety conditions at work.","701",NA
"Με μέτρα όπως η προφύλαξης από καιρικές συνθήκες, ή οριοθέτηση ζωών διανομής, ή θέσπιση ανώτατου ορίου χιλιομέτρων, ή ορθολογική αποζημίωση των καυσίμων, ή παροχή από τον εργοδότη του αναγκαίου εξοπλισμού (μηχανάκι,κινητό κα.) και των μέσων ατομικής προστασίας.","With measures such as weather precautions, or delimitation of distribution zones, or establishment of a maximum mileage limit, or rational reimbursement of fuel, or provision by the employer of the necessary equipment (motorbike,mobile etc.) and personal protection equipment.","701",NA
"δ) Αντιμετώπιση των διακρίσεων-Στήριξη των εργαζόμενων γυναικών.","(d) Combating discrimination - Support for women workers.","H",NA
"Καμία ανοχή σε διακρίσεις στους χώρους εργασίας, καμία ανοχή σε διαφοροποιημένες αμοιβές.","No tolerance of discrimination in the workplace, no tolerance of differential pay.","503",NA
"Καμία ανοχή σε φαινόμενα σεξουαλικής παρενόχλησης στους χώρους εργασίας.","No tolerance of sexual harassment in the workplace.","503",NA
"Κανένα παιδί έξω από βρεφονηπιακούς σταθμούς και κέντρα Δημιουργικής Απασχόλησης.","No children out of nurseries and Creative Employment Centres.","503",NA
"Συζήτηση για την «έμφυλη ανάκαμψη» για στήριξη κλάδων παραγωγής που απασχολούν πολλές γυναίκες και καθιέρωση υποχρεωτικής απασχόλησης ποσοστού γυναικών στις δημόσιες επενδύσεις.","Talk of 'gender recovery' to support industries that employ many women and the introduction of a mandatory percentage of women in public investment.","503",NA
"Καμία διάκριση λόγω φυλής, θρησκείας, σεξουαλικού προσανατολισμού.","No discrimination on the basis of race, religion, sexual orientation.","503",NA
"ε) Έναρξη του διαλόγου για την διερεύνηση μελλοντικής μείωσης του χρόνου εργασίας, στο πλαίσιο της αύξησης της παραγωγικότητας, της εξέλιξης των νέων τεχνολογιών και της ρομποτικής.","e) Launch a dialogue to explore future reductions in working time in the context of increased productivity, the development of new technologies and robotics.","701",NA
"Ώστε οι νέες τεχνολογίες να μπορούν να αξιοποιηθούν τόσο για την δημιουργία νέων θέσεων εργασίας,","So that new technologies can be used both to create new jobs","701",NA
"όσο και για την βελτίωση της ποιότητας ζωής των εργαζομένων.","and to improve the quality of life of workers.","701",NA
"Διερεύνηση πιλοτικών εφαρμογών σε συνεργασία με τους Κοινωνικούς Εταίρους.","Explore pilot applications in cooperation with the Social Partners.","405",NA
"Κοινωνική ασφάλιση: Βιώσιμες λύσεις για αξιοπρεπείς συντάξεις.","Social security: sustainable solutions for decent pensions.","504",NA
"Είναι αδιαπραγμάτευτη για μας η ευθύνη του κράτους να διασφαλίζει ένα Δημόσιο, Κοινωνικό Ασφαλιστικό Σύστημα, που εγγυάται την αξιοπρέπεια για όλους τους πολίτες.","It is non-negotiable for us the responsibility of the state to ensure a public, social insurance system that guarantees dignity for all citizens.","504",NA
"Χρειάζεται Εθνικός Διάλογος για μια ουσιαστική Ασφαλιστική Μεταρρύθμιση έτσι ώστε το Ασφαλιστικό Σύστημα:","A National Dialogue is needed for a meaningful Insurance Reform so that the Insurance System:","504",NA
"Να είναι βιώσιμο, αλλά και να συνδυάζει με μια νέα αρχιτεκτονική την αναγκαία ανταποδοτικότητα με την Κοινωνική Δικαιοσύνη και την άρση των αδικιών.","Be sustainable, but also combine with a new architecture the necessary responsiveness with Social Justice and the removal of injustices.","504",NA
"Να εγγυάται στους νέους ανθρώπους, ότι θα έχουν ανάλογα με σήμερα δικαιώματα στο τέλος του ασφαλιστικού τους βίου.","To guarantee young people that they will have rights similar to those they have today at the end of their pensionable life.","504",NA
"Προτείνουμε: Θεσμοθέτηση αξιοπρεπούς εγγυημένου εισοδήματος για τους χαμηλοσυνταξιούχους με επαναφορά μιας νέας μορφής ΕΚΑΣ που θα καλύπτει περίπου 350.000 δικαιούχους.","We propose: Establishment of a decent guaranteed income for low pensioners by reintroducing a new form of ESAS that will cover about 350,000 beneficiaries.","504",NA
"Αντιμετώπιση των άμεσων προβλημάτων του ΕΦΚΑ (προσλήψεις, ψηφιακή επάρκεια) με στόχο την έκδοση όλων των εκκρεμών συντάξεων.","Addressing the immediate problems of the EFKA (recruitment, digital competence) with a view to issuing all pending pensions.","504",NA
"Ανάπτυξη του δεύτερου πυλώνα της Ασφάλισης, με σύσταση και ανάπτυξη των Επαγγελματικών Ταμείων.","Develop the second pillar of insurance, with the establishment and development of the Professional Funds.","504",NA
"Αυξήσεις στους συνταξιούχους από το 2023, ώστε να αντιμετωπιστούν οι απώλειες λόγω του πληθωρισμού.","Increases to pensioners from 2023 to address losses due to inflation.","504",NA
"ΚΟΙΝΩΝΙΚΗ ΣΥΝΟΧΗ","SOCIAL COHESION","H",NA
"Ενιαίο Εθνικό Σύστημα Κοινωνικής Προστασίας.","A unified National Social Protection System.","606.1",NA
"Προτείνουμε ένα κοινωνικό συμβόλαιο που θα κινητοποιήσει όλους τους εμπλεκόμενους, με την εγγύηση του επιτελικού κοινωνικού κράτους που σχεδιάζει, θέτει κανόνες, κατανέμει αρμοδιότητες και εργαλεία, ελέγχει και διασφαλίζει ποιότητα και καθολικότητα, χωρίς αποκλεισμούς για τους πολίτες λόγω φύλου, ηλικίας θρησκείας, καταγωγής, αναπηρίας, κάθε κοινωνικού στίγματος.","We propose a social contract that will mobilise all stakeholders, with the guarantee of a welfare state that plans, sets rules, allocates responsibilities and tools, controls and ensures quality and universality, without exclusion for citizens on the basis of gender, age, religion, origin, disability, any social stigma.","503",NA
"Που θα ορίζει και θα εντοπίζει την κατάσταση ευαλωτότητας σε κάθε αποκλεισμένη κατηγορί απολιτών, που βιώνουν κοινωνικό αποκλεισμό, εργασιακή ανασφάλεια, ενδοοικογενειακή βία, μακροχρόνια ανεργία, κατάσταση αναπηρίας, μοναξιά και απόρριψη, κακές συνθήκες υγείας, γήρανσης, αδυναμία εξασφάλισης αγαθών κοινής ωφέλειας, κλπ.","That defines and identifies the vulnerability of each excluded category of people who experience social exclusion, job insecurity, domestic violence, long-term unemployment, disability, loneliness and rejection, poor health, ageing, inability to secure public goods, etc.","503",NA
"Στο πλαίσιο αυτό σχεδιάζουμε τις νέες προοδευτικές μεταρρυθμίσεις κοινωνικής του Εθνικού Συστήματος Κοινωνικής Προστασίας με στόχο την κοινωνική συνοχή και τον περιορισμό των αρνητικών συνεπειών των πολλαπλών κρίσεων.","In this context, we are planning the new progressive social reforms of the National Social Protection System with the aim of social cohesion and limiting the negative consequences of multiple crises.","606.1",NA
"Η βασικήπολιτική μας επιλογήμακροπρόθεσμα είναι η ΠΡΟΛΗΨΗ έναντι τη ςθεραπείας ή της καταστολής.","Our main policy choice in the long term is PREVENTION over cure or repression.","606.1",NA
"Η κοινωνική πολιτική και η πολιτική απασχόλησης εντάσσονται από κοινού σε πρόταση θετικού αθροίσματος, δεδομένου ότι η κοινωνική ενσωμάτωση και ενδυνάμωση αυξάνει το προϊόν που είναι διαθέσιμο για ΟΛους.","Social policy and employment policy together form a positive sum proposal, since social inclusion and empowerment increases the product available to ALL.","606.1",NA
"Αραη κοινωνικήττοΛίτικη οενοιανεμειπαοητικα έκτων υστέρων, αλλά συμμετέχει ως αναπτυξιακός κρίκος στη διαδικασία παραγωγής.","Social welfare is not an afterthought, but is involved as a developmental link in the production process.","606.1",NA
"Οι παρεμβάσεις στην πρόνοια πρέπει να αντιμετωπίζονται ως ενθάρρυνση, αποδέσμευση των ατομικών δυνατοτήτων και υλοποίηση της πραγματικής ελευθερίας των πολιτών.","Welfare interventions must be seen as encouraging, unleashing individual potential and realising the real freedom of citizens.","606.1",NA
"Για ποικίλες πρόσκαιρες ανάγκες - οικονομικές, κοινωνικές ή υγειονομικές - η πρόνοια να λειτουργεί ως εφαλτήριο επανενεργοποίησης, προκειμένου να προλάβει την περιθωριοποίηση και τη δημιουργία νέων αποκλεισμών.","For a variety of temporary needs - economic, social or health - welfare should act as a springboard for reactivation, in order to prevent marginalisation and the creation of new exclusions.","606.1",NA
"Οι μόνιμες ανάγκες πρέπει να αντιμετωπίζονται με γνώμονα τους τρόπους που ξεπερνούν τα εμπόδια και εξασφαλίζεται η ισότιμη ένταξη ενός εκάστου στην κοινωνική ζωή.","Permanent needs must be addressed in ways that overcome barriers and ensure equal integration into social life.","606.2",NA
"Τέλος, στη σύγχρονη πολυ- πολιτισμική κοινωνία η πρόνοια παίζει ένα κρίσιμο ρόλο όσο διαρκεί η ένταξη στην οικονομία και κοινωνία μεταναστών και προσφύγων και πολλών άλλων αποκλεισμένων πληθυσμών.","Finally, in today's multicultural society, welfare plays a crucial role as long as the integration into the economy and society of migrants and refugees and many other excluded populations continues.","606.1",NA
"Οι δομές των δημόσιων, αλλά και κοινωνικών και ιδιωτικών φορέων υλοποιούν, αφού πρώτα αξιολογούνται με βάση την αποδοτικότητα και την αποτελεσματικότητά τους.","The structures of public, as well as social and private bodies, are implemented after being evaluated on the basis of their efficiency and effectiveness.","606.1",NA
"Δίνουμε βάρος στην Ποιότητα της Κοινωνικής Πολιτικής και την πλήρη αξιοποίηση των ανθρώπινων και υλικών πόρων.","We place emphasis on the Quality of Social Policy and the full utilization of human and material resources.","606.1",NA
"Προτείνουμε το σύνολο των Νομικών Προσώπων Δημοσίου Δικαίου εθνικής και περιφερειακής εμβέλειας και των φορέων που έχουν πιστοποιηθεί για την πρόνοια-αλληλεγγύη, να αποτελούν το Πανελλαδικό Δίκτυο Κοινωνικής Προστασίας και Αλληλεγγύης.","We propose that all the Public Legal Entities of national and regional scope and the bodies certified for welfare-altruism should form the Pan-Hellenic Network of Social Protection and Solidarity.","606.1",NA
"Το νέο Εθνικό Σύστημα Κοινωνικής Προστασίας-Φροντίδας αποτελεί αναπτυξιακό παράγοντα και εγγυητή των θεμελιωδών δικαιωμάτων των πολιτών, ενώ παράλληλα ανταποκρίνεται στις διεθνείς προδιαγραφές των δικαιωμάτων του ανθρώπου και των δικαιωμάτων των διαφόρων κοινωνικών ομάδων, όπως είναι τα παιδιά, οι γυναίκες, οι μετανάστες, τα ΑμΕΑ, οι ΡΟΜΑκλπ (Συμβάσεις ΟΗΕ, Συμβουλίου της Ευρώπης, Συνθήκες ΕΕ).","The new National System of Social Protection and Care is a development factor and a guarantor of the fundamental rights of citizens, while at the same time it meets international standards of human rights and the rights of various social groups, such as children, women, migrants, the disabled, the disabled, the Roma, etc. (UN Conventions, Council of Europe Conventions, EU Treaties).","606.2",NA
"Η μεταρρυθμιστική προσπάθεια αποβλέπει στην μετάβαση από προσεγγίσεις που ευνοούσαν την ιδρυματοποίηση και την επιδοματική πολιτική προς νέες προσεγγίσεις που ευνοούν τις ανοικτές δομές και ανάπτυξη συμπράξεων παροχής κοινωνικών υπηρεσιών ανάμεσα σε δήμους, τοπική οικονομία, εθελοντικό κίνημα, ΜΚΟ κοινωνικού έργου, εταιρική κοινωνική ευθύνη.","The reform effort is aimed at moving from approaches that favoured institutionalisation and subsidy policies to new approaches that favour open structures and the development of social service partnerships between municipalities, local economy, voluntary movement, social work NGOs, corporate social responsibility.","606.1",NA
"Στην κατεύθυνηση αυτή απαιτούνται: θεσμικές πρωτοβουλίες για τη βελτίωση του οικογενειακού δικαίου, που καθιερώθηκε από το 1983, με μια νέα γενιά μεταρρυθμίσεων, όπως καθιέρωση οικογενειακού δικαστηρίου.","This requires: institutional initiatives to improve family law, established since 1983, with a new generation of reforms, such as the introduction of a family court.","606.1",NA
"Στηρίζουμε κάθε τύπο οικογένειας και συμβίωσης, με έμφαση τις μονογονεϊκές οικογένειες, οικογένειες με μέλη ΑμΕΑ, τις άγαμες μητέρες, τις οικογένειες μεταναστών, τις πολύτεκνες οικογένειες, τις οικογένειες ειδικών ομάδων μειονοτικής μορφής.","We support all types of families and partnerships, with an emphasis on single-parent families, families with disabled members, single mothers, immigrant families, large families, families of special minority groups.","606.2",NA
"Προτείνουμε την αναθεώρηση του θεσμού και των προγραμμάτων κοινωνικής προστασίας στα παιδιά που προέρχονται από τις Μονάδες Κοινωνικής Φροντίδας του Κράτους, την επιτάχυνση των διαδικασιών αποκατάστασης των παιδιών, μέσω του θεσμού της Αναδοχής και αποϊδρυματοποίησης, την θέσπιση ενιαίων θεσμικών διαδικασιών για τους θεσμούς της υιοθεσίας και Αναδοχής.","We propose the revision of the institution and social protection programmes for children from State Social Care Units, the acceleration of the procedures for the rehabilitation of children through the institution of foster care and deinstitutionalisation, the establishment of uniform institutional procedures for the institutions of adoption and foster care.","606.1",NA
"Αναθεώρηση του καθεστώτος της ιδιωτικής υιοθεσίας.","Revision of the private adoption regime.","606.1",NA
"Εκσυγχρονισμός του συστήματος αναδοχής παιδιών και περίθαλψης των απροστάτευτων ανηλίκων.","Modernise the system of child foster care and care of unprotected minors.","606.1",NA
"Γενίκευση του θεσμού των Στεγών υποστηριζόμενης διαβίωσης, μες συνδυασμό των προγραμμάτων «Βοήθειας στο Σπίτι» και της «νοσηλείας κατ’ οίκον» για όλα τα άτομα που δεν μπορούν να μετακινηθούν (κυρίως ΑΜΕΑ και ηλικωμένοι)","Generalisation of the institution of Sheltered Housing, in combination with the 'Home Help' and 'Home Care' programmes for all persons who cannot move (mainly disabled and elderly people)","606.1",NA
"Αποσύνδεση της αναπηρίας από την λειτουργικότητα.",".","503",NA
"Η αναπηρία αποτελείται από ένα σύνολο διαγνωστικών κατηγοριών και όχι από μία διαγνωστική κατηγορία.","Disability consists of a set of diagnostic categories rather than a single diagnostic category.","503",NA
"Ισότιμα πρέπει να αντιμετωπίζονται παιδιά και ενήλικες με αναπηρία όλων των διαγνωστικών κατηγοριών.","Children and adults with disabilities of all diagnostic categories should be treated equally.","503",NA
"ΕΞΑΣΦΑΛΙΣΗ ΕΝΤΑΞΗΣ των ΑμεΑστηνεκπαίδευση και την εργασία με κάθε δυνατήστήριξη και γενίκευση του θεσμού του προσωπικούσυνοδού, για όλα τα άτομα με αναπηρία, στο σύνολο τους.","ENSURE INCLUSION OF PERSONS WITH DISABILITIES INTO EDUCATION AND WORK by all means possible Support and generalisation of the institution of the staff mentor, for all persons with disabilities, in their entirety.","503",NA
"4. ΑΝΑΓΕΝΝΗΣΗ ΤΟΥ ΕΘΝΙΚΟΥ ΣΥΣΤΗΜΑΤΟΣ ΥΓΕΙΑΣ","4. REGENERATION OF THE NATIONAL HEALTH SYSTEM","H",NA
"Μετά την τριετή δοκιμασία της πανδημίας, έχει πλέον καταστεί εθνική ανάγκη να πραγματοποιηθεί αναμόρφωση και αναγέννηση του Εθνικού Συστήματος Υγείας.","After the three-year ordeal of the pandemic, it has become a national necessity to reform and regenerate the National Health System.","504",NA
"Στόχος θα είναι η επάρκεια και αξιοπιστία του ως πυλώνα παροχής υγειονομικής ασφάλειας και ποιότητας ζωής για τους πολίτες καθώς και ως κριτήριο ελκυστικού προορισμού της χώρας μας προς κάθε βραχυχρόνιο ή μακροχρόνιο επισκέπτη, φιλοξενούμενο, εργαζόμενο ή επενδυτή.","The aim will be to ensure its adequacy and credibility as a pillar of health security and quality of life for citizens and as a criterion for making our country an attractive destination for any short- or long-term visitor, guest, employee or investor.","504",NA
"Για το ΠΑΣΟΚ – Κίνημα Αλλαγής θα είναι πρώτη προτεραιότητα η ενίσχυση του συστήματος υγείας με σύγχρονο εξοπλισμό και αντίστοιχης εμπειρίας ιατρικό και νοσηλευτικό προσωπικό με κάλυψη όλων των οργανικών κενών ειδικά για τις υποστελεχωμένες περιφερειακές και ακριτικές δομές.","For PASOK - Movement for Change, the first priority will be the strengthening of the health system with modern equipment and medical and nursing staff with the corresponding experience, covering all organic vacancies, especially for the understaffed regional and peripheral structures.","305.1",NA
"Παράλληλα θα προχωρήσουμε άμεσα σε όλες τις αναγκαίες τομές για την ανακούφιση του ΕΣΥ, ως δευτεροβάθμιου συστήματος υγείας, ώστε να παίξει το κεντρικό ρόλο του.Το όραμα μας για την υγεία του 21ου αιώναΧρειαζόμαστε ένα δημόσιο σύστημα υγείας, ευέλικτο, αποτελεσματικό, ανταγωνιστικό και πρωτοπόρο Δημόσιο σύστημα:","At the same time, we will proceed immediately to all necessary cuts to relieve the NHS, as a secondary health system, so that it can play its central role.Our vision for the health of the 21st centuryWe need a public health system that is flexible, efficient, competitive and pioneering:","504",NA
"Αυτή είναι η ευθύνη μας απέναντι στους πολίτες.","This is our responsibility to our citizens.","504",NA
"Ένα ΕΣΥ αναγεννημένο και ισχυρό, που «σπάει» ανισότητες, που καλύπτει την πλειοψηφία της κοινωνίας μας σε κάθε γωνιά της πατρίδας.","An NHS that is regenerated and strong, that breaks down inequalities, that covers the majority of our society in every corner of the country.","504",NA
"Ένα ΕΣΥ όπως αρμόζει στην ιστορία, στην ταυτότητα της παράταξης μας.","An NHS befitting the history, the identity of our party.","504",NA
"Που το οραματίστηκε και το έκανε πράξη.","One that has been envisioned and put into practice.","504",NA
"Γιατί πάνω από όλα είναι ο άνθρωπος, οι αξίες, οι αρχές και οι ιδέες μας.","Because above all, it is our people, our values, our principles and our ideas.","504",NA
"Πρώτα δύο κρίσιμες επισημάνσεις: 1) Το ΕΣΥ μέσα στην πανδημία ανταποκρίθηκε σε μεγάλο βαθμό στις απαιτήσεις της κρίσης, χάρις όμως στην αυτοθυσία του προσωπικού του και στην ανθεκτικότητα των δομών του.","First, two critical points: 1) The NHS during the pandemic responded to a large extent to the demands of the crisis, but thanks to the self-sacrifice of its staff and the resilience of its structures.","504",NA
"Ταυτόχρονα όμως υπογραμμίστηκαν και οι παθογένειες του.","At the same time, however, its pathologies were highlighted.","504",NA
"Τώρα η ΝΔ, σαν να μην έμαθε τίποτα από την πανδημία προωθεί ένα ακόμα πλήγμα.","Now, as if it had learnt nothing from the pandemic, the South-West is promoting yet another blow.","305.1",NA
"Επιχειρεί με το τελευταίο σχέδιο νόμου να υπονομεύσει μια βασική αρχή του ΕΣΥ:","With its latest draft law, it is attempting to undermine a basic principle of the NHS:","305.1",NA
"Την δωρεάν και καθολική παροχή υπηρεσιών υγείας στους πολίτες, ενώ η χώρα μας έχει τις τρίτες υψηλότερες ιδιωτικές δαπάνες για την υγεία, πίσω μόνο από τη Βουλγαρία και τη Λιθουανία.","the free and universal provision of health services to citizens, while our country has the third highest private health expenditure, behind only Bulgaria and Lithuania.","305.1",NA
"Η ουσιαστική κατάργηση της πλήρους και αποκλειστικής απασχόλησης των ιατρών του ΕΣΥ, οδηγεί στην μετατροπή ενός δημόσιου και κοινωνικού αγαθού, σε αντικείμενο της ιδιωτικής αγοράς.","The effective abolition of the full and exclusive employment of NHS doctors leads to the transformation of a public and social good into a private market item.","305.1",NA
"Συνεχίζει την υποχρηματοδότηση της υγείας και δεν προχωρά στις λειτουργικές αλλαγές που χρειάζονται τα Νοσοκομεία, ευνοώντας την συναλλαγή.","It continues to underfund health care and does not make the operational changes that hospitals need, favouring the transaction.","305.1",NA
"Είναι αναγκαία η αύξηση των αποδοχών των υγειονομικών του ΕΣΥ.","It is necessary to increase the salaries of NHS health workers.","504",NA
"Αλλά αυτή θα πρέπει να προκύψει μέσα από την αναβάθμιση του μισθολογίου και από την διεύρυνση της απογευματινής λειτουργίας των δημόσιων νοσοκομείων.","But this should come through upgrading the payroll and expanding the evening opening of public hospitals.","504",NA
"Μέτρο που αξιοποιεί με τον καλύτερο τρόπο το ανθρώπινο δυναμικό και τον τεχνολογικό εξοπλισμό, ενώ οδηγεί και στην δραστική μείωση της λίστας αναμονής για χειρουργεία και εξετάσεις.","A measure that makes the best use of human resources and technological equipment, while also leading to a drastic reduction in the waiting list for surgeries and examinations.","504",NA
"2) Η πορεία αναγέννησης του ΕΣΥ δεν μπορεί να εξαντλείται μόνο στις αναγκαίες ποσοτικές παρεμβάσεις αλλά οφείλει να λάβει υπόψη τις ραγδαίεςαλλαγές που συντελούνται στον τομέα της Υγείας.","2) The course of regeneration of the NHS cannot be limited to the necessary quantitative interventions but must take into account the rapid changes taking place in the health sector.","504",NA
"Η επιχορήγηση των Νοσοκομείων από τον κρατικό προϋπολογισμό μειώθηκε κατά 860 εκατομμύρια ευρώ από το 2015 έως σήμερα.","The subsidy of hospitals from the state budget has decreased by 860 million euros from 2015 to date.","504",NA
"Το χειρότερο όμως είναι ότι ενώ υπήρχε η δυνατότητα διάθεσης νέων πόρων, στον σχεδιασμό της αξιοποίησης του Ταμείου Ανάκαμψης και Ανθεκτικότητας, αναδείχθηκε η ιδεοληπτική και βαθιά συντηρητική πολιτική της ΝΔ.","Worse still, while there was the possibility of new resources being made available, in planning the use of the Recovery and Resilience Fund, the ideological and deeply conservative policy of the New Democracy Party was highlighted.","305.1",NA
"Η Κυβέρνηση με όλα τα γνωστά προβλήματα επιλέγει να διαθέσει συνολικά μόνο το 4,2% των πόρων του Ταμείου για τις υποδομές Υγείας, όταν η γειτονική Ιταλία διαθέτει το 10% .","The Government, with all the known problems, chooses to allocate a total of only 4.2% of the Fund's resources to health infrastructure, when neighbouring Italy has 10%.","305.1",NA
"Πόροι ανεπαρκείς που δεν φθάνουν για μια ουσιαστική τομή.","Insufficient resources that are not enough for a substantial breakthrough.","305.1",NA
"Αυτή την εικόνα είμαστε αποφασισμένοι να ανατρέψουμε με τις εξής πολιτικές:","We are determined to reverse this picture with the following policies:","504",NA
"άμεση αύξηση της χρηματοδότησης από τον Προϋπολογισμό και σταδιακή αύξηση στον μέσο όρο της Ευρωπαϊκής Ένωσης.","an immediate increase in funding from the Budget and a gradual increase to the European Union average;","504",NA
"διάθεση του 10% των πόρων του Ταμείου Ανάκαμψης για την υγεία και τις κοινωνικές υποδομές.","allocation of 10% of the Recovery Fund resources to health and social infrastructure.","504",NA
"Ο σχεδιασμός μας για το ΕΣΥ του μέλλοντος απαιτεί 8 μεγάλες αλλαγές.","Our design for the NHS of the future requires 8 major changes.","504",NA
"1η παρέμβαση:","Intervention 1:","504",NA
"Ανάπτυξη του τομέα της Δημόσιας Υγείας, ως ολοκληρωμένη δημόσια υπηρεσία, με ισχυρές δομές σε κάθε Περιφέρεια της χώρας.","Develop the Public Health sector as an integrated public service, with strong structures in every Region of the country.","504",NA
"Αναβάθμιση του ΕΟΔΔΥ ώστε να σχεδιάζει και να αξιολογεί πολιτικές, να καταγράφει και να επιτηρεί τους δείκτες υγείας του πληθυσμού και να συνεργάζεται με τους αρμόδιους επιστήμονες και ερευνητικούς φορείς για την αντιμετώπιση των έκτακτων καταστάσεων.","Upgrading the NHS to design and evaluate policies, record and monitor population health indicators, and collaborate with relevant scientists and research institutions to respond to emergencies.","504",NA
"2η παρέμβαση:","Intervention 2:","504",NA
"Ενιαίο σύστημα Πρωτοβάθμιας Φροντίδας Υγείας υπό δημόσια εποπτεία.","A single primary health care system under public supervision.","504",NA
"Χρειάζεται να δοθεί έμφαση στην πρόληψη αλλά και στην χαρτογράφηση του πληθυσμού (βιοτικό επίπεδο, χρόνια νοσήματα, εξαρτήσεις από ουσίες κλπ.), για να αποκτηθεί γνώση η οποία θα κατευθύνει τη λήψη αποφάσεων στις πολιτικές υγείας.","Emphasis needs to be placed on prevention but also on mapping the population (living standards, chronic diseases, substance dependencies, etc.), in order to gain knowledge to guide decision-making in health policies.","504",NA
"Όπως επίσης και η ανάπτυξη μέσα στο ΕΣΥ των σύγχρονων τομέων πρόληψης νοσημάτων και μεθόδων θεραπείας όπως η Ψυχική Υγεία, η Διαιτολόγια και η Σωματική Αγωγή.","As well as the development within the NHS of modern areas of disease prevention and treatment methods such as Mental Health, Diet and Physical Education.","504",NA
"Γ ια τον σκοπό αυτό προτείνουμε:","To this end we propose:","504",NA
"Την δημιουργία τοπικών δικτύων ολοκληρωμένων υπηρεσιών σε όλη τη χώρα.","The creation of local networks of integrated services throughout the country.","504",NA
"Με αναβαθμισμένο ρόλο της Αυτοδιοίκησης στην λειτουργία τους.","With an enhanced role of the Local Government in their operation.","504",NA
"Τα δίκτυα αναπτύσσουν νέου τύπου υπηρεσίες Οικογενειακής Ιατρικής, με την ευθύνη ενός οικογενειακού γιατρού, και την συμμετοχή επαγγελματιών υγείας.","The networks are developing new types of Family Medicine services, with the responsibility of a family doctor and the participation of health professionals.","504",NA
"Υπηρεσίες που φθάνουν σπίτι μας όταν τις έχουμε ανάγκη.","Services that reach our homes when we need them.","504",NA
"Τόσο για τις ευπαθείς ομάδες, όσο και για το σύνολο του πληθυσμού.","Both for vulnerable groups and for the whole population.","504",NA
"Έμφαση στην πρόληψη.","Emphasis on prevention.","504",NA
"Με ενημερωτικές εκστρατείες για τον εμβολιασμό των παιδιών, για την σωστή διατροφή, με εθνικό σχέδιο προσυμπτωματικού ελέγχου χωρίς τα αυθαίρετα ηλικιακά όρια που έθεσε η κυβέρνηση της Νέας Δημοκρατίας, αλλά και οδοντιατρική φροντίδα για τα παιδιά.","With information campaigns on vaccination of children, on proper nutrition, with a national screening plan without the arbitrary age limits set by the New Democracy government, and dental care for children.","504",NA
"Δωρεάν γονιδιακό έλεγχο με τεστ στα παιδιά όσων έχουν νοσήσει από καρκίνο του μαστού, όπως προτείνει η Ελληνική Αντικαρκινική Εταιρεία.","Free gene testing with tests for the children of breast cancer patients, as proposed by the Hellenic Cancer Society.","504",NA
"Να ενισχυθεί το πρόγραμμα Φώφη Γζννηματά και οι κινητές μονάδες να μπορούν να βρεθούν και στις πλέον απομακρυσμένες περιοχές της χώρας","Strengthen the Fofi Gznimata programme and make it possible for mobile units to be found in the most remote areas of the country","504",NA
"Ενίσχυση της ψυχικής υγείας.",".","504",NA
"Ο ΕΟΠΥΥ ως ασφαλιστικό ταμείο, αξιολογεί, διαπραγματεύεται, ρυθμίζει, με ενιαίους κανόνες τις συνεργασίες και την δημόσια δαπάνη.","The EOPYY as an insurance fund, evaluates, negotiates, regulates, with uniform rules for partnerships and public expenditure.","504",NA
"3η παρέμβαση:","Intervention 3:","504",NA
"Σύγχρονα και λειτουργικά Δημόσια Νοσοκομεία.","Modern and functional public hospitals.","504",NA
"Με αξιοκρατική επιλογή Διοικητών","By meritocratic selection of Governors","504",NA
"Με ολοκληρωμένους προϋπολογισμούς και αυτονομία στην λήψη λειτουργικών αποφάσεων.","With integrated budgets and autonomy in operational decision-making.","504",NA
"Με ολοήμερη λειτουργία, ιδίως στον χειρουργικό τομέα και στις επεμβατικές μονάδες κάθε ειδικότητας με τις ανάλογες αμοιβές βέβαια στο προσωπικό.","With all-day operation, especially in the surgical sector and in the interventional units of each specialty with the corresponding remuneration of course for the staff.","504",NA
"Με δυνατότητα συμβάσεων με ασφαλιστικές εταιρείες για άντληση πρόσθετων εσόδων.","With the possibility of contracts with insurance companies to generate additional income.","504",NA
"Ένας νέος χάοτης Υνείας, που ανταποκοίνεται στις πληθυσυιακές αλλαγές.","A new health care chaos, responding to population changes.","504",NA
"Ώστε να μην έχουμε 17 Νοσοκομεία στο κέντρο της Αθήνας και να μην υπάρχει 1 Νοσοκομείο στην πολυπληθή πια Ανατολική Αττική.","So that we don't have 17 hospitals in the centre of Athens and no 1 hospital in the now populous East Attica.","504",NA
"4η παρέμβαση:","Intervention 4:","504",NA
"Δημιουργία Σύγχρονων και καινοτόμων μονάδων περίθαλψης εκτός Νοσηλευτικών ιδρυμάτων.","Creation of modern and innovative non-hospital care units.","504",NA
"Κέντρα Χρόνιων Παθήσεων","centres","504",NA
"Μονάδες Ημερήσιας Νοσηλείας.","Day Care Units.","504",NA
"Δημόσια Κέντρα Αποκατάστασης, που λειτουργούν με ιατρούς διαφόρων ειδικοτήτων, με τους απαραίτητους επαγγελματίες υγείας και ενσωματωμένες κοινωνικές υπηρεσίες.","Public Rehabilitation Centres, run by doctors of various specialities, with the necessary health professionals and integrated social services.","504",NA
"5η παρέμβαση:Αναβάθμιση του ανθρώπινου δυναμικού του ΕΣΥ.","Intervention 5: Upgrading the human resources of the NHS.","504",NA
"Κάλυψη των πραγματικών κενών του ΕΣΥ με μόνιμο ιατρικό, νοσηλευτικό παραϊατρικό προσωπικό, με διαφανείς διαδικασίες","Filling the real vacancies in the NHS with permanent medical and nursing paramedical staff, with transparent procedures","504",NA
"Νέα σύγχρονα οργανογράμματα, ώστε να προκηρύσσονται άμεσα όλες οι θέσεις που εκκενώνονται.","New modern organisational charts, so that all the vacant posts are advertised immediately.","504",NA
"Αναθεώρηση του συστήματος αμοιβών, και αύξηση τους, ώστε να αμείβεται σωστά η προσπάθεια των υγειονομικών αλλά και να προσελκύεται προσωπικό υψηλών προδιαγραφών και προσόντων.","Review of the pay system and increase in order to properly reward the efforts of health workers and to attract staff of high standards and qualifications.","504",NA
"Ένταξη των υγειονομικών του ΕΣΥ στα βαρέα-ανθυγιεινά.","Include NHS health workers in the heavy-unhealthy category.","504",NA
"Παροχή κινήτρων για ειδικότητες στις οποίες υπάρχουν ελλείψεις","Providing incentives for specialties in which there are shortages","504",NA
"Ειδικά για τα προβλήματα που αντιμετωπίζουν οι νέοι γιατροί:","Specifically for the problems faced by young doctors:","504",NA
"Ριζική αναμόρφωση και ΐΌΐ3ΐίοη στο σύστημα Ιατρικής Εκπαίδευσης και νέο αντικειμενικό σύστημα εξετάσεων για την απόκτηση ειδικότητας.","radical overhaul and reform of the medical education system and a new objective system of examinations to obtain a specialty.","504",NA
"Βελτίωση των συνθηκών εργασίας και αύξηση των αποδοχών των ειδικευόμενων.","Improvement of working conditions and an increase in the remuneration of residents.","504",NA
"Αξιοποίηση νέων γιατρών που σήμερα δουλεύουν στο εξωτερικό, στις νέες μονάδες οικογενειακής ιατρικής.","Utilisation of new doctors currently working abroad in the new family medicine units.","504",NA
"Ενίσχυση των δυνατοτήτων εξέλιξης των νέων ιατρών με μεταπτυχιακά προγράμματα σε συνεργασία με ιατρικές σχολές και ερευνητικά κέντρα και σε συνέργεια με άλλες επιστήμες (Βιολονία. χηυεία κλπί.)","Strengthening the development opportunities for young doctors through postgraduate programmes in cooperation with medical schools and research centres and in synergy with other sciences (biology, chemistry, etc.)","504",NA
"6η παρέμβαση:",":","504",NA
"Η Υγεία στα Νησιά.","Health in the Islands.","504",NA
"Κάθε νησί θα έχει είτε επαρκώς στελεχωμένο Νοσοκομείο (για τα μεγάλα), είτε μονάδα Πρωτοβάθμιας Φροντίδας Υγείας σε διασύνδεση με το πλησιέστερο Νοσοκομείο και πλήρη στελέχωση (για τα μικρότερα)","Each island will have either an adequately staffed Hospital (for the larger ones) or a Primary Health Care Unit linked to the nearest Hospital and fully staffed (for the smaller ones)","504",NA
"Για τα πολύ μικρά νησιά ένα περιφερειακό ιατρείο με μόνιμο ιατρό.","For the very small islands a regional clinic with a permanent doctor.","504",NA
"Κίνητρα για την εξεύρεση του κατάλληλου επιστημονικού δυναμικού με πρόσθετες αμοιβές, επιδοτήσεις ενοικίων και μοριοδότηση για μόνιμες θέσεις σε Νοσοκομεία επιλογής τους.","Incentives for finding the right scientific staff with additional salaries, rent subsidies and a bonus for permanent positions in hospitals of their choice.","504",NA
"7η παρέμβαση:","Intervention 7:","504",NA
"Λειτουργία Ανεξάρτητου Μηχανισμού Αξιολόγησης, για τον έλεγχο ποιότητας των υπηρεσιών υγείας.","Operation of an Independent Evaluation Mechanism to monitor the quality of health services.","504",NA
"Παράλληλα με τον ποιοτικό εκσυγχρονισμό και την βελτίωση λειτουργίας των δομών και λειτουργιών του ΕΣΥ προτείνεται η εισαγωγή αξιολόγησης με αντικείμενο τις διαδικασίες ελέγχου ποιότητας των μονάδων υγείας καθώς και την διαπίστωση της επαρκούς στελέχωσης και κατανομής του υγειονομικού δυναμικού.","In parallel with the qualitative modernization and improvement of the operation of the structures and functions of the NHS, it is proposed to introduce an evaluation of the quality control procedures of the health care units and the establishment of adequate staffing and allocation of health care personnel.","504",NA
"Η Ελλάδα πρέπει να αποκτήσει διεθνώς συγκρίσιμα δεδομένα για βασικούς δείκτες ποιότητας της υγειονομικής περίθαλψης, όπως αποτρέψιμες νοσηλείες, καθώς και θνησιμότητα έπειτα από εισαγωγή στο νοσοκομείο για ορισμένες παθήσεις.","Greece needs to acquire internationally comparable data on key indicators of quality of healthcare, such as avoidable hospitalisations and mortality following hospital admission for certain conditions.","504",NA
"8η παρέμβαση:","Intervention 8:","504",NA
"Ψηφιακός μετασχηματισμός της Υγείας.","Digital transformation of health.","504",NA
"Η Ελλάδα σήμερα υστερεί στη χρήση σύγχρονων τεχνολογιών στον τομέα της υγείας αλλά μπορεί εύκολα να αναπτύξει υπηρεσίες τηλεϊατρικής, τηλε- συμβουλευτικής και τηλε-παρακολούθησης ασθενών.","Greece currently lags behind in the use of modern technologies in the health sector but can easily develop telemedicine, tele-consultation and tele-monitoring services for patients.","504",NA
"Η επένδυση στις ψηφιακές υποδομές μπορεί να βελτιώσει θεαματικά το χάσμα παροχής ποιοτικής περίθαλψης ανάμεσα στο κέντρο και την περιφέρεια, να προσελκύσει αξιόλογο επιστημονικό προσωπικό και να αποτελέσει τομέα συνεχούς έρευνας, ανάπτυξης εφαρμογών και καινοτομίας στο χώρο της υγείας.","Investment in digital infrastructure can dramatically improve the gap in quality care between the centre and the periphery, attract high quality scientific staff and become an area of continuous research, application development and innovation in the health sector.","504",NA
"Επιπλέον η ψηφιοποίηση θα ενισχύσει σημαντικά την διαφάνεια σε όλους τους τομείς, την αξιοπιστία του συστήματος, την εμπιστοσύνη μεταξύ του επιστημονικού- υγειονομικού προσωπικού και των ασθενών καθώς και στην σημαντική εξοικονόμηση πόρων.","In addition, digitisation will significantly enhance transparency in all areas, the reliability of the system, trust between scientific and healthcare staff and patients, and significant savings.","504",NA
"Θέλουυε να καλύιυουυε το χάσυα ποιοτικήο πεοίθαλιυηο υεταΕύ κέντρου και περιφέρειας, αναπτύσσοντας υπηρεσίες τηλεϊατρικής, τηλε-συμβουλευτικής και τηλε-παρακολούθησης ασθενών.","We want to close the gap in quality of care between the centre and the region by developing telemedicine, tele-consultation and tele-monitoring services for patients.","504",NA
"Αλλά και να αντιμετωπίσουμε την ανάγκη συνεχούς υποστήριξης ηλικιωμένων, αναπήρων, μοναχικών ατόμων με χρόνιες παθήσεις","But also to address the need for continuous support for the elderly, the disabled, lonely people with chronic diseases","504",NA
"Να κάνουμε πράξη τον ψηφιακό φάκελο υγείας, την ψηφιακή κάρτα, τα στοχευμένα προληπτικά προγράμματα, τις καινοτόμες εφαρμογές τεχνητής νοημοσύνης.","To put into practice the digital health record, the digital card, targeted preventive programmes, innovative applications of artificial intelligence.","504",NA
"5. ΑΝΑΒΑΘΜΙΣΗ ΤΗΣ ΠΑΙΔΕΙΑΣ","5. UPGRADING EDUCATION","H",NA
"Στη σύγχρονη ψηφιακή εποχή η παιδεία συγκροτεί κρίσιμο πεδίο μετασχηματισμών, θεωρήσεων και συμπεριφορών, που οδηγούν στην 4η Βιομηχανική Επανάσταση, τις νέες τεχνολογίες, τον ψηφιακό κόσμο και την πράσινη ανάπτυξη.","In today's digital age, education is a crucial area for transformations, attitudes and behaviours leading to the 4th Industrial Revolution, new technologies, the digital world and green growth.","506",NA
"Το σχολείο αποτελεί το καθοριστικό στοιχείο ενσωμάτωσης των νέων σε αυτή την διαδικασία παρέχοντας γνώσεις και δεξιότητες, αλλά επίσης και ένα σύστημα αξιών στους αυριανούς πολίτες.","School is the key element in integrating young people in this process, providing knowledge and skills, but also a system of values for tomorrow's citizens.","506",NA
"Η συστηματική υποχρηματοδότηση του εκπαιδευτικού συστήματος που εφαρμόστηκε οριζόντια και χωρίς επαρκή αξιολόγηση την περίοδο των Μνημονίων σε συνδυασμό με την προϋπάρχουσα λάθος στόχευση και πλημμελή οργάνωση, υποβάθμιση της ποιότητας των υπηρεσιών του.","The systematic underfunding of the education system, which was implemented horizontally and without adequate evaluation during the Memoranda period, combined with the pre-existing mis-targeting and inadequate organization, deteriorating the quality of its services.","506",NA
"Γ ια το ΠΑΣΟΚ - Κίνημα Αλλαγής το κόστος της παιδείας δεν πρέπει να αντιμετωπίζεται ως λειτουργική δαπάνη αλλά ως κρίσιμη επένδυση για το μέλλον της χώρας με υψηλή προστιθέμενη αξία, ισχυρό κοινωνικό αντίκρισμα, πολλαπλή επίδραση στην οικονομία και στην παραγωγή και αξιακό όφελος για την κοινωνία και την δημοκρατία.","For PASOK - Movement for Change, the cost of education should not be treated as an operational expense but as a critical investment for the future of the country with high added value, strong social impact, multiple effects on the economy and production and value benefit for society and democracy.","305.1",NA
"Για αυτό προτείνουμε αναπτυξιακές εκπαιδευτικές πολιτικές με σημαντική και στοχευμένη οικονομική ενίσχυση του συστήματος ώστε μεσοπρόθεσμα η δημόσια δαπάνη να φτάσει τη μέση δαπάνη των χωρών της Ευρωπαϊκής Ένωσης.","This is why we propose developmental education policies with significant and targeted financial support for the system so that in the medium term public expenditure reaches the average expenditure of the countries of the European Union.","506",NA
"(α) Αντιστροφή της υστέρησης","(a) Reversing the deficit","H",NA
"Το μεγάλο πρόβλημα είναι η μαθησιακή κρίση (1©3ΐηίη9 ογϊβϊβ) που επηρεάζει αρνητικά την ανάπτυξη του ανθρώπινου κεφαλαίου (ήυηηθη οθρίίθΙ) στην Ελλάδα.","The big problem is the learning crisis (1©3iiiiiiiii9 ojviiiv) which negatively affects the development of human capital (oriithi othriithi) in Greece.","506",NA
"Μελέτες όπως η Ετήσια Έκθεση 2019, της Ανεξάρτητης Αρχής Διασφάλισης της Ποιότητας στην Πρωτοβάθμια και Δευτεροβάθμια Εκπαίδευση - ΑΔΙΠΠΔΕ, η Έκθεση παρακολούθησης της εκπαίδευσης και της κατάρτισης 2019, Ευρωπαϊκή Επιτροπή 2019, και τα αποτελέσματα ΡΙ5Α 2012, 2015 και 2018, επιβεβαιώνουν την επιδείνωση στις επιδόσεις των μαθητών.","Studies such as the 2019 Annual Report of the Independent Authority for Quality Assurance in Primary and Secondary Education - ADIPDE, the Education and Training Monitoring Report 2019, European Commission 2019, and the results of RI5A 2012, 2015 and 2018, confirm the deterioration in student performance.","506",NA
"Ιδιαίτερα ανησυχητική είναι η διαπίστωση ότι το 2018 οι επιδόσεις των μαθητών στην Ελλάδα υπολείπονταν κατά πολύ των επιδόσεων άλλων όμοιων χωρών, και μάλιστα το 2018 είναι σε πτώση σε σύγκριση με τα αποτελέσματα του 2014 (ΡΙ3Α 2018).","Particularly worrying is the finding that in 2018 student performance in Greece was far below that of other similar countries, and indeed in 2018 is in decline compared to the results of 2014 (PI3A 2018).","506",NA
"Οι «άριστοι» μειώνονται ενώ οι «αδύναμοι» πληθαίνουν.","The ""excellent"" are decreasing while the ""weak"" are increasing.","506",NA
"Μόλις το 6,2% των Ελλήνων μαθητών πέτυχε πολύ υψηλές επιδόσεις σ’ ένα έστω γνωστικό αντικείμενο το 2018, από 6,8% το 2015, ενώ στην Πορτογαλία είναι 15,2%, στην Εσθονία 22,5%.","Only 6.2% of Greek students achieved a very high performance in even one subject in 2018, down from 6.8% in 2015, while in Portugal it is 15.2% and in Estonia 22.5%.","506",NA
"Ο δείκτης «Ανθρώπινο Κεφάλαιο» που αναπτύχθηκε από την Παγκόσμια Τράπεζα μετράει πόσο κεφάλαιο χάνει μια χώρα λόγω της έλλειψης η της κακής ποιότητας εκπαίδευσης και υγείας.","The Human Capital Index developed by the World Bank measures how much capital a country loses due to lack or poor quality of education and health.","506",NA
"Βέλτιστες ποιοτικές υπηρεσίες δημόσιας εκπαίδευσης για όλους είναι ένας από τους κύριους τρόπους επένδυσης σε όλους τους νέους και τις νέες μιας χώρας (Τήθ Ηυηηθη οθρίίθΙ ίηάθχ; Τή© ίθθΓηΐηρ 0Ν3ΐ3; Τή© \Λ/οήά Β©ηΚ, 2019).","Optimal quality public education services for all is one of the main ways to invest in all young people in a country (Teeth Hithithi othriithl i i iathh; Te© ithhGiir 0N3ii3; Te© L/oia B©iK, 2019).","506",NA
"Η Ελλάδα έχει χαμηλή συγκριτικά θέση εξαιτίας της μαθησιακής κρίσης.","Greece has a low comparative position due to the learning crisis.","506",NA
"Αυτό σημαίνει ότι η χώρα μας δεν επενδύει αποτελεσματικά στους ανθρώπους της, στους νέους της.","This means that our country is not investing effectively in its people, its young people.","506",NA
"Η τάση αυτή είναι άκρως ανησυχητική για την ανάπτυξη του ανθρωπίνου κεφαλαίου στην Ελλάδα,","This trend is highly worrying for the development of human capital in Greece,","503",NA
"καθώς παγιώνει και διευρύνει τις ανισότητες και είναι μεγάλο εμπόδιο για την βιώσιμη ανάπτυξη στη χώρα μας.","as it consolidates and widens inequalities and is a major obstacle to sustainable development in our country.","503",NA
"Αξίζει να σημειωθεί ότι αυτή η υστέρηση καταγράφεται την ίδια στιγμή που η αναλογία εκπαιδευτικών προς μαθητές είναι από τις ευνοϊκότερες παγκοσμίως και θα έπρεπε ο διαθέσιμος χρόνος εκπαίδευσης να είναι μεγαλύτερος και πιο στοχευμένος ανά μαθητή.","It is worth noting that this backlog is recorded at the same time that the ratio of teachers to students is one of the most favourable in the world and the available education time should be longer and more targeted per student.","506",NA
"Επιπλέον, το γεγονός ότι οι Έλληνες εκπαιδευτικοί δεν υστερούν σε τυπικά προσόντα σε σχέση με τους συναδέλφους τους στις περισσότερες ευρωπαϊκές χώρες, υποδηλώνει ότι σε πολλές περιπτώσεις ο συνδυασμός εκπαίδευσης/διαπαιδαγώγησης έχει πρακτικά εγκαταλειφθεί ή εφαρμόζεται μόνο περιστασιακά.","Moreover, the fact that Greek teachers do not lag behind their colleagues in most European countries in terms of formal qualifications suggests that in many cases the education/teaching combination has been practically abandoned or only occasionally applied.","506",NA
"Τα προβλήματα αυτά οξύνθηκαν από τις ετερόκλητες αλλά εξίσου αναποτελεσματικές πολιτικές που ασκήθηκαν τα προηγούμενα χρόνια.","These problems have been exacerbated by the disparate but equally ineffective policies pursued in recent years.","506",NA
"Είτε από την κυβέρνηση ΣΥΡΙΖΑ με την εμμονή του σε διαδικασίες φαινομενικής αναβάθμισης εκπαιδευτικών ιδρυμάτων χωρίς καμμία ουσιαστική αξιολόγηση, είτε από την κυβέρνηση της ΝΔ που προωθεί μια σειρά από αλλαγές χωρίς να επιδιώκει την παραμικρή συναίνεση με άλλες πολιτικές δυνάμεις, μαθητές, εκπαιδευτικούς και εν γένει την κοινωνία.","Either by the Syriza government with its insistence on processes of apparent upgrading of educational institutions without any real evaluation, or by the New Democracy government which is promoting a series of changes without seeking the slightest consensus with other political forces, students, teachers and society in general.","305.1",NA
"Το ΠΑΣΟΚ Κίνημα Αλλαγής αντιπροτείνει ποιοτική εκπαίδευση για όλους τους μαθητές και μείωση του «μαθησιακού χάσματος».","The PASOK Movement for Change proposes quality education for all students and a reduction of the 'learning gap'.","305.1",NA
"Η μετρήσιμη βελτίωση της ποιότητας της παρεχόμενης εκπαίδευσης από τα δημόσια σχολεία της χώρας μας αποτελεί την πιο δίκαιη στρατηγική παρέμβαση προς όφελος των μεσαίων και χαμηλών εισοδημάτων και υποστηρίζει την όποια οικονομική ανάκαμψή και βιώσιμη ανάπτυξη.","The measurable improvement of the quality of education provided by our country's public schools is the most equitable strategic intervention for the benefit of middle and low income earners and supports any economic recovery and sustainable development.","506",NA
"(β) Ένας νέος εθνικός διάλογος","(b) A new national dialogue","H",NA
"Γ ια το ΠΑΣΟΚ-Κίνημα Αλλαγής η Παιδεία είναι εθνική υπόθεση.","For PASOK-Movement for Change, Education is a national issue.","305.1",NA
"Γ ια αυτό δεσμευόμαστε να προχωρήσουμε όλες τις προτάσεις μας μετά από ανοιχτή δημόσια συζήτηση και επιδιώκοντας τη μέγιστη δημοκρατική νομιμοποίηση, αναγνωρίζοντας ότι μόνο έτσι θα εξασφαλιστούν σημαντικά και μακροπρόθεσμα οφέλη για την ελληνική κοινωνία.","For this reason, we are committed to advancing all our proposals after open public debate and seeking maximum democratic legitimacy, recognizing that this is the only way to ensure significant and long-term benefits for Greek society.","202.1",NA
"Βασική επιλογή μας είναι η επανασύσταση του Εθνικού Συμβουλίου Παιδείας το οποίο ως ανεξάρτητο όργανο θα συμβάλει στην ανάδειξη όλων βασικών προτεραιοτήτων και θα συντονίζει ένα συνεχή εθνικό διάλογο για μεταρρυθμιστική πολιτική στην εκπαίδευση.","Our key option is the re-establishment of the National Council for Education which, as an independent body, will contribute to the emergence of all key priorities and coordinate a continuous national dialogue on education reform policy.","506",NA
"Γ ια την αναβάθμιση του εκπαιδευτικού συστήματος προτείνουμε να τεθούν στον δημόσιο διάλογο οι εξής μεταρρυθμίσεις:","In order to upgrade the education system, we propose that the following reforms be put up for public debate:","506",NA
"1. Εθνικό Απολυτήριο.","1.","506",NA
"Αποκτάται με πανελλήνιες εξετάσεις σε βασικό κορμό μαθημάτων, στις οποίες συμμετέχουν οι απόφοιτοι Λυκείων.","It is obtained through national examinations in a basic core of courses, in which high school graduates participate.","506",NA
"Δεν είναι μόνο το κύριο προαπαιτούμενο για την πρόσβαση στην Ανώτατη Εκπαίδευση αλλά και βασικό εργαλείο για την αναμόρφωση και την διαρκή αξιολόγηση της δευτεροβάθμιας εκπαίδευσης.","It is not only the main prerequisite for access to higher education but also a key tool for the reform and continuous evaluation of secondary education.","506",NA
"Στο πλαίσιο αυτό θέτουμε και τον στόχο με το τέλος της υποχρεωτικής εκπαίδευσης οι μαθητές να έχουν πιστοποίηση γνώσεων στην Πληροφορική και σε μία Ξένη Γλώσσα.","In this context, we also set the goal that by the end of compulsory education students should have a certification of knowledge in IT and a foreign language.","506",NA
"Αναβάθμιση του ρόλου της Αρχής Διασφάλισης και Πιστοποίησης της Ποιότητας στην Ανώτατη Εκπαίδευση (ΑΔΙΠ).","Upgrading the role of the Quality Assurance and Accreditation Authority for Higher Education (QAA).","506",NA
"Είναι εξαιρετικά σημαντικό η Αρχή να ενισχυθεί με όλα εκείνα τα θεσμικά εργαλεία που θα την βοηθήσουν για να αξιολογεί με συστηματικό τρόπο όλα τα τριτοβάθμια Εκπαιδευτικά Ιδρύματα και να τους παρέχει τις απαραίτητες κατευθύνσεις για να προσαρμοστούν στις δυναμικές σύγχρονες εκπαιδευτικές ανάγκες.","It is extremely important that the Authority be strengthened with all those institutional tools that will help it to systematically assess all higher education institutions and provide them with the necessary guidance to adapt to the dynamic contemporary educational needs.","506",NA
"Η ΑΔΙΠ καταστρώνει συγκριτικό πίνακα με τις αξιολογήσεις της τριτοβάθμιας εκπαίδευσης και δημοσιεύει τα αποτελέσματα της σε ετήσια ' Εκθεση.","The HQA compiles a comparative table of evaluations of higher education and publishes its results in an annual ' Report.","506",NA
"Αναβάθμιση της Επαγγελματικής Εκπαίδευσης.","Upgrading Vocational Education.","411",NA
"Η αναβάθμιση και ενίσχυση της επαγγελματικής εκπαίδευσης τόσο με ανθρώπινους και οικονομικούς πόρους αλλά πρωτίστως με αναβαθμισμένα προγράμματα σπουδών και προγράμματα μαθητείας αποτελεί μία κρίσιμη προϋπόθεση για την συνολική βελτίωση του εκπαιδευτικού συστήματος στην χώρα μας και την ανάγκη διάθεσης εξειδικευμένων στελεχών σε σύγχρονους τομείς τεχνολογίας και καινοτομίας.","The upgrading and strengthening of vocational education both with human and financial resources but primarily with upgraded curricula and apprenticeship programmes is a critical prerequisite for the overall improvement of the educational system in our country and the need to provide qualified staff in modern technology and innovation sectors.","411",NA
"Για την επιτυχία αυτού του στόχου θεωρούμε ότι πρέπει να υπάρχουν αναβαθμισμένα επαγγελματικά δικαιώματα για τους αποφοίτους της και μία αμφίδρομη κινητικότητα με τις δομές της Ανώτατης Εκπαίδευσης.","For the success of this goal, we believe that there must be upgraded professional rights for its graduates and a two-way mobility with the structures of higher education.","506",NA
"Για την προσέλκυση φοιτητών από όλες τις κοινωνικές κατηγορίες, προτείνουμε να ληφθούν μέτρα οικονομικής ενίσχυσης οικογενειών με παιδιά φοιτητές ή καταρτιζόμενους στην επαγγελματική εκπαίδευση (όπως η έκπτωση φορολογίας ή η αύξηση του αφορολόγητου για γονείς φοιτητών και σοβαρή στεγαστική συνδρομή), παράλληλα με τις υποτροφίες αριστείας».","In order to attract students from all social categories, we propose that measures be taken to provide financial support to families with children of students or trainees in vocational education (such as tax rebates or an increase in the tax-free allowance for parents of students and serious housing assistance), alongside scholarships for excellence.""","506",NA
"(γ) Οι παιδαγωγικοί στόχοι","(c) Pedagogical objectives","H",NA
"Βασική θέση της σοσιαλδημοκρατικής πρότασης μας, είναι ότι το σύγχρονο σχολείο δεν πρέπει μόνο να εκπαιδεύει αλλά και να διαπαιδαγωγεί.","The basic position of our social democratic proposal is that the modern school must not only educate but also educate.","506",NA
"Για αυτό άλλωστε είναι βασική μας δέσμευση η ουσιαστική στήριξη με ανθρώπινους και οικονομικούς πόρους της Δημόσιας και Δωρεάν Παιδείας, σε συνδυασμό όμως με μια αδιάκοπη προσπάθεια αξιολόγησης της αποτελεσματικότητας τους, εξύψωση των παρεχόμενων γνώσεων και επέκταση της μάθησης σε νέες περιοχές.","That is why it is our basic commitment to provide substantial support with human and financial resources for public and free education, but combined with a continuous effort to evaluate their effectiveness, to elevate the knowledge provided and to extend learning to new areas.","506",NA
"Για αυτό πέρα από τους εκπαιδευτικούς στόχους που θέτουμε βάζουμε δίπλα σε αυτούς και τους κρίσιμους παιδαγωγικούς στόχους της παιδείας.","For this reason, in addition to the educational objectives we set, we set alongside them the critical pedagogical objectives of education.","506",NA
"Όραμα μας η αρμονική συμπόρευση των κρίσιμων εκείνων πολιτικών και παρεμβάσεων που θα κάνουν τους νέους του σήμερα ικανούς να ανταποκριθούν στις προκλήσεις του μέλλοντος τόσο ως εργαζόμενοι αλλά ταυτόχρονα ως πολίτες.","Our vision is the harmonious coexistence of those critical policies and interventions that will enable today's young people to meet the challenges of the future both as workers and at the same time as citizens.","506",NA
"Γιατί η σοσιαλδημοκρατία επιζητά πολίτες, που συμμετέχουν ενεργά στο δημόσιο βίο.","Because social democracy seeks citizens who are active participants in public life.","506",NA
"Γ ιατί για την παράταξη μας η παιδεία συνδέεται εκτός από τη μόρφωση και την προαγωγή του ορθολογισμού, και με τη συνεχή εμβάθυνση της δημοκρατίας και τη διαρκή ενίσχυση της «ανοιχτής κοινωνίας».","For our party, education is linked not only to education and the promotion of rationality, but also to the constant deepening of democracy and the constant strengthening of the 'open society'.","506",NA
"Η πρότασή μας εστιάζει σε ένα Σχολείο του Πολιτισμού και της Παιδείας, της Τέχνης και της Αγωγής.","Our proposal focuses on a School of Culture and Education, Art and Education.","506",NA
"Ένα σχολείο το οποίο - χωρίς να μειώνει την παιδευτική απόλαυση της μάθησης και τη χαρά της γνώσης - προάγεται η πνευματική ελευθερία και η θετική στάση για τη ζωή, εξανθρωπίζεται ο πολίτης και διαμορφώνει συνειδήσεις αλληλεγγύης, αλληλοσεβασμού, ανεκτικότητας και αντιλήψεις πολιτικής και οικολογικής δράσης.","A school which - without diminishing the educational pleasure of learning and the joy of knowledge - promotes intellectual freedom and a positive attitude towards life, humanises the citizen and forms consciences of solidarity, mutual respect, tolerance and concepts of political and ecological action.","506",NA
"Ένα σχολείο που προάγει τη συνεργατικότητα, τη δημιουργικότητα, την καινοτομία, την ευρωπαϊκή διάσταση της εκπαίδευσης, την αγωγή υγείας, τη σεξουαλική αγωγή, τη διαπολιτισμική εκπαίδευση, την περιβαλλοντική εκπαίδευση, την αισθητική αγωγή, τη βιβλιοφιλία, την έρευνα.","A school that promotes cooperation, creativity, innovation, the European dimension of education, health education, sex education, intercultural education, environmental education, aesthetic education, bibliophilia and research.","506",NA
"Φυσικά αυτό προϋποθέτει έμφαση στην Προσχολική Αγωγή με στόχο την ισότιμη ένταξη όλων των παιδιών στην Ελληνική Παιδεία και Κοινωνία με συστηματικές ευκαιρίες προσωπικής ανάπτυξης και καλλιέργειας.","Of course, this presupposes an emphasis on pre-school education with the aim of equal integration of all children into Greek education and society with systematic opportunities for personal development and cultivation.","506",NA
"Παράλληλα οι υποστηρικτικές πολιτικές για την Ειδική Αγωγή θα υπηρετούνται από ένα σχολείο για όλους που μπορεί να διαφοροποιήσει και να προσαρμόσει το εκπαιδευτικό του πρόγραμμα, ανάλογα με τις δυνατότητες του μαθητή.","At the same time, supportive policies for Special Education will be served by a school for all that can differentiate and adapt its educational program according to the student's abilities.","506",NA
"Όμως το όραμα μας είναι το εκπαιδευτικό σύστημα να μην υπηρετεί μόνο μαθητές, εκπαιδευόμενους και φοιτητές.","But our vision is that the education system will not only serve students, trainees and learners.","506",NA
"Ο ρόλος τους θα είναι να προάγει συστηματικά, σε συνέργεια με τις υφιστάμενες δομές, την Κατάρτιση και εν γένει τη Διά Βίου Μάθηση που στοχεύουν αφενός στην ικανοποίηση της ανάγκης για εφ’ όρου ζωής πρόσβαση στη γνώση, και αφετέρου αποτελεί βασικό συστατικό στοιχείο των ενεργητικών πολιτικών απασχόλησης, ανάπτυξης του ανθρώπινου δυναμικού και διατήρησης της απασχόλησης.","Their role will be to systematically promote, in synergy with existing structures, Training and Lifelong Learning in general, which aims to meet the need for lifelong access to knowledge, and is a key component of active employment, human resources development and employment retention policies.","506",NA
"Στα πλαίσια αυτών των αρχών προκρίνουμε τις παρακάτω συγκεκριμένες προτάσεις για την Προσχολική, την Πρωτοβάθμια και Δευτεροβάθμια Εκπαίδευση καθώς και την Επαγγελματική Εκπαίδευση:","In the context of these principles, we propose the following specific proposals for pre-school, primary and secondary education and vocational education and training:","506",NA
"Ουσιαστική ενοποίηση των προγραμμάτων της Πρωτοβάθμιας και της υποχρεωτικής Δευτεροβάθμιας Εκπαίδευσης (Νηπιαγωγείο-Δημοτικό-Γυμνάσιο).","Substantial integration of the programmes of primary and compulsory secondary education (nursery school - primary school - secondary school).","506",NA
"Δραστική μείωση των γνωσιακών τους περιεχομένων και παράλληλη μετατόπιση του βάρους στην καλλιέργεια της δημιουργικότητας, στην εμπέδωση της θεωρητικής γνώσης και στην αξιοποίησή της, στην απόκτηση δεξιοτήτων συνεργασίας και επικοινωνίας, ευχέρειας στην επίλυση πρακτικών προβλημάτων, σχεδιασμού συστημάτων και κατανόησης της ανθρώπινης συμπεριφοράς και του κοινωνικού-οικονομικού- πολιτισμικού περιβάλλοντος.","A drastic reduction in their cognitive content and a parallel shift in emphasis towards the cultivation of creativity, the consolidation of theoretical knowledge and its utilisation, the acquisition of cooperation and communication skills, fluency in practical problem-solving, system design and an understanding of human behaviour and the socio-economic and cultural environment.","506",NA
"Μετατόπιση του «βάρους» στην καθημερινή λειτουργία και την ουσιαστική επαφή των μαθητών με τα αντικείμενα, από τις εξεταστικές διαδικασίες και τον όλο και μεγαλύτερο όγκο της εξεταστέας ύλης.","Shifting the 'focus' on the day-to-day operation and meaningful contact of students with the subjects, away from examination procedures and the ever-increasing volume of examination material.","506",NA
"Θέσπιση της, ανύπαρκτης σήμερα, δυνατότητας των μαθητών να κάνουν επιλογές μέσα σε ένα ευέλικτο, ανοιχτό σχολείο που θα προσφέρει ποικιλία αντικειμένων τα οποία θα το καθιστούν ελκυστικότερο για τα παιδιά.","Establishing the, currently non-existent, possibility for pupils to make choices within a flexible, open school offering a variety of subjects which make it more attractive to children.","506",NA
"Ουσιαστική ανάπτυξη αντικειμένων πολιτισμού, αθλητισμού και αισθητικής ανωνής.","The substantial development of cultural, sporting and aesthetic subjects,","506",NA
"τα οποία σήυεοα αποτελούν τους «παοίες» των προγραμμάτων.","which are currently the 'bellwethers' of the programmes.","506",NA
"Ίδρυση/επαναλειτουργία και εμπλουτισμός των Σχολικών Βιβλιοθηκών σε κάθε σχολική μονάδα ή ανά συγκρότημα σχολικών μονάδων καθώς και της πρόσβασης σε ψηφιακές βιβλιοθήκες.","Establishment/reopening and enrichment of school libraries in each school unit or school complex and access to digital libraries.","506",NA
"Αναβάθμιση του τομέα των ξένων γλωσσών με αναμόρφωση προγραμμάτων και διδακτικού υλικού, με στόχο να απαλλαγούν οι οικογένειες από το πρόσθετο κόστος της εκμάθησης και της πιστοποίησής τους, οι οποίες θα ολοκληρώνονται εντός του δημοσίου σχολείου.","Upgrading the foreign language sector by reforming programmes and teaching materials, with the aim of relieving families of the additional costs of learning and certification, which will be completed within the public school.","506",NA
"Ανοικτά σχολεία όλων των βαθμιδών, σε ανοικτές κοινωνίες.","Open schools at all levels, in open societies.","506",NA
"Νηπιαγωγεία, Δημοτικά Σχολεία, Γυμνάσια, Γενικά Λύκεια, ΕΠΑΛ, κόμβοι ανταλλαγής απόψεων, καινοτομίας και διασύνδεσης με την τοπική κοινωνία και οικονομία - κοινωνικούς εταίρους.","Kindergartens, primary schools, primary schools, secondary schools, general high schools, vocational schools, hubs for exchange, innovation and interconnection with the local community and economy - social partners.","506",NA
"Θεσμική, επιστημονική και υλικοτεχνική στήριξη του έργου των εκπαιδευτικών όλων των βαθμιδών.","Institutional, scientific and logistical support for the work of teachers at all levels.","506",NA
"Ενίσχυση και διεύρυνση, σε όλες τις βαθμίδες, των θεσμών άμβλυνσης των ανισοτήτων όπως το Ολοήμερο Σχολείο και οι παράλληλες δομές ενισχυτικής διδασκαλίας και αντισταθμιστικής αγωγής.","Strengthening and extending, at all levels, institutions for reducing inequalities, such as all-day schools and parallel structures for remedial and compensatory education.","506",NA
"Ιδιαίτερη σημασία στα σχολεία εκπαίδευσης μειονοτήτων με αναβάθμιση του εκπαιδευτικού περιεχομένου, της τεχνολογίας και των υποδομών.","Particular attention to minority education schools with upgrading of educational content, technology and infrastructure.","506",NA
"Μέριμνα ώστε στα Νηπιαγωγεία να ενισχυθούν οι εκπαιδευτικοί στο έργο τους, να ενισχυθεί και να οργανωθεί η διοίκησή τους και να στελεχωθούν με βοηθητικό προσωπικό, το οποίο είναι αναγκαίο.","Ensure that teachers in kindergartens are supported in their work, their management is strengthened and organised and they are staffed with necessary support staff.","506",NA
"Το δημόσιο σχολείο παραμένει ευθύνη και αποκλειστική αρμοδιότητα της πολιτείας, με κέντρο το Υπουργείο Παιδείας, όσον αφορά τη χρηματοδότηση, το προσωπικό και το βασικό πλαίσιο προγραμμάτων, με ευρεία όμως και ουσιαστική αυτονομία, όσον αφορά την οικονομική διαχείριση, τη διοίκηση, την εξειδίκευση των προγραμμάτων και του εκπαιδευτικού του υλικού.","The public school remains the responsibility and exclusive competence of the state, with the Ministry of Education at its centre, in terms of funding, staffing and the basic framework of programmes, but with broad and effective autonomy in terms of financial management, administration and the specificity of its programmes and educational material.","506",NA
"Θεσμική και οικονομική στήριξη της διοίκησης του σχολείου, ώστε να αναπτυχθεί στηριζόμενο στις δυνάμεις του εκπαιδευτικού προσωπικού και τη συμβολή των κοινωνικών εταίρων (γονείς, τοπική αυτοδιοίκηση, πολιτιστικοί και άλλοι κοινωνικοί φορείς).","Institutional and financial support for the school's administration, so that it can develop on the strengths of the teaching staff and the contribution of the social partners (parents, local authorities, cultural and other social organisations).","506",NA
"Καταπολέμηση του συγκεντρωτισμού και της τεράστιας γραφειοκρατίας που «στραγγαλίζουν» την δημιουργικότητα και κατασπαταλούν ανθρώπινους και υλικούς πόρους, μέσα από τον ψηφιακό μετασχηματισμό και θεσμικές αλλαγές.","Combating centralisation and the huge bureaucracy that stifles creativity and wastes human and material resources, through digital transformation and institutional changes.","506",NA
"Αξιολόγηση όλων των συντελεστών του εκπαιδευτικού συστήματος: θεσμών, πολιτικών, υποδομών, χρηματοδότησης, διοίκησης και εκπαιδευτικών, αξιοπιστία και διαφάνεια στην επιλογή των στελεχών της εκπαίδευσης και διαρκής επιμόρφωση των εκπαιδευτικών.","Evaluation of all actors in the education system: institutions, policies, infrastructure, funding, administration and teachers, credibility and transparency in the selection of education managers and continuous teacher training.","506",NA
"Αύξηση του αριθμού και επέκταση της γεωγραφικής κατανομής Πειραματικών Σχολείων όλων των βαθμιδών και Μουσικών, Καλλιτεχνικών και Αθλητικών Γυμνασίων και Λυκείων.","Increase in the number and geographical distribution of experimental schools at all levels and of music, art and sports high schools.","506",NA
"Στήριξη των μαθητών όλων των βαθμιδών της Γενικής και της Ειδικής Αγωγής από ειδικές δομές και από ψυχολόγους και κοινωνικούς λειτουργούς.","Support for pupils at all levels of general and special education from special structures and from psychologists and social workers.","506",NA
"Ευρεία μεταρρύθμιση του Λυκείου, ώστε, αφενός μεν να πάψει να είναι αποκλειστικά μηχανισμός εισαγωγής στην τριτοβάθμια εκπαίδευση και αφετέρου να οργανωθεί στη λογική των όσο το δυνατόν περισσοτέρων δυνατοτήτων επιλογών που θα έχουν οι μαθητές.","Broad reform of the Lyceum, so that, on the one hand, it ceases to be solely a mechanism for admission to higher education and, on the other hand, it is organised on the basis of the widest possible range of options available to students.","506",NA
"Πλήρης, ουσιαστική, με σύγχρονες μορφές, ανάπτυξη, σε όλα τα σχολεία της Δευτεροβάθμιας Εκπαίδευσης του θεσμού της Συμβουλευτικής και του Επαγγελματικού Προσανατολισμού με απασχόληση Συμβούλων Επαγγελματικού Προσανατολισμού και Σταδιοδρομίας σε κάθε σχολική μονάδα.","Full, substantial, with modern forms, development, in all schools of Secondary Education, of the institution of Counselling and Career Guidance with the employment of Career Guidance and Career Counsellors in every school unit.","506",NA
"Σε κάθε Επαγγελματικό Λύκειο (ΕΠΑ.Λ.) ή συγκροτήματα ΕΠΑ.Λ. ίδρυση «Γραφείων Σύνδεσης με την Αγορά Εργασίας και Σταδιοδρομίας» και στελέχωσή τους με ικανό αριθμό «Συμβούλων Σταδιοδρομίας και Επαγγελματικού Προσανατολισμού».","In each Vocational Lyceum (Epa.L.) or complexes of Epa.L., the establishment of ""Offices of Liaison with the Labour Market and Career"" and their staffing with a sufficient number of ""Career and Vocational Guidance Counsellors"".","506",NA
"Καθιέρωση του πολλαπλού βιβλίου και «Ανοικτού Φακέλου Μαθήματος» όπου θα εμπλουτίζεται από το Ινστιτούτο Εκπαιδευτικής Πολιτικής αλλά και τους εκπαιδευτικούς.","Establishment of the multiple textbook and 'Open Course Folder' which will be enriched by the Institute of Educational Policy and teachers.","506",NA
"(δ) Καταπολεμώντας την υστέρηση της πανδημίας","(d) Fighting the lagging pandemic","H",NA
"Τέλος είναι προφανές ότι η πανδημία κατέδειξε με τον πιο έντονο τρόπο το πόσο σημαντικός είναι ο ρόλος του εκπαιδευτικού και του πανεπιστημιακού δασκάλου: ως παιδαγωγού, ως επιστήμονα, ως συνδημιουργού του μέλλοντος της νέας γενιάς.","Finally, it is obvious that the pandemic has demonstrated in the most striking way how important the role of the teacher and the university teacher is: as educator, as scientist, as co-creator of the future of the new generation.","506",NA
"Οι επιπτώσεις της πανδημίας στην εκπαίδευση ήταν σχεδόν","The impact of the pandemic on education has been almost","506",NA
"Οι επιπτώσεις της πανδημίας στην εκπαίδευση ήταν σχεδόν παραλυτικές.","The impact of the pandemic on education has been almost crippling.","506",NA
"Για τη συντριπτική πλειονότητα των οικογενειών στην Αμερική και την Ευρώπη, η διαδικτυακή διδασκαλία ήταν κάτι μεταξύ απογοήτευσης και καταστροφής.","For the vast majority of families in America and Europe, online teaching was something between frustration and disaster.","506",NA
"Δεδομένα από όλο τον κόσμο υποδηλώνουν ότι, κατά μέσο όρο, τα παιδιά έχουν μάθει πολύ λιγότερα από ότι συνήθως.","Data from around the world suggest that, on average, children have learned far less than usual.","506",NA
"Μέχρι τον Μάρτιο του 2021, οι μαθητές των δημοτικών σχολείων στην Αγγλία είχαν μείνει σχεδόν τρεις μήνες πίσω στις γνώσεις.","By March 2021, primary school pupils in England were nearly three months behind in knowledge.","506",NA
"Το περασμένο καλοκαίρι, μαθησιακά τεστ σε παιδιά στο Βέλγιο τεκμηρίωσαν αντίστοιχου μεγέθους ελλείψεις.","Last summer, learning tests on children in Belgium documented similar-sized deficits.","506",NA
"Μια μελέτη μαθητών στην Ολλανδία διαπίστωσε ότι κατά τη διάρκεια μιας περιόδου εξ αποστάσεως μάθησης οκτώ εβδομάδων το πρώτο εξάμηνο του 2020, ο μέσος μαθητής δεν έμαθε τίποτα νέο.","A study of pupils in the Netherlands found that during an eight-week period of distance learning in the first half of 2020, the average pupil learned nothing new.","506",NA
"Στα παιδιά που ήδη μειονεκτούσαν, οι επιπτώσεις ήταν σφοδρότερες.","For children who were already disadvantaged, the impact was more severe.","506",NA
"Η ολλανδική μελέτη διαπίστωσε ότι η απώλεια μάθησης ήταν πάνω από 50% μεγαλύτερη στα παιδιά με γονείς χαμηλότερου εκπαιδευτικού επιπέδου.","The Dutch study found that learning loss was over 50% greater in children with parents of lower educational attainment.","506",NA
"Οι βαθμολογίες των μαύρων μαθητών στις ΗΠΑ μειώθηκαν κατά 50% περισσότερο από αυτές των λευκών μαθητών.","The scores of black students in the US dropped 50% more than those of white students.","506",NA
"Δεν είναι νέο ότι για τους μαθητές από τα πιο αδύναμα κοινωνικά στρώματα, τα οικονομικά και κοινωνικά «μειονεκτήματα» έξω από τις πύλες των σχολείων επηρεάζουν σε πολύ μεγάλο βαθμό την ικανότητα ενός παιδιού να επωφεληθεί από αυτό που συμβαίνει εντός του σχολείου.","It is not news that for students from the most disadvantaged backgrounds, the economic and social ""disadvantages"" outside the school gates greatly affect a child's ability to benefit from what happens inside the school.","506",NA
"Δεν έχουμε ιδιαίτερους λόγους να αμφισβητήσουμε την υπόθεση ότι οι επιπτώσεις είναι αντίστοιχες και στη χώρα μας, αν συνυπολογίσουμε μάλιστα και τις χρόνιες ελλείψεις, υστερήσεις και αδυναμίες του εκπαιδευτικού μας συστήματος.","We have no particular reason to doubt the assumption that the effects are similar in our country, if we even take into account the chronic shortcomings, shortcomings and weaknesses of our education system.","506",NA
"Οι συνέπειες τους εντείνονται από την κοινωνική περιθωριοποίηση.","Their consequences are intensified by social marginalisation.","506",NA
"Σύμφωνα με πρόσφατη έκθεση του Ευρωπαϊκού Ελεγκτικού Συνεδρίου, ένα στα 3 παιδιά στην Ελλάδα αντιμετωπίζουν κίνδυνο φτώχειας ή κοινωνικού αποκλεισμού, με τη χώρα μας να κατατάσσεται τρίτη στην παιδική φτώχεια πίσω από τις Ρουμανία και την Βουλγαρία.","According to a recent report by the European Court of Auditors, one in three children in Greece are at risk of poverty or social exclusion, with our country ranking third in child poverty behind Romania and Bulgaria.","506",NA
"Δεν είναι μόνο η ανεπάρκεια των οικογενειακών επιδομάτων, η όποια οικονομική στήριξη των οικογενειών αυτών είναι απαραίτητη αλλά δεν αρκεί.","It is not only the inadequacy of family allowances, any financial support for these families is necessary but not sufficient.","506",NA
"Η επένδυση σε εκπαιδευτικές και κοινωνικές υποστηρικτικές υπηρεσίες κατά τη διάρκεια της παιδικής ηλικίας μπορεί να αποφέρει οφέλη σε όλη τη διάρκεια της ζωής των παιδιών.","Investing in educational and social support services during childhood can bring benefits throughout children's lives.","506",NA
"Καλύπτοντας τον χαμένο χρόνο:","Making up for lost time:","506",NA
"Οι προσπάθειες για να βοηθήσουμε τα παιδιά να ανακτήσουν την χαμένη μάθηση αποτελούν μια μεγάλη ευκαιρία να τεθούν τα θεμέλια για ένα καλύτερο και δικαιότερο εκπαιδευτικό σύστημα.","Efforts to help children make up for lost learning represent a great opportunity to lay the foundation for a better and fairer education system.","506",NA
"Ειδικοί από πολλές χώρες πιστεύουν ότι η συμπληρωματική ή ενισχυτική διδασκαλία σε μικρές ομάδες μπορούν να βοηθήσουν σημαντικά τους μαθητές που υστερούν.","Experts from many countries believe that supplementary or remedial teaching in small groups can significantly help students who are falling behind.","506",NA
"Μια πρόσφατη μελέτη στη Βρετανία διαπίστωσε ότι 12 ώρες προσωπικής διδασκαλίας θα μπορούσαν να προωθήσουν τις μαθηματικές δεξιότητες ενός παιδιού όσο τρεις μήνες συμβατικής εκπαίδευσης.","A recent study in Britain found that 12 hours of one-to-one tutoring could advance a child's mathematical skills as much as three months of conventional education.","506",NA
"Πρέπει να εντείνουμε τις προσπάθειές μας για να αποκαταστήσουμε τη ζημιά που προκλήθηκε από το κλείσιμο του σχολείου κατά τη διάρκεια της πανδημίας, αλλά και τα συνοδεύοντα κοινωνικά προβλήματα.","We must intensify our efforts to repair the damage caused by the school closures during the pandemic and the accompanying social problems.","506",NA
"Προτείνουμε «Ενισχυτικά Μαθήματα» από δασκάλους και καθηγητές σε μικρές ομάδες μαθητών δημοτικού και γυμνασίου που υστερούν.","We are proposing ""Enhancement Classes"" by teachers and tutors to small groups of elementary and high school students who are lagging behind.","506",NA
"Συνδυασμένα με συμβουλευτική και καθοδήγηση (ίυίΟΓΐηρ, οοθοήίης κλπ.) σχετικά με τις απαιτήσεις μελέτης του σχολείου.","Combined with counseling and guidance (i.e., i.e., oothoeiis, etc.) regarding school study requirements.","506",NA
"Το μοντέλο εφαρμογής είναι σχετικά απλό και τα «ιδιαίτερα» αυτά μαθήματα θα μπορούσαν να γίνονται (και) διαδικτυακά σε μικρές ομάδες είτε και σε διαθέσιμες αίθουσες πχ. των δήμων ή άλλων φορέων με τον κατάλληλο εξοπλισμό.","The implementation model is relatively simple and these ""private"" lessons could be (and could be) delivered online in small groups or in available classrooms e.g. of municipalities or other institutions with appropriate equipment.","506",NA
"Επίσης, από το πρόγραμμα «Αντώνης Τρίτσης» ύψους 2,5 δις.","Also, from the 2.5 billion Antonis Tritsis programme","506",NA
"για έργα στους ΟΤΑ, θα μπορούσε ένα πολύ μικρό μέρος να διατεθεί για τη δημιουργία μόνιμων και κατάλληλα εξοπλισμένων «δομών» για τα ενισχυτικά μαθήματα, αλλά και τις ψηφιακές δεξιότητες, την περιβαλλοντική βιωσιμότητα, κλπ.","for projects in local authorities, a very small part could be allocated to the creation of permanent and properly equipped 'structures' for remedial lessons, but also for digital skills, environmental sustainability, etc.","506",NA
"Το πρόγραμμα «Ενισχυτικά Μαθήματα» θα μπορούσε να υλοποιηθεί στην αρχή πιλοτικά μέσω χρηματοδότησης από μια διαθέσιμη πίστωση του ΕΣΠΑ και να επεκταθεί, αφού προσαρμοστεί κατάλληλα, μέσω του Ταμείου Ανάκαμψης.","The ""Reinforcement Courses"" programme could be implemented in the beginning on a pilot basis through funding from an available NSRF credit and expanded, once properly adapted, through the Recovery Fund.","506",NA
"Διαθέτουμε όλα τα απαιτούμενα: Αποφοίτους με τα κατάλληλα προσόντα (γιατί όχι και φοιτητές), ειδικούς στη συμβουλευτική και πανεπιστημιακά τμήματα παιδαγωγικής και ψυχολογίας να σχεδιάσουν τα προγράμματα και να επιμορφώσουν τους «δασκάλους ενίσχυσης».","We have all of the required resources available: Qualified graduates (why not students), experts in counselling and university departments of pedagogy and psychology to design the programmes and train the ""reinforcement teachers"".","506",NA
"Ο συντονισμός με τα σχολεία και τους ΟΤΑ είναι - ή μπορεί να γίνει - ένα σχετικά απλό θέμα με τη χρήση μιας απλής ψηφιακής πλατφόρμας, η οργάνωση και η διαχείριση παραπέμπει σε ένα πρόγραμμα (ουσιαστικής) κοινωφελούς εργασίας του ΟΑΕΔ.","Coordination with schools and local authorities is - or can be - a relatively simple matter using a simple digital platform; the organisation and management is reminiscent of an OAED (substantial) community service programme.","506",NA
"Τα οφέλη θα είναι μεγαλύτερα, αν τα προγράμματα αυτά αποκτήσουν σταδιακά μόνιμο χαρακτήρα.","The benefits will be greater if these programmes are gradually made permanent.","506",NA
"Φυσικά, καμία επιπλέον βοήθεια δεν θα ωφελήσει ιδιαίτερα τα παιδιά εάν τα προβλήματα εκτός σχολείου υπονομεύουν και θέτουν μεγάλα εμπόδια στην προσπάθειά τους.","Of course, no extra help will be of much benefit to children if problems outside school undermine and pose major obstacles to their efforts.","506",NA
"Γ ια το λόγο αυτό, χρειάζονται υποστηρικτικά δίκτυα από εκπαιδευμένους συμβούλους που σε συνεργασία με τα σχολεία και τους «δασκάλους ενίσχυσης», θα δημιουργούσαν εξατομικευμένα σχέδια υποστήριξης για κάθε μαθητή που έχει ανάγκη συνολικότερης ενίσχυσης, πέρα δηλαδή από τις εκπαιδευτικές δυσκολίες, αντιμετωπίζοντας συναισθηματικά προβλήματα και προβλήματα υγείας, ενθαρρύνοντας και συμβουλεύοντας τους γονείς κλπ.","For this reason, support networks of trained counsellors are needed who, in cooperation with schools and 'support teachers', would create individualised support plans for each pupil in need of more comprehensive support, i.e. going beyond educational difficulties, addressing emotional and health problems, encouraging and advising parents, etc.","506",NA
"(ε) Εκπαιδευτικοί","(e) Teachers","H",NA
"Γ ια την παράταξη μας ο ρόλος του εκπαιδευτικού και του πανεπιστημιακού καθηγητή είναι κεντρικός και πρέπει να ενισχυθεί με τις αναγκαίες πρωτοβουλίες για να αναδειχθεί η παιδαγωγική λειτουργία του αλλά και για να ενθαρρυνθεί η αυτενέργεια των εκπαιδευτικών, δασκάλων και καθηγητών μέσα από ολόπλευρη οικονομική και επαγγελματική στήριξη τους, με προτεραιότητα στην επιμόρφωσή τους, και με ενίσχυση της ακαδημαϊκής ελευθερίας των πανεπιστημιακών καθηγητών.","For our party, the role of the teacher and the university teacher is central and must be strengthened with the necessary initiatives to highlight the pedagogical function of the teacher and to encourage the autonomy of teachers, teachers and professors through all-round financial and professional support, with priority given to their training, and by strengthening the academic freedom of university teachers.","506",NA
"Ένα νέο πλαίσιο διαλόγου και συνεργασίας της Πολιτείας, του Εκπαιδευτικού Δυναμικού και του μαθητικού και φοιτητικού κινήματος θα θεμελιώσει την Παιδεία που έχει ανάγκη η πατρίδα μας τον 21ο αιώνα.","A new framework of dialogue and cooperation between the State, the Educational Potential and the student and pupil movement will lay the foundations for the Education that our country needs in the 21st century.","506",NA
"6. ΠΟΛΙΤΙΚΗ ΠΡΟΣΤΑΣΙΑ ΚΑΙ ΔΙΑΧΕΙΡΙΣΗ ΚΡΙΣΕΩΝ","6. POLITICAL PROTECTION AND CRISIS MANAGEMENT","H",NA
"Η χώρα μας κάθε χρόνο βρίσκεται αντιμέτωπη με τη διαχείριση πληθώρας φυσικών και ανθρωπογενών καταστροφών και κρίσεων.","Every year our country is faced with managing a multitude of natural and man-made disasters and crises.","501",NA
"Η προστασία από φυσικές και ανθρωπογενείς καταστροφές είναι μια ιδιαίτερα σοβαρή υπόθεση που αφορά όλους τους πολίτες, όλα τα επίπεδα διακυβέρνησης και όλους τους κλάδους της ανθρώπινης ζωής και δραστηριότητας.","Protection from natural and man-made disasters is a particularly serious matter that concerns all citizens, all levels of government and all sectors of human life and activity.","501",NA
"Προκειμένου να αναπτυχθεί και να μεταρρυθμιστεί αποτελεσματικά η Πολιτική Προστασία απαιτείται σωστή θεσμοθέτηση, ξεκάθαρες αρμοδιότητες, προσωπικό με γνώσεις και δεξιότητες, κατάλληλα μέσα και υλικά και απαραιτήτως πολιτική ηγεσία η οποία να αντιλαμβάνεται τις μακροπρόθεσμες επιπτώσεις και να προβαίνει στη σωστή διαχείριση.","In order to develop and reform Civil Protection effectively, it requires proper institutionalisation, clear responsibilities, knowledgeable and skilled staff, appropriate means and materials and, of course, political leadership that understands the long-term implications and manages them properly.","501",NA
"Στις μεγάλες πυρκαγιές, πλημμύρες, επιδημίες, σεισμούς, καιρικά φαινόμενα και σε άλλες καταστροφές η Πολιτική Προστασία είναι στην ημερήσια διάταξη.","In major fires, floods, epidemics, earthquakes, weather events and other disasters, Civil Protection is on the agenda.","501",NA
"Η ίδρυση της πολιτικής προστασίας (1995 επί πρωθυπουργίας Ανδρέα Παπανδρέου) και ο εμβληματικός νόμος 3013/2002 για την αναβάθμιση της (και οι δύο επί κυβερνήσεων ΠΑΣΟΚ) έθεσαν την χώρα στην αιχμή των εξελίξεων σε επίπεδο ΕΕ και διεθνώς.","The establishment of Civil Protection (1995 under Prime Minister Andreas Papandreou) and the emblematic Law 3013/2002 for its upgrading (both under PASOK governments) put the country at the forefront of developments at EU and international level.","501",NA
"Ακολούθησαν οι νόμοι 4249/2014 και 4662/2020 που δεν εφαρμόστηκαν ποτέ στην ολότητα τους.","This was followed by Laws 4249/2014 and 4662/2020 which were never implemented in their entirety.","501",NA
"Ειδικά ο νόμος 4662/2020, δεν περιλαμβάνει πλήρες και εσωτερικά συνεπές πρότυπο για την Πολιτική Προστασία (ΠΠ) / Διαχείρισης Διακινδύνευσης Καταστροφών (ΔΔΚ) καθώς αφενός μεν διατηρούσε αυτούσια ρυθμίσεις για τον σχεδίασμά και την αντιμετώπιση κινδύνων και καταστροφών, αφετέρου δε δημιουργούσε νέες θέσεις οι οποίες οδηγούσαν στην συνύπαρξη ετερόκλητων και διαφορετικής φιλοσοφίας ρυθμίσεων, χωρίς να επιλύονται τα ουσιαστικά ζητήματα και παράπεμπε σε μεγάλο αριθμό νέων ΥΑ και ΚΥΑ, χωρίς μάλιστα να ορίζει σαφείς κατευθύνσεις.","Especially Law 4662/2020, does not include a complete and internally consistent model for Civil Protection (CP) / Disaster Risk Management (DRM) as on the one hand it maintained unchanged regulations for planning and response to risks and disasters, on the other hand it created new positions which led to the coexistence of disparate and differently philosophical regulations, without resolving the substantive issues and referred to a large number of new YAs and KYAs, without even defining clear guidelines.","501",NA
"Ως εκ τούτου τα ακόλουθα βασικά προβλήματα παραμένουν άλυτα εδώ και δύο δεκαετίες:","As a result, the following key problems have remained unresolved for two decades:","501",NA
"Το υφιστάμενο θεσμικό πλαίσιο για την Πολιτική Προστασία, τους φυσικούς, τεχνολογικούς και λοιπούς κινδύνους όσον αφορά τους ρόλους και αρμοδιότητες των εμπλεκόμενων Φορέων και οργάνων σε κεντρικό και αποκεντρωμένο επίπεδο χαρακτηρίζεται από πολυπλοκότητα, ασάφειες, επικαλύψεις και ελλείψεις.","The existing institutional framework for civil protection, natural, technological and other hazards in terms of the roles and responsibilities of the bodies and institutions involved at central and decentralised level is characterised by complexity, ambiguities, overlaps and shortcomings.","501",NA
"Η ορολογία είναι ελλιπής, εξακολουθεί να μην είναι κοινή και δεν υπάρχει σαφής αντιστοίχιση μεταξύ των διαφόρων τομέων της επιστήμης και της τεχνικής.","Terminology is incomplete, still not common and there is no clear mapping between the different scientific and technical fields.","411",NA
"Δεν έχει οριστεί και κατανοηθεί η διαλειτουργικότητα στα τέσσερα επίπεδα της (στρατηγική, επιχειρησιακή, τακτική, τεχνολογική) και οι οργανωτικές και λειτουργικές προϋποθέσεις για την επίτευξή της στον κύκλο ζωής των φυσικών, τεχνολογικών και λοιπών κινδύνων.","Interoperability at its four levels (strategic, operational, tactical, tactical, technological) and the organisational and operational requirements for achieving it in the life cycle of physical, technological and other risks have not been defined and understood.","501",NA
"Ο οριζόντιος και κάθετος συντονισμός παρουσιάζει αδυναμίες καθόσον εξακολουθεί να μην υπάρχει ένα κοινό σύστημα διοίκησης/διαχείρισης περιστατικού και διυπηρεσιακού Συντονισμού των πολλών και διαφορετικών Φορέων που εμπλέκονται στα τρία επίπεδα συντονισμού και συνεργασίας.","There are weaknesses in horizontal and vertical coordination in that there is still no common system of command/incident management and inter-agency coordination of the many different actors involved in the three levels of coordination and cooperation.","501",NA
"Η συγκρότηση, η οργάνωση και η λειτουργία των κεντρικών και αποκεντρωμένων οργάνων Πολιτικής Προστασίας δεν βρίσκεται σε συμφωνία με τις αρχές και τις μεθόδους των διεθνώς αποδεκτών συστημάτων διοίκησης και συντονισμού.","The constitution, organisation and functioning of centralised and decentralised Civil Protection bodies is not in line with the principles and methods of internationally accepted systems of command and coordination.","501",NA
"Ο σχεδιασμός έκτακτης ανάγκης εξακολουθεί να γίνεται στη βάση της ΥΑ 1299/2003 αποκλειστικά ανά τύπο καταστροφής, χωρίς αξιοποίηση των σύγχρονων μοντέλων και μεθοδολογιών με τον ορισμό λειτουργιών και ικανοτήτων και στην βάση (πιθανών, χειριστών) σεναρίων που προκύπτουν από την αξιολόγηση διακινδύνευσης.","Emergency planning is still based on the YA 1299/2003 exclusively by type of disaster, without using modern models and methodologies with the definition of functions and capacities and on the basis of (possible, operator) scenarios resulting from the risk assessment.","501",NA
"Ο σχεδιασμός έκτακτης ανάγκης παραμένει καθηλωμένος στο στάδιο της καταγραφής ρόλων και αρμοδιοτήτων των εμπλεκομένων και δεν εστιάζεται στην κρίσιμη και ουσιαστική δραστηριότητα της αναγνώρισης κενών, ελλείψεων και επικαλύψεων και στην διατύπωση προτάσεων για την επίλυση των δυσλειτουργιών που παρουσιάζονται στην υλοποίηση των απαραίτητων δράσεων για την επίτευξη του σκοπού της ΠΠ.","Contingency planning remains stuck at the stage of recording roles and responsibilities of stakeholders and does not focus on the critical and essential activity of identifying gaps, deficiencies and overlaps and formulating proposals to resolve the dysfunctions encountered in the implementation of the actions necessary to achieve the purpose of the FP.","501",NA
"Δεν έχουν οριστεί οι βασικές γνώσεις και δεξιότητες που είναι απαραίτητες για το προσωπικό στις υπηρεσίες και όργανα πολιτικής προστασίας, ώστε ακολούθως να αναπτυχθεί σχετικό πρόγραμμα εκπαίδευσης","The basic knowledge and skills necessary for staff in the civil protection services and institutions have not been defined, so that a training programme can be subsequently developed","501",NA
"Δεν έχουν καθοριστεί οι τομείς που απαιτούν διυπουργική συνεργασία και συντονισμό και δεν έχουν συσταθεί αντίστοιχα όργανα (μόνιμες Επιτροπές, προσωρινές Ομάδες Εργασίας) για την ανάπτυξη των τομεακών στρατηγικών και των αντίστοιχων σχεδίων δράσης.","The areas requiring inter-ministerial cooperation and coordination have not been identified and the corresponding bodies (standing committees, temporary working groups) have not been set up to develop the sectoral strategies and the corresponding action plans.","501",NA
"Ενδεικτικοί τομείς: ορολογία και πρότυπα, αξιολόγηση κινδύνων, διυπηρεσιακή/διατομεακή εκπαίδευση, διυπηρεσιακές/διατομεακές ασκήσεις, άντληση διδαγμάτων & συμπερασμάτων και καλών πρακτικών, κόστος καταστροφών, επικοινωνία κινδύνων, κλπ.","Indicative areas: terminology and standards, risk assessment, inter-agency/inter-sectoral training, inter-agency/inter-sectoral exercises, lessons learned & lessons learned and good practices, disaster costs, risk communication, etc.","501",NA
"Οι ελλείψεις στην στελέχωση του μηχανισμού είναι σημαντικές σε όλα τα επίπεδα με πιο έντονο το πρόβλημα στους ΟΤΑ.","Staffing deficiencies in the mechanism are significant at all levels with the problem most pronounced in the LAs.","501",NA
"Δεν υπάρχει Μεθοδολογία και Σύστημα Ανατροφοδότησης για την άντληση διδαγμάτων και συμπερασμάτων και την διάχυση καλών πρακτικών από ασκήσεις και καταστροφές.","There is no Methodology and Feedback System to draw lessons and conclusions and disseminate good practices from exercises and disasters.","501",NA
"Δεν υπάρχει κοινή μεθοδολογία αξιολόγησης διακινδύνευσης και καταγραφής των συνεπειών.","There is no common methodology for risk assessment and recording of consequences.","501",NA
"Δεν γίνονται μελέτες περίπτωσης","No case studies are carried out","501",NA
"Η επικοινωνία των διαφόρων κινδύνων είναι αποσπασματική, προσανατολισμένη στην μονόδρομη επικοινωνία, δεν είναι επαρκώς στοχευμένη στις ευάλωτες ομάδες πληθυσμού, δεν εδράζεται σε μοντέλα ατομικής ετοιμότητας, δεν αξιοποιεί σύγχρονες επιστημονικές μεθόδους και δεν αξιολογείται ως προς την αποτελεσματικότητα της.","Communication of the different risks is fragmented, oriented towards one-way communication, not sufficiently targeted at vulnerable population groups, not based on individual preparedness models, not using modern scientific methods and not evaluated for effectiveness.","501",NA
"Όλες οι παραπάνω ελλείψεις συντηρούν την λειτουργία των εμπλεκομένων Φορέων σύμφωνα με το πρότυπο των «μη επικοινωνούντων σιλό» και συντελούν στον αποσπασματικό χαρακτήρα των διάφορων πρωτοβουλιών, δράσεων και προγραμμάτων, όπως καταδείχθηκε στους πρόσφατους σεισμούς στην περίπτωση του προγράμματος του υι ιεν για την χρηματοδότηση της ενεργειακής αναβάθμισης κτιρίων χωρίς να αποτελεί προϋπόθεση τα κτίρια να έχουν ελεγχθεί για την αντισεισμική τους επάρκεια.","All the above shortcomings maintain the operation of the bodies involved in a 'non-communicating silo' model and contribute to the fragmented nature of the various initiatives, actions and programmes, as demonstrated in the recent earthquakes in the case of the YEI programme for financing the energy upgrading of buildings, without it being a prerequisite that the buildings have been tested for their seismic capacity.","501",NA
"Το υφιστάμενο σύστημα δεν έχει μηχανισμούς παρακολούθησης και ελέγχου ούτε υποστήριξης της ανάπτυξης ικανοτήτων των Φορέων.","The current system has no monitoring and control mechanisms and no support for capacity building of institutions.","501",NA
"Δεν διαπνέεται από την κουλτούρα της διαρκούς βελτίωσης που οφείλει να αποτελεί βασικό χαρακτηριστικό ενός συστήματος που αποσκοπεί στην προστασία της ζωής, της υγείας, της περιουσίας των πολιτών καθώς και του περιβάλλοντος και του πολιτιστικού πλούτου της χώρας.","It is not imbued with the culture of continuous improvement that should be a key feature of a system designed to protect the life, health and property of citizens and the environment and cultural wealth of the country.","501",NA
"Σαν αποτέλεσμα στις διαφόρων τύπων καταστροφές από τις οποίες πλήττεται η χώρα, από τις δασικές πυρκαγιές και τα έντονα καιρικά φαινόμενα μέχρι τεχνολογικά μεταφορικά δυστυχήματα και γεωδυναμικά φαινόμενα καταδεικνύονται διαρκώς οι ίδιες αρνητικές επιπτώσεις και ελλείψεις σε θέματα σχεδιασμού, οργάνωσης, εξοπλισμού, εκπαίδευσης, ασκήσεων, συνεργασίας, συντονισμού και ανατροφοδότησης.","As a result, the various types of disasters that affect the country, from forest fires and severe weather events to technological transport accidents and geodynamic phenomena, constantly demonstrate the same negative effects and shortcomings in terms of planning, organisation, equipment, training, exercises, cooperation, coordination and feedback.","501",NA
"Η Πολιτική Προστασία είναι ένα εξαιρετικά πολύπλοκο σύστημα.","Civil protection is an extremely complex system.","501",NA
"Αποτελεί μια από τις θεμελιώδεις αρμοδιότητες της πολιτείας, που δεν μπορούν να εκχωρηθούν στην ιδιωτική πρωτοβουλία.","It is one of the fundamental responsibilities of the state, which cannot be delegated to private initiative.","501",NA
"Περιλαμβάνει φάσεις και δραστηριότητες όπως η Πρόληψη και ελαχιστοποίηση των επιπτώσεων, η Ετοιμότητα και η Επέμβαση και τέλος η Αποκατάσταση και η ανάλυση μετά την καταστροφή.","It includes phases and activities such as Prevention and impact minimisation, Preparedness and Intervention, and finally Recovery and post-disaster analysis.","501",NA
"Οι οριζόντιες δραστηριότητες περιλαμβάνουν την Ανάλυση επικινδυνότητας και Αξιολόγηση Διακινδύνευσης, το Σύστημα Διοίκησης, Ελέγχου, Επικοινωνίας, Συντονισμού και Πληροφόρησης και την Ενημέρωση και Εκπαίδευση των πολιτώνσε όλες τις βαθμίδες.","The horizontal activities include Risk Analysis and Risk Assessment, the Management, Control, Communication, Coordination and Information System and Information and Education of citizens at all levels.","501",NA
"Στην Επέμβαση που είναι κατ’ εξοχήν κρατική αρμοδιότητα εμπλέκονται οι υπηρεσίες έκτακτης ανάγκης οι οποίες ενεργούν με διαφορετική κάθε φορά μεθοδολογία ανάλογα με το είδος, την ένταση και την έκταση των συμβάντων.","Intervention, which is primarily a State responsibility, involves the emergency services, which act according to different methodologies depending on the type, intensity and scale of the incidents.","501",NA
"Σημαντικός είναι πάντοτε ο ρόλος της Τοπικής και Περιφερειακής Αυτοδιοίκησης και των εθελοντών, αλλά και η συνεργασία και ο συντονισμός με εταιρείες και οργανισμούς που λειτουργούν κρίσιμες εγκαταστάσεις και υποδομές της χώρας","The role of local and regional government and volunteers is always important, as is cooperation and coordination with companies and organisations operating critical facilities and infrastructure in the country","501",NA
"Παρόλο που σε κεντρικό επίπεδο οι κυβερνήσεις φαίνεται να δραστηριοποιούνται στο νομοθετικό πεδίο, όχι πάντα με επιτυχία, στην πράξη δεν φαίνεται να έχει γίνει αντιληπτή η σημασία της πολυπλοκότητας και του συντονισμού των υπηρεσιών και φορέων για την προστασία των πολιτών.","Although at central level governments seem to be active in the legislative field, not always successfully, in practice the importance of the complexity and coordination of services and agencies in protecting citizens does not seem to have been realised.","501",NA
"Άλλο «επιτελικό» και άλλο συγκεντρωτικό και γραφειοκρατικό κράτος.","One is an 'executive' state and the other a centralised and bureaucratic state.","303",NA
"Στόχος ενός επιτελικού κράτους είναι να δημιουργήσει εκείνες τις δομές του ώστε να γνωρίζει τι πρέπει να κάνει και πώς θα το κάνει ο κάθε εμπλεκόμενος φορέας σε κάθε περίπτωση και δεν χρειάζεται ο εκάστοτε πρωθυπουργός ή υπουργός να φέρει ειδική στολή και σήματα προσποιούμενος για λόγους επικοινωνίας πως καθοδηγεί τους έμπειρους και εκπαιδευμένους επαγγελματίες που ξέρουν πολύ καλύτερα το αντικείμενο τους.","The aim of an executive state is to create those structures so that it knows what to do and how to do it in each case and there is no need for the prime minister or minister to wear a special uniform and badges pretending for communication purposes that he is guiding the experienced and trained professionals who know their subject much better.","303",NA
"Το λεγόμενο «επιτελικό» κράτος δεν είναι, και δεν μπορεί να είναι, αποτελεσματικό όσο είναι θεσμικά συγκεντρωτικό και ταυτόχρονα διαδικαστικά ανοργάνωτο και χαοτικό.","The so-called 'executive' state is not, and cannot be, effective as long as it is institutionally centralised and at the same time procedurally disorganised and chaotic.","303",NA
"Το σύγχρονο δημοκρατικό επιτελικό κράτος έχει συνολικό και ολοκληρωμένο σχέδιο ανάπτυξης ικανοτήτων των Φορέων του Μηχανισμού Πολιτικής Προστασίας, δεν αναθέτει απλώς αρμοδιότητες και δράσεις.","The modern democratic executive state has a comprehensive and integrated capacity building plan for the Civil Protection Mechanism bodies, not just delegating responsibilities and actions.","501",NA
"Επιτελικό κράτος, στον τομέα της πολιτικής προστασίας, δεν υπήρξε παρά τη δημιουργία 16 νέων θέσεων στην πυραμίδα διαχείρισης των κρίσεων (θέση υφυπουργού, θέση αναπληρωτή γενικού γραμματέα, θέση εθνικού συντονιστή και 13 θέσεις περιφερειακών συντονιστών) τους οποίους μέχρι σήμερα δεν κατόρθωσε να εντάξει λειτουργικά στην οργάνωση και λειτουργία των δομών πολιτικής προστασίας.","There has been no executive state in the field of civil protection, despite the creation of 16 new positions in the crisis management pyramid (Deputy Minister, Deputy Secretary General, National Coordinator and 13 regional coordinators) which, to date, have not managed to be functionally integrated into the organisation and operation of the civil protection structures.","501",NA
"Επίσης σε αυτό συμβάλλει, αφενός, το εξαιρετικά πολύπλοκο και συχνά μεταβαλλόμενο θεσμικό και νομικό πλαίσιο και αφετέρου η έλλειψη ενημέρωσης και η απουσία συνειδητοποίησης των αρμοδίων και των εκλεγμένων οργάνων, δημάρχων και περιφερειαρχών με αποφασιστικές αρμοδιότητες για το τί είναι η Πολιτική Προστασία και ποιος είναι ο δικός τους ρόλος.","Also contributing to this is, on the one hand, the extremely complex and often changing institutional and legal framework and, on the other hand, the lack of information and awareness of the competent and elected bodies, mayors and regional mayors with decision-making powers, about what civil protection is and what their role is.","501",NA
"Παρεξηγημένος είναι επίσης και ο ρόλος των Τοπικών Αρχών και των εθελοντών, που υπερτονίζεται όσον αφορά την Επέμβαση αλλά υποβαθμίζεται, αν δεν αγνοείται, στις φάσεις της Πρόληψης και της λήψης αποφάσεων και μέτρων.","The role of local authorities and volunteers is also misunderstood, which is overemphasised in terms of intervention but is downplayed, if not ignored, in the prevention and decision-making and action phases.","501",NA
"Πέρα από τις απαραίτητες δράσεις της πολιτείας για την ενίσχυση του συστήματος Πολιτικής Προστασίας, είναι απαραίτητο να αναπτυχθεί από νωρίς στον πολίτη μια «κουλτούρα» πρόληψης.","In addition to the necessary actions by the State to strengthen the Civil Protection system, it is necessary to develop a 'culture' of prevention among citizens from an early age.","501",NA
"Αυτή ξεκινά από την ανάλυση της επικινδυνότητας για κάθε κίνδυνο και των πιθανών επιπτώσεων σε κάθε περιοχή.","This starts with a risk analysis for each hazard and the possible impacts in each area.","501",NA
"Οι πολίτες συνήθως την αγνοούν και η πολιτεία δίνει προτεραιότητα στην απόκριση ενώ με σημαντικό μικρότερο κΰστος θα ειχε πετϋχει καλύτερα αποτελέσματα αν είχε επενδύσει στην πρόληψη και στην ευαισθητοποίηση και προετοιμασία των πολιτών.","Citizens are usually unaware of it and the State gives priority to response, whereas it would have achieved better results at a much lower cost if it had invested in prevention and in raising awareness and preparing citizens.","501",NA
"Παράλληλα οι μεγάλες φυσικές καταστροφές (σεισμοί και κατολισθήσεις, πλημμύρες και έντονα καιρικά φαινόμενα, δασικές και αστικές πυρκαγιές) απειλούν περιουσίες και συνεπάγονται μεγάλο κόστος.","At the same time, major natural disasters (earthquakes and landslides, floods and severe weather events, forest and urban fires) threaten property and entail high costs.","501",NA
"Γ ια τους σεισμούς, έχει προβλεφθεί σχετική νομοθεσία και Κανονισμοί κι έχουν ευαισθητοποιηθεί στην εφαρμογή τους οι πολίτες.","In the case of earthquakes, legislation and regulations have been introduced and citizens have been made aware of their implementation.","501",NA
"Γ ια άλλες απειλές, από τις επί σειρά ετών εμπειρίες, προκύπτει ότι η πρόληψη (σε μερικές περιπτώσεις και η επέμβαση) είναι ελλιπέστατη ακόμη κι αν είναι πλέον γνωστό ότι οι απειλές αυτές θα ενταθούν στο άμεσο μέλλον λόγω της κλιματικής κρίσης.","For other threats, experience over many years has shown that prevention (and in some cases intervention) is inadequate, even though it is now known that these threats will intensify in the near future due to the climate crisis.","501",NA
"Συνεπώς, η κουλτούρα της πρόληψης αφορά εκτός από όλα τα επίπεδα της διοίκησης (τοπική, περιφερειακή, εθνική) και τον κάθε πολίτη που θα πρέπει να γνωρίζει και λαμβάνει μέτρα αυτοπροστασίας.","The culture of prevention therefore concerns not only all levels of government (local, regional and national) but also every citizen, who should be aware of and take measures to protect themselves.","501",NA
"Για την ενίσχυση της αντιμετώπισης μεγάλων καταστροφών, έχει συσταθεί στην Ευρώπη και κατ’ αναλογία θα έπρεπε να λειτουργεί και στη χώρα ένας Μηχανισμός Πολιτικής Προστασίας ο οποίος περιλαμβάνει, μεταξύ άλλων, ένα Κέντρο Συντονισμού Αντιμετώπισης Εκτάκτων Αναγκών, ένα Κοινό σύστημα επικοινωνίας και πληροφόρησης, τη δυνατότητα κινητοποίησης και αποστολής ομάδων εμπειρογνωμόνων και υλικού από κοινή ομαδοποίηση πόρων καθώς και ένα κοινό πρόγραμμα εκπαίδευσης και ασκήσεων των μονάδων επέμβασης.","In order to strengthen the response to major disasters, a Civil Protection Mechanism has been established in Europe and, by analogy, should also operate in the country, which includes, among other things, an Emergency Response Coordination Centre, a Common Communication and Information System, the possibility of mobilising and dispatching teams of experts and material from a common pool of resources, as well as a common training and exercise programme for intervention units.","501",NA
"Ενώ η διακρατική συνεργασία συνήθως λειτουργεί η οργάνωση ενός τέτοιου Μηχανισμού στην χώρα μας είναι ατελής και πάσχει σε αποτελεσματικότητα στην αντιμετώπιση μεγάλων καταστροφών.","While transnational cooperation usually works the organization of such a mechanism in our country is imperfect and suffers in effectiveness in responding to major disasters.","501",NA
"Στον τομέα της Αποκατάστασης έχει συσταθεί το Ταμείο Αλληλεγγύης της ΕΕ που ενεργοποιείται για αποκατάσταση των ζημιών στις υποδομές σε μεγάλες φυσικές καταστροφές.","In the field of rehabilitation, the EU Solidarity Fund has been set up and is activated for restoring infrastructure damage in major natural disasters.","501",NA
"Σε επίπεδο χώρας όμως οι κρατικές δράσεις αποκατάστασης είναι ατελείς, χρονοβόρες κι αποσπασματικές.","At country level, however, governmental rehabilitation actions are incomplete, time-consuming and fragmented.","501",NA
"Το 112, ο κοινός ευρωπαϊκός αριθμός έκτακτης ανάγκης έχει καθιερωθεί στο πλαίσιο των μέτρων για τις επικοινωνίες έκτακτης ανάγκης.","112, the common European emergency number, has been established as part of the emergency communications measures.","501",NA
"Έχει επίσης προβλεφθεί και η έγκαιρη προειδοποίηση των πολιτών σε περιπτώσεις επικείμενων ή εξελισσόμενων καταστροφών (αντίστροφο 112).","Provision has also been made for the early warning of citizens in the event of imminent or developing disasters (reverse 112).","501",NA
"Στη χώρα μας λειτουργεί πρόσφατα κέντρο διαχείρισης κλήσεων προς το 112 και εκπομπής μηνυμάτων έκτακτης ανάγκης προς τα κινητά τηλέφωνα των χρηστών που βρίσκονται στις απειλούμενες περιοχές.","In our country, a call management centre for 112 and emergency messaging to the mobile phones of users in the threatened areas has recently become operational.","501",NA
"Έχει επίσης εφαρμοστεί ο προηγμένος γεωεντοπισμός των κλήσεων των καλούντων.","Advanced geolocation of callers' calls has also been implemented.","501",NA
"Ωστόσο, απαιτείται περισσότερη ουσιαστική προσπάθεια για ένα αποτελεσματικό και αξιόπιστο σύστημα 112 πλήρως αποδεκτό από τους πολίτες.","However, more substantial effort is needed to ensure an efficient and reliable 112 system that is fully accepted by citizens.","501",NA
"Η αποτελεσματική και αποδοτική διαχείριση έκτακτης ανάγκης απαιτεί πρωτίστως ένα ολοκληρωμένο Σύστημα Διοίκησης,","Effective and efficient emergency management requires first and foremost an integrated Management System,","501",NA
"Ελέγχου, Επικοινωνίας, Συντονισμού και Πληροφόρησης.","Control, Communication, Coordination and Information","501",NA
"Ένα τέτοιο σύστημα (με τα αναγκαία πρωτόκολλα επικοινωνίας) θα εξασφάλιζε την συντονισμένη και αποτελεσματική αντιμετώπιση ατυχημάτων και καταστροφών από όλες τις εμπλεκόμενες υπηρεσίες έκτακτης ανάγκης στον ελάχιστο δυνατό χρόνο.","Such a system (with the necessary communication protocols) would ensure a coordinated and efficient response to accidents and disasters by all emergency services involved in the shortest possible time.","501",NA
"Λειτουργεί σε Ευρωπαϊκό αλλά όχι σε Εθνικό επίπεδο παρότι υπάρχει σχετική εμπειρία από τη διοργάνωση των Ολυμπιακών Αγώνων το 2004.","It operates at European but not at national level although there is experience from the organisation of the 2004 Olympic Games.","501",NA
"Παράλληλα, ένας αποτελεσματικός τρόπος για να προστατευτούν οι πολίτες σε περιπτώσεις μεγάλων καταστροφών στηρίζεται στην αυτοοργάνωση σε επίπεδο οικογένειας, γειτονιάς και ΟΤΑ με επικεφαλής έναν υπεύθυνο ο οποίος, αφού εκπαιδευτεί, αναλαμβάνει να ενημερώσει τους συμπολίτες για το πώς θα ενεργήσουν πριν και κατά τη διάρκεια ατυχημάτων και μεγάλων εκτάκτων αναγκών και καταστροφών για την αυτοπροστασία τους.","At the same time, an effective way to protect citizens in the event of major disasters is based on self-organisation at family, neighbourhood and local authority level, led by a person in charge who, after being trained, is responsible for informing citizens on how to act before and during accidents and major emergencies and disasters in order to protect themselves.","501",NA
"Ένα ολοκληρωμένο κυβερνητικό πρόγραμμα στον Τομέα της Πολιτικής Προστασίας θα πρέπει να εξασφαλίζει τη δομή, στελέχωση, λειτουργία και διαλειτουργικότητα των φορέων και υπηρεσιών έκτακτης ανάγκης με σαφείς αρμοδιότητες και ρόλους, να περιλαμβάνει οπωσδήποτε τις τοπικές αρχές και τους εθελοντές και να προβλέπει την συμβουλευτική αξιολόγηση και την υποστήριξηγια την τακτική αναβάθμιση σε όλα τα επίπεδα.","An integrated government programme in the Civil Protection Sector should ensure the structure, staffing, operation and interoperability of emergency agencies and services with clear responsibilities and roles, involve local authorities and volunteers, and provide for consultative evaluation and support for regular upgrading at all levels.","501",NA
"Η ολοκληρωμένη πολιτική διαχείρισης κρίσεων, πέρα όμως από σχέδια και μηχανισμούς πρόληψης αντιμετώπισης κινδύνων και κρίσεων πρέπει να περιλαμβάνει και αξιόπιστους μηχανισμούς αποκατάστασης ζημιών, που δεν περιορίζονται στην χορήγηση επιδομάτων και αποζημιώσεων με βάση τις μικροπολιτικές επιλογές της εκάστοτε ηγεσίας, αλλά αποσκοπούν και στην μείωση της τρωτότητας, σύμφωνα με τις κατευθύνσεις του Πλαισίου Σεντάι του ΟΗΕ.","However, in addition to plans and mechanisms to prevent risks and crises, the integrated crisis management policy must also include credible damage restoration mechanisms, which are not limited to providing allowances and compensation based on the micro-political choices of the leadership concerned, but also aim to reduce vulnerability, in line with the guidelines of the UN Sendai Framework.","501",NA
"Στο επίπεδο αυτό προτείνεται η θεσμοθέτηση Ταμείου Ασφάλισης απέναντι στις φυσικές καταστροφές, με συμπληρωματική λειτουργία με τον ιδιωτικό τομέα, προκειμένου να θωρακιστούν τα νοικοκυριά από τα ακραία καιρικά φαινόμενα, στα πρότυπα αντίστοιχων ταμείων υπάρχουν σε άλλες χώρες, κυρίως για την προστασία από σεισμούς αλλά και άλλες φυσικές καταστροφές.","At this level, it is proposed to establish a Natural Disaster Insurance Fund, with a complementary function with the private sector, in order to shield households from extreme weather events, following the model of similar funds existing in other countries, mainly for protection against earthquakes and other natural disasters.","501",NA
"Γ ια την επίλυση των παραπάνω αδυναμιών απαιτείται ο αρμόδιος Οργανισμός Πολιτικής Προστασίας και Διαχείρισης Διακινδύνευσης Καταστροφών, ΠΠ/ΔΔΚ, να αναλάβει το πραγματικό συντονιστικό του ρόλο στην διαμόρφωση και υποστήριξη της ανάπτυξης ενός συνολικού και ολοκληρωμένου συστήματος ΠΠ/ΔΔΚ που να μπορεί να αντιμετωπίσει τις αυξημένες προκλήσεις δεδομένων και των επιπτώσεων της κλιματικής κρίσης.","In order to solve the above weaknesses, the relevant Civil Protection and Disaster Risk Management Agency, CP/DRM, is required to assume its true coordinating role in shaping and supporting the development of a comprehensive and integrated CP/DRM system that can cope with the increased challenges and impacts of the climate crisis.","501",NA
"Απαιτείται οι ρυθμίσεις να είναι συμβατές με το θεσμικό πλαίσιο της χώρας που ορίζει ότι οι σχέσεις μεταξύ του κέντρου και των ΟΤΑ είναι σχέσεις συνεργασίας και συναλληλίας και όχι ελέγχου και ιεραρχίας.","It is required that the arrangements be compatible with the country's institutional framework which stipulates that the relationship between the centre and the LGUs is one of cooperation and synergy rather than control and hierarchy.","501",NA
"Γ ια να επιτευχθούν τα ανωτέρω απαραίτητη είναι η εκπόνηση ενός σύγχρονου σχεδίου Διαχείρισης Διακινδύνευσης Καταστροφών, ο σχεδιασμός και η εφαρμογή του οποίου θα παρακολουθείται με σκοπό τη διόρθωση των αποκλίσεων και για την υλοποίησή του θα πρέπει να αξιοποιήσουμε μεγάλο μέρος των κονδυλίων του Ταμείου Ανάκαμψης και Ανθεκτικότητας με στόχο:","In order to achieve the above, it is necessary to develop a modern Disaster Risk Management Plan, the design and implementation of which will be monitored in order to correct the deviations and for its implementation we will have to use a large part of the Recovery and Resilience Fund funds with the aim of:","501",NA
"Χαρτογράφηση των Φυσικών και Τεχνολογικών Κινδύνων σε επίπεδο Δήμου με τη χρήση τεχνικών που βασίζονται στην Τεχνητή Νοημοσύνη (ΑΙ)","Mapping Natural and Technological Risks at the Municipality level using Artificial Intelligence (AI) based techniques","411",NA
"Ανάπτυξη σχεδίων έκτακτης ανάγκης για πιθανές κρίσεις, όπως νέες πανδημίες ή επιθέσεις στον κυβερνοχώρο σε κρίσιμες κρατικές υποδομές καθώς και νέες απειλές οι οποίες έχουν άμεση σχέση με την κλιματική κρίση.","Developing contingency plans for potential crises such as new pandemics or cyber attacks on critical government infrastructure as well as new threats that are directly related to the climate crisis.","501",NA
"Δημιουργία ολοκληρωμένων σχεδίων προστασίας οικισμών που βρίσκονται σε δασικές περιοχές ή περιοχές μίξης αστικού και δασικού περιβάλλοντος.","Develop integrated plans for the protection of settlements located in forested areas or areas of mixed urban and forest environments.","501",NA
"Ουσιαστική αξιοποίηση της πληθώρας των διαθέσιμων εθελοντικών ομάδων βάσει της εξειδίκευσης που διαθέτουν με κατάλληλα προγράμματα εκπαίδευσης για βελτίωση τους και την καλύτερη ενσωμάτωση τους στο Μηχανισμό ι ιολιτικης ι ιροστασιας","Making substantial use of the multitude of available volunteer groups based on their expertise with appropriate training programmes to improve them and better integrate them into the Civil Protection Mechanism","501",NA
"Αναβάθμιση των τηλεπικοινωνιών του ΠΣ που κάνουν συχνά δύσκολη την επικοινωνία των επιχειρούντων μεταξύ τους αλλά και με το κέντρο επιχειρήσεων.","Upgrading the telecommunications of the MA that often make it difficult for operators to communicate with each other and with the operations centre.","411",NA
"Ολοκλήρωση του σχεδιασμού σύγχρονων δασικών χαρτών με πρόβλεψη για τις οικιστικές πυκνώσεις μέσα στο δασικό περιβάλλον.","Completion of the design of modern forest maps with provision for settlement densities within the forest environment.","501",NA
"Κατάρτιση ειδικών πλάνων με δορυφορικά συστήματα παρακολούθησης και μέτρησης της θερμοκρασίας στα δάση.","Draw up specific plans with satellite monitoring and temperature measurement systems in the forests.","501",NA
"Ειδικά σχέδια για την αγροτική παραγωγή σε ευάλωτες περιοχές και όσες θα πληγούν από την κλιματική κρίση (ξηρασία και ερημοποίηση)","Specific plans for agricultural production in vulnerable areas and those that will be affected by the climate crisis (drought and desertification)","703.1",NA
"Ενσωμάτωση της κλιματικής παραμέτρου στον σχεδίασμά των νέων υποδομών","Integrating the climate dimension into the design of new infrastructure","501",NA
"Ενίσχυση επενδύσεων που συμβάλλουν στην πορεία προς μια κλιματικά ουδέτερη οικονομία μέχρι το 2050 (έργα αιολικά, υδροηλεκτρικά, αποθηκευτικά, κ.ά.).","Support for investments that contribute to the move towards a climate-neutral economy by 2050 (wind, hydroelectric, storage, etc.).","501",NA
"Βελτίωση της ενεργειακής ασφάλειας της χώρας, την ενεργειακή διασύνδεση των νησιών και την προώθηση μονάδων αποθήκευσης της παραγόμενης από τις ΑΠΕ ενέργειας.","Improving the country's energy security, energy interconnection of the islands and the promotion of storage units for energy produced from RES.","501",NA
"Δημιουργία βασικών υποδομών για την προστασία των φυσικών πόρων του δάσους και της βιοποικιλότητας.","Creating basic infrastructure for the protection of natural forest resources and biodiversity.","501",NA
"Εισαγωγή της αντιμετώπισης της κλιματικής κρίσης στην εκπαίδευση","Introduction of the climate crisis response in education","501",NA
"Σχεδιασμός πολιτικών για τα “κοινά αγαθά” με ενεργοποίηση της κοινωνίας των πολιτών (εθελοντές, δασικοί συνεταιρισμοί, κοινωνικές επιχειρήσεις, ΜΚΟ κ.α.)","Designing policies for the 'common good' with the involvement of civil society (volunteers, forestry cooperatives, social enterprises, NGOs, etc.)","606.1",NA
"Οι Διευθύνσεις Πολιτικής Προστασίας των Αποκεντρωμένων διοικήσεων, ως Υπηρεσίες Διοίκησης και όχι Αυτοδιοίκησης να έχουν ως αρμοδιότητα την εκπροσώπηση της ΓΓΠΠ στο χώρο ευθύνης τους.","The Civil Protection Directorates of the decentralised administrations, as administrative rather than self-governing services, should be responsible for representing the General Secretariat of Civil Protection in their area of responsibility.","501",NA
"Εφαρμογή του Διοικητικού Χάρτη (Σχέδια Καλλικράτη και Κλεισθένη) της χώρας σε όλες τις αποκεντρωμένες Υπηρεσίες, ώστε να μην εμπλέκονται στα διοικητικά όρια ενός Δήμου ή μιας ι ιεριφερειας η μιας Αποκεντρωμένης Διοίκησης, Υπηρεσίες απο άλλους Δήμους ή Περιφέρειες ή Αποκεντρωμένες Διοικήσεις και να δημιουργούνται προβλήματα συντονισμού.","Implementation of the Administrative Charter (Kallikrates and Cleisthenes Plans) of the country in all decentralized services, so that services from other municipalities or regions or decentralized administrations are not involved in the administrative boundaries of a municipality or a region or a decentralized administration, creating coordination problems.","501",NA
"Να δύνανται να αξιοποιούνται εθελοντές Πολιτικής Προστασίας στην καθημερινή λειτουργία των Υπηρεσιών Πολιτικής Προστασίας, όπως γίνεται και σε χώρες του εξωτερικού, αλλά και όπως αξιοποιεί και το ΠΣ τους εθελοντές του.","To be able to use Civil Protection volunteers in the daily operation of Civil Protection Services, as is done in foreign countries, but also as the PC uses its volunteers.","606.1",NA
"Κρατική μέριμνα και ασφάλιση όλων των πιστοποιημένων εθελοντικών ομάδων, εθελοντών διασωστών και εθελοντικών οχημάτων και σκαφών πριν και κατά την διάρκεια συμβάντων.","State provision and insurance of all certified volunteer teams, volunteer rescuers and volunteer vehicles and boats before and during incidents.","606.1",NA
"Δημιουργία πιστοποιήσεων οι οποίες θα βασίζονται σε εθνικά και ευρωπαϊκά πλαίσια για το σύνολο των εθελοντικών ομάδων.","Creation of certifications which are based on national and European frameworks for all volunteer groups.","606.1",NA
"Οι εκπαιδεύσεις και οι πιστοποιήσεις θα πραγματοποιούνται στις έδρες των εθελοντικών ομάδων και όχι μόνο στην Αθήνα.","Training and certification will take place at the headquarters of the volunteer teams and not only in Athens.","606.1",NA
"Ανάπτυξη ενός συστήματος για την παροχή ψυχολογικής υποστήριξης στους πληγέντες πληθυσμούς και στους εθελοντές μετά τις καταστροφές.","Develop a system for providing psychological support to affected populations and volunteers after disasters.","606.1",NA
"Δημιουργία αφορολόγητου για τις εθελοντικές ομάδες όταν αγοράζουν εξοπλισμό διάσωσης, πρώτων βοηθειών, οχημάτων και όταν γίνεται πλήρωση καυσίμων στα οχήματα/σκάφη τους.","Create a tax-free allowance for volunteer groups when they purchase rescue equipment, first aid equipment, vehicles and when refuelling their vehicles/boats.","606.1",NA
"Να μοριοδοτούνται και οι πιστοποιημένοι εθελοντές Πολιτικής Προστασίας στις προκηρύξεις για προσλήψεις είτε στο Π.Σ. είτε σε άλλους ανάλογους φορείς.","Also give points to certified Civil Defence volunteers in recruitment advertisements either in the Civil Defence or other similar agencies.","501",NA
"Πέρα από τις συχνότητες του κάθε φορέα να υπάρχει μια συχνότητα που θα λειτουργεί σε κάθε συμβάν με πολλούς εμπλεκόμενους φορείς για να υπάρχει σωστή επικοινωνία και διαλειτουργικότητα.","In addition to the frequencies of each agency, there should be a frequency that operates at each incident with multiple agencies involved for proper communication and interoperability.","501",NA
"Πιστώσεις για την Πολιτική Προστασία των Δήμων και όχι μόνο για τις Δασικές Πυρκαγιές","Appropriations for Civil Protection of Municipalities and not only for Forest Fires","501",NA
"Οι Υπηρεσίες της Πολιτικής Προστασίας να μη διέπονται από τις γενικότερες διατάξεις του Δημοσίου ως προς τα λειτουργικά τους έξοδα, όταν στην πραγματικότητα δεν υπάρχει ωράριο, αργίες και πενθήμερη εργασία.","Civil Protection Services should not be governed by the general provisions of the State in terms of their operating costs, when in fact there are no working hours, holidays and five-day working hours.","501",NA
"7. ΠΡΟΣΤΑΣΙΑ ΚΑΙ ΑΣΦΑΛΕΙΑ ΤΟΥ ΠΟΛΙΤΗ","7. PROTECTION AND SECURITY OF CITIZENS","H",NA
"1.Πολιτική ασφάλειας","1.Security policy","H",NA
"Η Αστυνομία αποτελεί σημαντικό πυλώνα του δημοκρατικού πολιτεύματος και εγγύηση της τήρησης του κράτους δικαίου σε μία ευνομούμενη πολιτεία.","The police are an important pillar of the democratic constitution and a guarantee of respect for the rule of law in a prosperous state.","605.1",NA
"Το ΠΑΣΟΚ διαχρονικά με τις πολιτικές του συνέβαλε στον εκδημοκρατισμό της Ελληνικής Αστυνομίας, καθιστώντας την από φόβητρο και διώκτη τόσο κατά την διάρκεια της Χούντας αλλά και κατά την προδικτατορική και πρώιμη μεταπολιτευτική περίοδο, σε υπηρεσία υποστηρικτική προς τον πολίτη, με γνώμονα την εμπέδωση του αισθήματος ασφαλείας, της ελευθερίας και της δημοκρατίας.","Through its policies, PASOK has contributed to the democratisation of the Greek Police, transforming it from a feared and persecuted force during the Junta, as well as during the pre-dictatorship and early post-war period, into a service that supports the citizen, with a view to fostering a sense of security, freedom and democracy.","305.1",NA
"Σε μία δημοκρατική κοινωνία η Αστυνομία οφείλει να συνδυάζει τόσο την τήρηση των θεμελιωδών δικαιωμάτων των πολιτών, όσο και την αποτελεσματικότητα στην καταπολέμηση της εγκληματικότητας.","In a democratic society, the police must combine both respect for the fundamental rights of citizens and effectiveness in the fight against crime.","605.1",NA
"Αυτό το επιτυγχάνει με τα εξής μέσα:","It does this by the following means:","605.1",NA
"Με συνολικό στρατηγικό σχέδιο με κατεύθυνση κυρίως την πρόληψη και όχι μόνο την έκτων υστέρων ανάληψη αποσπασματικών δράσεων.","With an overall strategic plan with a focus on prevention and not just ex-post piecemeal actions.","605.1",NA
"Με συνεχή εκπαίδευση του προσωπικού τόσο σε επιχειρησιακά ζητήματα όσο και σε θέματα δικαιωμάτων και σεβασμού του πολίτη.","By continuous training of staff both in operational matters and in matters of rights and respect for the citizen.","605.1",NA
"Με επαρκή κοινωνική ανταπόκριση στις ανάγκες προστασίας ευάλωτων ομάδων, όπως πρόσφυγες, μετανάστες, άτομα με αναπηρία, ανήλικοι, Ρομά και εσχάτως οι γυναίκες με την έξαρση της έμφυληςβίας.","With an adequate social response to the protection needs of vulnerable groups, such as refugees, migrants, disabled people, minors, Roma and, more recently, women with the rise in gender violence.","605.1",NA
"Με διαφάνεια και λογοδοσία, ανοιχτή στην κοινωνία και τον δημοκρατικό έλεγχο των πεπραγμένων της.","With transparency and accountability, open to society and democratic scrutiny of its actions.","605.1",NA
"Με κανόνες στην εσωτερική της λειτουργία, περιθωριοποιώντας και καταπολεμώντας τη διαφθορά και τον κομματισμό, παθογένειες οι οποίες υπονομεύουν το αίσθημα αντικειμενικότητας και εμπιστοσύνης του πολίτη.","With rules in its internal functioning, marginalising and fighting corruption and partisanship, pathologies which undermine the sense of objectivity and trust of the citizen.","304",NA
"Στελεχώνοντας τα αστυνομικά τμήματα με επάρκεια και θέτοντας στην εξυπηρέτηση του πολίτη το σύνολο των δυνάμεών της, χωρίς διακρίσεις και ειδική μεταχείριση.","By staffing police stations with competence and putting all its forces at the service of the citizen, without discrimination and special treatment.","605.1",NA
"Παρά τις άφθονες προεκλογικές διακηρύξεις της ΝΔ ότι η ασφάλεια θα είναι προτεραιότητα της νέας διακυβέρνησης, σήμερα είναι εμφανές ότι η κυβέρνηση:","Despite the abundant pre-election proclamations of the South West that security would be a priority of the new administration, it is now evident that the Govt:","305.1",NA
"Απέτυχε στην καταπολέμηση του οργανωμένου εγκλήματος, της έμφυλης βίας, της οπαδικής/αθλητικής βίας, αλλά και της μικρο- παραβατικότητας στα αστικά κέντρα.","Failed in the fight against organised crime, gender-based violence, fan/sports violence and petty crime in urban centres.","305.1",NA
"Εργαλειοποίησε την ασφάλεια και τα προβλήματά της αναδεικνύοντας μονίμως ζητήματα με συντηρητικό ιδεολογικό στίγμα, με στόχο την επικοινωνιακή τους αξιοποίηση για συγκεκριμένα εκλογικά ακροατήρια.","It instrumentalised security and its problems by permanently highlighting issues with a conservative ideological stigma, with the aim of communicating them for specific electoral audiences.","305.1",NA
"Εξετάζει την επανίδρυση της Αγροφυλακής, παρά την τραγική αποτυχία που σημείωσε ανάλογη κίνηση επί πρωθυπουργίας Κων/νου Μητσοτάκη.","It is considering the re-establishment of the Rural Police, despite the tragic failure of a similar move under Prime Minister Konstantinos Mitsotakis.","305.1",NA
"Την ίδια ώρα, βρέθηκε στο στόχαστρο διεθνών οργανισμών, όπως η Επιτροπή για την Καταπολέμηση της Διαφθοράς (ΟΡΕΟΟ) του Συμβουλίου της Ευρώπης, αλλά και εθνικών ανεξάρτητων αρχών, όπως ο Συνήγορος του Πολίτη.","At the same time, it has been targeted by international organisations, such as the Council of Europe's Anti-Corruption Commission (OREO), and national independent authorities, such as the Ombudsman.","305.1",NA
"Στην τελευταία Έκθεση Αξιολόγησης της ΟΡΕΟΟ για την Ελλάδα, η πλειονότητα των συστάσεων (9 από τις 17) αφορά τον τρόπο οργάνωσης, λειτουργίας και δράσης της Ελληνικής Αστυνομίας.","In the latest OREO Evaluation Report for Greece, the majority of the recommendations (9 out of 17) concern the way the Greek Police is organised, operates and acts.","605.1",NA
"Στην 'Έκθεση επισημαίνεται μία σειρά από ζητήματα που αφορούν:","Report highlights a number of issues concerning.","605.1",NA
"Την Στρατηγική Ακεραιότητας ενάντια στην διαφθορά στην Αστυνομία, τον Κώδικα Δεοντολογίας, και την ασάφεια ως προς το ποιες παράλληλες δραστηριότητες μπορεί να έχει ένας Αστυνομικός,","The Integrity Strategy against corruption in the Police, the Code of Conduct, and the ambiguity as to what parallel activities a Police Officer can have,","304",NA
"Ένα δίκαιο οικονομικό σύστημα επιβράβευσης των υπερωριών και κατανομής σε βάρδιες","A fair economic system for rewarding overtime and shift work","605.1",NA
"Ενίσχυση εγγυήσεων και διαφάνειας των δημοσίων καταγγελιών που αφορούν την ΕΛ.ΑΣ.","Strengthening guarantees and transparency of public complaints concerning the EL.AΣ.","605.1",NA
"Διαχρονικά μεροληπτική συμπεριφορά της Αστυνομίας, ιδίως εις βάρος αλλοδαπών πολιτών και Ρομά.","Long-standing discriminatory behaviour of the Police, especially against foreign citizens and Roma.","503",NA
"Στην ετήσια έκθεσή του για το 2021, ο Συνήγορος του Πολίτη αναφέρει ότι δέχθηκε συνολικά 308 υποθέσεις για το 2020, αυξημένες κατά 17% συγκριτικά με το προηγούμενο έτος αναφοράς.","In its annual report for 2021, the Ombudsman reports that it received a total of 308 cases in 2020, up 17% compared to the previous reporting year.","503",NA
"2. Ένα νέο δημοκρατικό και αποτελεσματικό πλαίσιο για την Αστυνομία","2. A new democratic and effective framework for the Police","H",NA
"Το ΠΑΣΟΚ-Κίνημα Αλλαγής προτείνει μια σειρά από ευρύτερες αλλά και συγκεκριμένες πολιτικές ικανές να αλλάξουν τόσο τις εντυπώσεις όσο και κυρίως την δομή και την αποστολή της Αστυνομίας στην προστασία και εξυπηρέτηση του πολίτη:","PASOK-Movement for Change proposes a series of broader and specific policies capable of changing both the impression and, above all, the structure and mission of the Police in protecting and serving the citizen:","305.1",NA
"1. Άμεση συμμόρφωση της Ελληνικής Αστυνομίας στις συστάσεις της αρμόδιας Επιτροπής για την καταπολέμηση της διαφθοράς (ΟΡΕΟΟ) του Συμβουλίου της Ευρώπης και ένταξη της Ελληνικής Αστυνομίας στο Εθνικό Στρατηγικό Σχέδιο Καταπολέμησης της Διαφθοράς","1. Immediate compliance of the Hellenic Police to the recommendations of the Council of Europe's Anti-Corruption Commission (OREO) and inclusion of the Hellenic Police in the National Anti-Corruption Strategic Plan","304",NA
"Ουσιαστική αναβάθμιση της εκπαίδευσης των Ελλήνων Αστυνομικών, σε επίπεδο Αστυνομικής Ακαδημίας και Σχολής Αξιωματικών της Ελληνικής Αστυνομίας.","Substantial upgrading of the training of Greek Police officers, at the level of the Police Academy and the Officers' School of the Greek Police.","605.1",NA
"Κατοχύρωση της διαρκούς μετεκπαίδευσης των Ελλήνων Αστυνομικών και απόκτηση επιχειρησιακών δεξιοτήτων.","Ensure continuous training of Greek Police officers and acquisition of operational skills.","605.1",NA
"Απαραίτητη προϋπόθεση για την απόκτηση ετοιμότητας είναι η ουσιαστική ενίσχυση του στόλου μηχανοκίνητων οχημάτων και εκσυγχρονισμός του αστυνομικού εξοπλισμού.","A prerequisite for the acquisition of readiness is the substantial strengthening of the fleet of motor vehicles and modernisation of police equipment.","605.1",NA
"Θέσπιση κοινών και σταθερών κριτηρίων για την πρόσληψη αστυνομικών και κατάργηση του κατακερματισμού στον τρόπο προσλήψεων που διευκολύνει την αναξιοκρατία και τα ρουσφέτια.","Establish common and stable criteria for the recruitment of police officers and eliminate the fragmentation in the way of recruitment which facilitates distrust and buffers.","304",NA
"Σύσταση μόνιμου και αυτόματου μηχανισμού εποπτείας και κατανομής του αστυνομικού προσωπικού στις αστυνομικές υπηρεσίες σε κεντρικό και περιφερειακό επίπεδο.","Establish a permanent and automatic mechanism for the supervision and allocation of police personnel in the police services at central and regional level.","605.1",NA
"Θέσπιση αξιοκρατικού και δίκαιου συστήματος αποσπάσεων, μετατάξεων και μεταθέσεων στο εσωτερικό της Ελληνικής Αστυνομίας με μοριοδότηση βάσει προκαθορισμένων κριτηρίων.","Establishment of a merit-based and fair system of secondments, transfers and reassignments within the Hellenic Police with a merit system based on predetermined criteria.","304",NA
"Άρση μισθολογικών αδικιών και στρεβλώσεων και αποκατάσταση της εργασιακής αξιοπρέπειας των Ελληνίδων και Ελλήνων αστυνομικών.","Removal of wage injustices and distortions and restoration of the working dignity of Greek police officers.","605.1",NA
"Εφαρμογή δικαστικών αποφάσεων που αφορούν εργασιακά και μισθολογικά δικαιώματα των αστυνομικών.","Enforcement of court decisions concerning the labour and salary rights of police officers.","605.1",NA
"Αναγνώριση της επικινδυνότητας του αστυνομικού επαγγέλματος","Recognition of the dangerous nature of the police profession","605.1",NA
"Καθιέρωση διαφανούς ρυθμιστικού πλαισίου για την υπηρεσίας φύλαξης ευπαθών στόχων από το προσωπικό της Ελληνικής Αστυνομίας.","Establishment of a transparent regulatory framework for the service of guarding vulnerable targets by the Greek Police personnel.","605.1",NA
"Κατάργηση της πελατειακής εξυπηρέτησης διαφόρων ατόμων και ομάδων μέσω της διάθεσης αστυνομικού προσωπικού σε θέσεις χωρίς πραγματική ανάγκη και με «καθήκοντα» που τελικά υποβιβάζουν και προσβάλλουν την αποστολή τους.","Abolition of patronage of various individuals and groups through the assignment of police personnel to positions of no real need and with ""duties"" that ultimately degrade and insult their mission.","304",NA
"Κατάργηση της Ομάδας Προστασίας Πανεπιστημιακών Ιδρυμάτων και απορρόφηση των Ειδικών Φρουρών στις μάχιμες υπηρεσίες της Ελληνικής Αστυνομίας","Abolition of the University Institutions Protection Team and absorption of the Special Guards into the combat services of the Greek Police","605.1",NA
"Ενίσχυση της συνεργασίας Υπουργείου Προστασίας του Πολίτη και Συνηγόρου του Πολίτη στο πλαίσιο του Εθνικού Μηχανισμού Διερεύνησης Αστυνομικής Αυθαιρεσίας με γνώμονα τη ταχεία αναφορά και διεκπεραίωση περιστατικών αστυνομικής αυθαιρεσίας","Strengthening the cooperation between the Ministry of Citizen Protection and the Ombudsman within the framework of the National MechanismInvestigation of police arbitrariness with a view to the rapid reporting and processing of cases of police arbitrariness","605.1",NA
"Τακτική ενημέρωση της Εθνικής Αντιπροσωπείας από την ηγεσία του Υπουργείου Προστασίας του Πολίτη και της Ελληνικής Αστυνομίας για τα πεπραγμένα της, όπως θα καταγράφονται σε Ετήσιες Εκθέσεις","Regular briefing of the National Delegation by the leadership of the Ministry of Citizen Protection and the Greek Police on its activities, as recorded in Annual Reports","605.1",NA
"1. Εκ νέου κατάρτιση και υλοποίηση συνολικού και ρεαλιστικού σχεδίου καταπολέμησης της έμφυλης βίας, με τη θέσπιση διαδικασιών άμεσης αναφοράς και επέμβασης σε σχετικές καταγγελίες.","1. Re-drafting and implementation of a comprehensive and realistic plan to combat gender-based violence, with the establishment of procedures for immediate reporting and intervention on complaints.","605.1",NA
"11) Η αντιμετώπιση παραβατικών και κακοποιητικών συμπεριφορών δεν μπορεί να βασίζεται μόνο στην λογική της διαρκούς αστυνόμευσης και επέκτασης των μηχανισμών καταστολής.","11) Addressing offending and abusive behaviour cannot be based solely on the logic of constant policing and expansion of repressive mechanisms.","605.1",NA
"Την ίδια στιγμή χρειάζονται νέες Δομές Προστασίας και Επανένταξης (κακοποιημένες γυναίκες-παιδιά, μειονότητες, κλπ), σε συνδυασμό με την χάραξη και εφαρμογή μιας σωφρονιστικής πολιτικής με πρωτοβουλίες της επιστημονικής κοινότητας και της Κοινωνίας των Πολιτών.","At the same time, new Protection and Reintegration Structures are needed (abused women-children, minorities, etc.), together with the development and implementation of a penitentiary policy with initiatives of the scientific community and civil society.","605.1",NA
"3. Φυλακές","3. Prisons","H",NA
"Το καλοκαίρι του 2019 η αρμοδιότητα των φυλακών μεταφέρθηκε στο Υπουργείο Προστασίας του Πολίτη από το Υπουργείο Δικαιοσύνης, παρά τις επιφυλάξεις της παράταξής μας και σε αντίθεση με τα κρατούντα στις δημοκρατικές χώρες όπου παραδοσιακά η αντι- εγκληματική πολιτική ανήκει στην αρμοδιότητα του Υπουργείου Δικαιοσύνης.","In the summer of 2019, the responsibility for prisons was transferred to the Ministry of Citizen Protection from the Ministry of Justice, despite the reservations of our party and contrary to the states in democratic countries where traditionally the anti-crime policy is the responsibility of the Ministry of Justice.","605.1",NA
"Η μεταφορά της συγκεκριμένης αρμοδιότητας στο Υπουργείο Προστασίας του Πολίτη είχε ως αποτέλεσμα την υπέρμετρη ενίσχυση της καταστολής στο πεδίο του σωφρονισμού σε βάρος των εναλλακτικών της κράτησης μέτρων και κατ’ επέκταση της κοινωνικής επανένταξης των κρατουμένων.","The transfer of this competence to the Ministry of Citizen Protection has resulted in an excessive strengthening of repression in the field of penitentiary system at the expense of alternative measures to detention and, by extension, the social reintegration of prisoners.","605.1",NA
"Ενδεικτικά αναφέρουμε:","Indicatively:","605.1",NA
"Την επ’ αόριστον αναστολή της κοινωφελούς εργασίας, με νομοθετική πρωτοβουλία της Κυβέρνησης, αντί να αναληφθούν πρωτοβουλίες για τον εξορθολογισμό της σχετικής νομοθεσίας, την ενδυνάμωση του θεσμού και των αρμόδιων για την εφαρμογή του δημοτικών υπηρεσιών.","The indefinite suspension of community service through a legislative initiative of the Government, instead of taking initiatives to streamline the relevant legislation, to strengthen the institution and the municipal services responsible for its implementation.","605.1",NA
"Την άθ ίθοΐο κατάργηση της Ηλεκτρονικής Επιτήρησης (“βραχιολάκι”) και την υποβάθμιση του θεσμού της ημιελεύθερης διαβίωσης, παρά τον σχεδίασμά στο παρελθόν για πιλοτική εφαρμογή στις φυλακές Κορυδαλλού.","The unethical abolition of Electronic Surveillance (""bracelet"") and the downgrading of the institution of semi-freedom, despite the plan in the past for a pilot application in Korydallos prison.","605.1",NA
"Τους περιορισμούς στη χορήγηση αδειών στους κρατούμενους (ν. 4760/2020) καθώς και τους περιορισμούς (ειδικά την περίοδο της πανδημίας) στις επικοινωνίες του κρατούμενου με την οικογένεια και την κοινωνία, που αποτελούν βασική παράμετρος ενός ολοκληρωμένου σχεδίου ομαλής επανένταξης.","The restrictions on the granting of leave to prisoners (Law 4760/2020) as well as the restrictions (especially during the period of the pandemic) on the prisoner's communications with family and society, which are a key parameter of a comprehensive plan for a smooth reintegration.","605.1",NA
"Η παράταξή μας πρότεινε συγκεκριμένη ρύθμιση για τον αποσυνωστισμό των φυλακών, με ειδικά κριτήρια.","Our party has proposed a specific regulation for the decongestion of prisons, with specific criteria.","605.1",NA
"Ωστόσο τα προληπτικά κατά του κορωνοϊού μέτρα επικεντρώθηκαν στην εύκολη λύση, δηλαδή σε περιορισμούς των δικαιωμάτων των κρατουμένων.","However, the preventive measures against coronavirus focused on the easy solution, namely restrictions on prisoners' rights.","605.1",NA
"Οι περιορισμοί στις προϋποθέσεις και άρα μεταγωγές στις αγροτικές φυλακές, με αποτέλεσμα να ερημώσουν οι φυλακές αυτές, ενώ υπάρχει υπερπληθυσμός στις κοινές φυλακές.","Restrictions on conditions and thus transfers to rural prisons, resulting in these prisons becoming deserted, while there is overcrowding in common prisons.","605.1",NA
"Αναξιοκρατία στην πλήρωση καίριων θέσεων διοίκησης, με αυθαίρετες τοποθετήσεις υπαλλήλων και χωρίς τη νόμιμη διαδικασία κρίσεων.","Unfairness in filling key management positions, with arbitrary appointments of officials and without the legal process of adjudication.","304",NA
"Σειρά μάλιστα, πρόσφατων δικαστικών αποφάσεων δικαίωσαν πρώην διευθυντικά στελέχη της υπηρεσίας που είχαν απομακρυνθεί παρανόμως από τις θέσεις τους.","In fact, a series of recent court decisions have vindicated former managers of the service who were unlawfully removed from their positions.","304",NA
"Πρόκειται για σαφή αποδοκιμασία εκ μέρους της δικαιοσύνης των μεθόδων που επέλεξε η κυβέρνηση αντί να προχωρήσει στην νόμιμη διαδικασία κρίσεων.","This is a clear disapproval by the judiciary of the methods chosen by the government instead of following the legal procedure for the selection of candidates.","304",NA
"Την χρόνια κόπωση των εργαζομένων στις φυλακές, η οποία υπό τις συνθήκες της πανδημίας έφτασε στα όριά της.","The chronic fatigue of prison workers, which in the circumstances of the pandemic has reached its limits.","605.1",NA
"Στους εργαζόμενους έχει επικρατήσει η εντύπωση της παντελούς απαξίωσης του έργου τους.","The workers have been left with the impression that their work is completely devalued.","605.1",NA
"Αυτό έχει άμεσο αντίκτυπο και στις συνθήκες διαβίωσης και τα δικαιώματα των κρατουμένων και εν τέλει δυναμιτίζει κάθε τυχόν προσπάθεια αποτελεσματικής αντι-εγκληματικής πολιτικής.","This has a direct impact on the living conditions and rights of the prisoners and, in the end, it undermines any attempt at an effective anti-crime policy.","605.1",NA
"Την πολυετή καθυστέρηση ολοκλήρωσης της διαδικασίας διορισμού των επιτυχόντων της προκήρυξης 6Κ/2018 (έγινε μόλις πρόσφατα, 4 χρόνια μετά).","The long delay in the completion of the appointment process of the successful candidates of the 6K/2018 call (it was only recently, 4 years later).","605.1",NA
"Η μεταφορά των φυλακών Κορυδαλλού αναμένεται να καθυστερήσει πολύ περισσότερο από όσο η κυβέρνηση εξήγγειλε αρχικά.","The transfer of Korydallos Prison is expected to be delayed much longer than the government initially announced.","605.1",NA
"Και αυτό παρότι έγιναν αυθαίρετα προπαρασκευαστικές πράξεις για τη μετεγκατάσταση του συγκροτήματος Κορυδαλλού χωρίς την αναθεώρηση του Ειδικού Πλαισίου Χωροταξικού Σχεδιασμού και Αειφόρου Ανάπτυξης Καταστημάτων Κράτησης, το οποίο είχε εκπονηθεί το 2001, επί κυβέρνησης ΠΑΣΟΚ, ενέργεια που προηγείται εκ του νόμου της κατασκευής νέας φυλακής ή της μεταφοράς υπάρχουσας.","This is despite the fact that arbitrary preparatory acts for the relocation of the Korydallos complex were carried out without the revision of the Special Framework for Spatial Planning and Sustainable Development of Detention Facilities, which was prepared in 2001, under the PASOK government, an action that legally precedes the construction of a new prison or the transfer of an existing one.","605.1",NA
"Εκκρεμεί η θέσπιση ειδικού ένδικου μέσου για τις συνθήκες κράτησης στα σωφρονιστικά καταστήματα, λόγος για τον οποίο καταδικάζεται η χώρα τα τελευταία χρόνια στο Ευρωπαϊκό Δικαστήριο Δικαιωμάτων του Ανθρώπου και πληρώνει υπέρογκα ποσά σε πρόστιμα.","A special legal remedy for detention conditions in prisons is pending, which is the reason why the country has been condemned in recent years at the European Court of Human Rights and has been paying exorbitant fines.","605.1",NA
"Η παράταξή μας έχει επισημάνει την αποδυνάμωση, και κατά συνέπεια απαξίωση, του θεσμού των Αγροτικών Φυλακών (εικόνα που οεν αναμένεται να αΛΛαε,ει παρα την πρόσφατη οιευρυνση των προϋποθέσεων μεταγωγής κρατουμένων που εκτίουν ποινές φυλάκισης με το άρθρο 29 του ν.4937/2022).","Our party has pointed out the weakening, and consequently the devaluation, of the institution of the Rural Prisons (an image that is not expected to change despite the recent easing of the conditions for the transfer of prisoners serving prison sentences under Article 29 of Law 4937/2022).","605.1",NA
"Η αποδυνάμωση των Αγροτικών Φυλακών σε συνδυασμό με την υποβάθμιση των εναλλακτικών της κράτησης μέτρων, έχουν απομακρύνει το σωφρονιστικό μας σύστημα από τον στόχο της ομαλής κοινωνικής επανένταξης.","The weakening of the Rural Prisons, combined with the deterioration of the alternatives to detention, have moved our prison system away from the goal of smooth social reintegration.","605.1",NA
"Γ ια την ασφάλεια στις φυλακές, το ΠΑΣΟΚ - Κίνημα Αλλαγής έχει τονίσει ότι η ασφάλεια στις φυλακές πραγματώνεται μόνο με όρους δυναμικής ασφάλειας, κατά τα ευρωπαϊκά πρότυπα, που είναι διαφορετικό από την διεύρυνση της καταστολής.","With regard to security in prisons, PASOK - Movement for Change has stressed that security in prisons can only be achieved in terms of dynamic security, in accordance with European standards, which is different from the expansion of repression.","605.1",NA
"Χρειάζεται πρόληψη - ορθολογική κατανομή κρατουμένων - διοικητική αναδιοργάνωση και αναβάθμιση του ανθρώπινου δυναμικού και μόνο σε αξιοπρεπείς, κατάλληλες συνθήκες, χωρίς υπερπληθυσμό.","What is needed is prevention - rational distribution of prisoners - administrative reorganisation and upgrading of human resources, and only in decent, appropriate conditions, without overcrowding.","605.1",NA
"Γ ια το σύνολο των ανωτέρω ζητημάτων το ΠΑΣΟΚ - Κίνημα Αλλαγής έχει μεν καταθέσει πλήθος ερωτήσεων στο πλαίσιο του κοινοβουλευτικού ελέγχου, ουδέποτε όμως έλαβε κάποια απάντηση που να δείχνει ότι η κυβέρνηση προτίθεται να εκπονήσει ένα σοβαρό, συνεκτικό και αποτελεσματικό σχέδιο για το σωφρονιστικό σύστημα","PASOK - Movement for Change has submitted a number of questions on all the above issues in the context of the parliamentary scrutiny, but has never received any answer showing that the government intends to draw up a serious, coherent and effective plan for the prison system","605.1",NA
"Το έλλειμμα ενός τέτοιου σχεδιασμού το επιβεβαιώνει και το Συμβούλιο της Ευρώπης με πρόσφατη απόφασή του με την οποία καλεί τις Αρχές να υποβάλουν μια συνολική αξιολόγηση για τον αντίκτυπο των μεταρρυθμίσεων αυτών στον υπερπληθυσμό των φυλακών και να παράσχουν συγκεκριμένο χρονοδιάγραμμα για την αντιμετώπιση του ζητήματος.","The lack of such planning is confirmed by the Council of Europe in a recent decision calling on the authorities to present a comprehensive assessment of the impact of these reforms on prison overcrowding and to provide a concrete timetable for addressing the issue.","605.1",NA
"4.Προτάσεις/στόχοι για ένα σύγχρονο σωφρονιστικό σύστημα","4.Proposals/objectives for a modern prison system","H",NA
"1. Επιστροφή της αντι-εγκληματικής πολιτικής και των φυλακών στο φυσικό τους χώρο, το Υπουργείο Δικαιοσύνης και αναχαίτιση του φαινομένου του υπερπληθυσμού.","1. Returning anti-crime policy and prisons to their natural habitat, the Ministry of Justice and curbing the phenomenon of overcrowding.","605.2",NA
"2. Ενίσχυση της διαδικασίας μεταφοράς αλλοδαπών κρατουμένων για έκτιση της ποινής στη χώρας τους.","2. Strengthen the process of transferring foreign prisoners to serve their sentences in their home country.","605.1",NA
"Μείωση της υποτροπής και διασύνδεση των αποφυλακισθέντων με την αγορά εργασίας.","Reducing recidivism and linking released prisoners to the labour market.","503",NA
"Επανένταξη και συντονισμένα προγράμματα εκπαίδευσης, επιμόρφωσης, επαγγελματικής εκπαίδευσηο.","Reintegration and coordinated programmes of education, training, vocational training,","506",NA
"αθλητισυού και ιυυχανωνίαο σε όλεο τιο ώυλακέο.","sport and education in all areas.","502",NA
"Πρόσβαση φοιτητών κρατουμένων, για λόγους σπουδών, και λοιπών κρατουμένων σε υπηρεσίες διαδικτύου.","Access to internet services for students, students in prison for study purposes, and other prisoners.","506",NA
"Επένδυση στα εναλλακτικά μέτρα της κράτησης με την ενεργοποίηση του θεσμού της κοινωφελούς εργασίας και την επέκταση εφαρμογής του μέτρου της ηλεκτρονικής επιτήρησης.","Invest in alternative measures to detention by activating the institution of community service and extending the implementation of the measure of electronic surveillance.","605.2",NA
"Ενίσχυση Υπηρεσιών Κοινωνικής Αρωγής Ενηλίκων και Ανηλίκων","Strengthen adult and juvenile social assistance services","504",NA
"Έμφαση στην εκπαίδευση, την ψυχοκοινωνική στήριξη κρατουμένων και την απεξάρτηση στις φυλακές.","Focus on education, psychosocial support for prisoners and rehabilitation in prisons.","506",NA
"Ενίσχυση της επικοινωνίας του κρατουμένου με το οικογενειακό περιβάλλον","Strengthen prisoner's communication with family environment","605.2",NA
"Νομοθετική πρόβλεψη του αποτελεσματικού ενδίκου βοηθήματος για την προστασία από τις γενικές συνθήκες κράτησης.","Legislative provision of effective legal remedy for protection from general conditions of detention.","605.2",NA
"Ενίσχυση Αγροτικών Φυλακών με περισσότερους κρατουμένους και υλικοτεχνικής υποδομή","Strengthening of rural prisons with more prisoners and logistical infrastructure","605.1",NA
"Ενίσχυση της προστασίας της Υγείας στις φυλακές.","Strengthening of health protection in prisons.","503",NA
"Πρόσληψη μόνιμων ιατρών και λοιπού νοσηλευτικού προσωπικού","Recruitment of permanent doctors and other nursing staff","503",NA
"Ενίσχυση της σωφρονιστικής διοίκησης με μόνιμους μηχανισμούς επιμόρφωσης.","Strengthening prison administration with permanent training mechanisms.","506",NA
"Ενίσχυση της διαφάνειας και λογοδοσίας στις φυλακές και νόμιμη διαδικασία κρίσεων των διευθυντικών στελεχών των φυλακών.","Strengthen transparency and accountability in prisons and establish a legal procedure for the appraisal of prison managers.","303",NA
"Ενίσχυση της ορθής κρίσης του αποφασίζοντος οργάνου για τις μεταγωγές και τη χορήγηση αδειών.","Strengthen the sound judgement of the decision-making body on transfers and licensing.","605.2",NA
"Επανεξέταση του ισχύοντος πλαισίου για την διοικητική διερεύνηση περιστατικών αυθαιρεσίας υπαλλήλων - κωδικοποίηση και εξορθολογισμός.","Review the current framework for administrative investigation of cases of arbitrary behaviour of officials - codify and streamline it.","605.1",NA
"1. Αντιμετώπιση της Βίας κατά των Γυναικών","1. Addressing violence against women","H",NA
"Ο όρος γυναικοκτονία επιβάλλεται να καθιερωθεί στην ελληνική νομοθεσία.","The term 'femicide' needs to be introduced into Greek legislation.","605.1",NA
"Είναι παραπάνω από αναγκαίο να κατονομαστεί η δολοφονία των γυναικών επειδή είναι γυναίκες, ως γυναικοκτονία, καθώς αυτό σηματοδοτεί με σαφήνεια μια εγκληματική πράξη, δηλώνοντας φόνο εκ προμελέτης με αμετάκλητες συνέπειες τόσο για το θύμα, όσο και το δράστη.","It is more than necessary to designate the killing of women because they are women as femicide, as this clearly marks a criminal act, indicating premeditated murder with irreversible consequences for both the victim and the perpetrator.","605.1",NA
"Μέσω της γλώσσας και του συγκεκριμένου όρου όχι μόνο έρχεται στο προσκήνιο ένα ακραίο κοινωνικό φαινόμενο, αλλά παράλληλα επιτυγχάνεται η ευαισθητοποίηση της κοινής γνώμης απέναντι σε κυρίαρχες αντιλήψεις, κοινωνικές νόρμες και εδραιωμένα στερεότυπα της πατριαρχικής εξουσίας.","Through the language and the specific term, not only is an extreme social phenomenon brought to the forefront, but at the same time, public awareness is raised against dominant perceptions, social norms and entrenched stereotypes of patriarchal power.","605.1",NA
"Στρατηγική πρόληψης της έμφυλης βίας, στην οποία θα περιγράφεται ο ρόλος κάθε φορέα και θα προκύπτει ένα βασικό πλαίσιο δράσεων και παρεμβάσεων σε διαφόρους τομείς.","A strategy for the prevention of gender-based violence, outlining the role of each institution and providing a basic framework for actions and interventions in different areas.","605.1",NA
"Σεξουαλική παρενόχληση και βία στον κυβερνοχώρο.","Sexual harassment and cyber violence.","605.1",NA
"Η δραματική αύξηση της βίας κατά των γυναικών στα μέσα κοινωνικής δικτύωσης και στο διαδίκτυο καταδεικνύουν πως απαιτούνται πρόσθετες παρεμβάσεις προκειμένου να αντιμετωπιστεί;","Does the dramatic increase in violence against women on social media and online demonstrate that additional interventions are needed to address it?","605.1",NA
"Η παρενόχληση στον κυβερνοχώρο","Cyber harassment","605.1",NA
"Η διαδικτυακά παρακολούθηση","Cyber stalking Online surveillance","605.1",NA
"Οι παραβιάσεις της ιδιωτικής ζωής","Privacy violations","605.1",NA
"Η καταγραφή και ανταλλαγή εικόνων σεξουαλικής επίθεσης","Recording and sharing images of sexual assault","605.1",NA
"Ο εξ αποστάσεως έλεγχο ή την παρακολούθηση (συμπεριλαμβανομένων των εφαρμογών κατασκοπείας / ""εργ 3ρρ3"")","Remote control or monitoring (including spying/""work 3r3"" apps)","605.1",NA
"Οι απειλές και εκκλήσεις για άσκηση βίας","Threats and calls for violence","605.1",NA
"Η σεξιστική ρητορική μίσους","Sexist hate speech Intimate","605.1",NA
"Βία μεταξύ συντρόφων (Το 22% των γυναικώνεκτιμάται ότι έχει πέσει θύμα σωματικής και/ή σεξουαλικής βίας και το 43% έχει βιώσει ψυχολογική βία.","partner violence (22% of women are estimated to have been a victim of physical and/or sexual violence and 43% have experienced psychological violence.","605.1",NA
"Η πλειοψηφία αυτών των περιστατικών δεν καταγγέλλεται).","The majority of these incidents are not reported).","605.1",NA
"Προτείνουμε τη λήψη άμεσων μέτρων για την προστασία των θυμάτων ενδοσυντροφικής βίας, μέτρα που θα βοηθούν τα θύματα να επιτύχουν οικονομική ανεξαρτησία, επιτρέποντας στις γυναίκες να εγκαταλείψουν καταχρηστικές και βίαιες σχέσεις.","We recommend that immediate measures be taken to protect victims of intimate partner violence, measures that will help victims achieve economic independence, allowing women to leave abusive and violent relationships.","605.1",NA
"Αξιοποίηση νέων τεχνολογιών για την αντιμετώπιση της βίας κατά των γυναικών:","Use of new technologies to tackle violence against women:","605.1",NA
"Ειδικά σχεδιασμένα παιχνίδια για την ενίσχυση των αντιστάσεων των νέων στη βία κάθε μορφής, που θα χρησιμοποιηθούν ως εκπαιδευτικό υλικό σε όλες τις βαθμίδες εκπαίδευσης","Specially designed games to strengthen young people's resistance to all forms of violence, to be used as educational material at all levels of education","605.1",NA
"Ενσωμάτωση της διάστασης του φύλου στις δημόσιες πολιτικές για την Τεχνητή Νοημοσύνη προκειμένου να ενσωματώσουμε την γυναικεία οπτική στην ανάπτυξη των νέων αλγορίθμων: από τον τρόπο που ένα σύστημα ΤΝ «βλέπει» το γυναικείο σώμα για να κάνει ιατρικές διαγνώσεις ως τα κριτήρια που αξιολογούνται ως θετικά, σε μια υποψηφιότητα για κάποια θέση εργασίας.","Integrating the gender dimension into public policies on AI in order to incorporate a female perspective in the development of new algorithms: from the way an AI system ""sees"" the female body to make medical diagnoses to the criteria that are evaluated as positive in a job application.","605.1",NA
"8. ΠΟΛΙΤΙΚΕΣ ΓΙΑ ΤΟ ΠΕΡΙΒΑΛΛΟΝ ΚΑΙ ΤΗΝ ΑΞΙΟΒΙΩΤΗ ΑΝΑΠΤΥΞΗ","8. POLICIES FOR THE ENVIRONMENT AND SUSTAINABLE DEVELOPMENT","H",NA
"Οι Πολιτικές του Κινήματος μας υποστηρίζουν και εξυπηρετούν τη διατήρηση και βελτίωση των φυσικών πόρων ισότιμα με τη διατήρηση και βελτίωση της κοινωνικής και οικονομικής ευημερίας.","Our Movement's Policies support and serve to preserve and improve natural resources on an equal footing with the preservation and improvement of social and economic well-being.","416.2",NA
"Οι Πολιτικές μας έχουν τοπικό, περιφερειακό, εθνικό και διεθνή χαρακτήρα στοχεύοντας στην εναρμόνιση της χώρας μας με τις διεθνείς πρακτικές και συμφωνίες για την αειφορική διαχείριση του περιβάλλοντος και την μεταβίβασή του σε καλύτερη κατάσταση στις επόμενες γενιές.","Our Policies are local, regional, national and international in nature, aiming to bring our country in line with international practices and agreements for the sustainable management of the environment and its transfer in a better state to future generations.","416.2",NA
"Με βάση αυτές τις αρχές τίθενται προτεραιότητες για τη δίκαιη και ισότιμη χρήσητων φυσικών πόρων, την πρόσβαση σε αυτούς και την απόλαυση και αξιοποίησή τους από όλους τους πολίτες, σε όποια περιοχή της χώρας και αν βρίσκονται ή σε όποια περιοχή του αστικού ιστού και αν κατοικούν ή δραστηριοποιούνται.","Based on these principles, priorities are set for the fair and equitable use of natural resources, access to them and their enjoyment and use by all citizens, wherever they are in the country or in any part of the urban fabric.","416.2",NA
"Το πλέγμα των πολιτικών μας για το περιβάλλον εναρμονίζεται και ακολουθεί τις διεθνείς και ευρωπαϊκές πολιτικές και στρατηγικές για τη διατήρηση της βιοποικιλότητας (βλ. Ευρωπαϊκή Στρατηγική για τη Βιοποικιλότητα για το 2030), τηνΕυρωπαϊκή Πράσινη Συμφωνία και το Σχέδιο του Ευρωπαϊκού Νόμου για την αποκατάσταση της Φύσης, που ορίζουν το πλήρες θεσμικό πλαίσιο για τα Κράτη-Μέλη.","Our environmental policy matrix is harmonised and follows the international and European policies and strategies for the conservation of biodiversity (see the European Biodiversity Strategy 2030), the European Green Agreement and the Draft European Nature Restoration Act, which set the complete institutional framework for Member States.","501",NA
"Στόχος είναι α) η προστασία, η διατήρηση και η ενίσχυση του φυσικού κεφαλαίου της χώρας μας και β) η προστασία της υγείας και της ευημερίας των πολιτών από κινδύνους και επιπτώσεις που σχετίζονται με το περιβάλλον","The aim is a) to protect, conserve and enhance our country's natural capital and b) to protect the health and well-being of citizens from environmental risks and impacts","501",NA
"με προγράμματα ανάκαμψηςγιατην ώθηση της οικονομίας προς μια αξιοβίωτη ανάπτυξη,","through recovery programmes to drive the economy towards a viable growth,","416.2",NA
"με αυξημένη ανθεκτικότητά στις τρέχουσες και επικείμενες κοινωνικές, οικονομικές και κλιματικές μεταβολές.","with increased resilience to current and impending social, economic and climate changes.","416.2",NA
"Γ ια την υλοποίηση των παραπάνω, προτεραιότητα αποτελεί η δημιουργία ενός διαυγούς και ανεξάρτητου συστήματος περιβαλλοντικής διακυβέρνησης, όπου ο κάθε πολίτης θα μπορεί να συμμετέχει ισότιμα στη διαμόρφωση αποφάσεων και πολιτικών για το περιβάλλον, τη χρήση των πόρων και τη στρατηγική που θα χαράσσεται με στόχο την ολοκληρωμένη, αξιοβίωτη ανάπτυξη.","In order to achieve the above, the priority is the creation of a transparent and independent system of environmental governance, where every citizen can participate equally in the formulation of decisions and policies on the environment, the use of resources and the strategy to be developed for integrated, sustainable development.","416.2",NA
"Άξονες πρωτοβουλιών","Lines of initiative","H",NA
"Διατήρηση και προστασία του περιβάλλοντος: περιλαμβάνει δράσεις για την καταγραφή, αξιολόγηση και παρακολούθηση του περιβάλλοντος στην ξηρά, στη θάλασσα, αλλά και στο αστικό/δομημένο περιβάλλον, με στόχο τόσο την προστασία και τη βελτίωσή του, με σκοπό τη διατήρησή του, όσο και για την υποστήριξη του αξιοβίωτου σε κάθε γωνιά της Ελλάδας, στην ύπαιθρο αλλά και στις πόλεις.","Conservation and protection of the environment: includes actions to record, assess and monitor the environment on land, at sea and in the urban/built environment, with the aim of both protecting and improving it, with a view to preserving it, and supporting its livability in every corner of Greece, in the countryside and in cities.","501",NA
"Ο τρόπος επίτευξης θα γίνει με τη δημιουργία θέσεων εργασίας σχετικών με τη διαχείριση του περιβάλλοντος, αξιοποιώντας και απορροφώντας αποφοίτους και επιστήμονες σχολών περιβάλλοντος, δημιουργώντας πρόσθετη αξία στο φυσικό απόθεμα της χώρας και στις συνθήκες διαβίωσης σε κάθε χωρική ενότητακάθε περιφέρειας της Ελλάδας.","The way to achieve this will be through the creation of jobs related to environmental management, utilizing and absorbing graduates and environmental scientists, creating added value to the country's natural stock and to the living conditions in every spatial unit of every region of Greece.","416.2",NA
"Οι προστατευόμενες περιοχές ως ανταγωνιστικό πλεονέκτημα: οι προστατευόμενες περιοχές στην Ελλάδα καλύπτουν περισσότερο από το 28% της ξηράς και το 20% της θάλασσας.","Protected areas as a competitive advantage: protected areas in Greece cover more than 28% of the land and 20% of the sea.","501",NA
"Στόχος μας είναι η ανάδειξη των προστατευόμενων περιοχών ως το τμήμα του εθνικού αποθέματος, το οποίο αποτελεί κύριο ανταγωνιστικό πλεονέκτημα για την ποιότητα του τουριστικού προϊόντος, της αγροτικής και αλιευτικής παραγωγής και κάθε άλλης υπηρεσίας που δημιουργείται και παράγεται μέσα στις προστατευόμενες περιοχές, με σεβασμό στην προστασία τους.","Our aim is to promote protected areas as the part of the national reserve, which is the main competitive advantage for the quality of the tourism product, agricultural and fishery production and any other service created and produced within the protected areas, with respect to their protection.","501",NA
"Γ ια να συμβούν τα παραπάνω, πρέπει να ολοκληρωθεί το ταχύτερο δυνατό το θεσμικό πλαίσιο προστασίας, διαχείρισης και λειτουργίας των προστατευόμενων περιοχών(Ειδικές Περιβαλλοντικές Μελέτες και σχετικά Προεδρικά Διατάγματα, Σχέδια Διαχείρισης), σύμφωνα με τις Οδηγίες της ΕΕ, κάτι το οποίο αποτελεί και πρωταρχικό στόχο υλοποίησης για το Κίνημά μας.","In order for the above to happen, the institutional framework for the protection, management and operation of protected areas (Special Environmental Studies and relevant Presidential Decrees, Management Plans) must be completed as soon as possible, in accordance with the EU Directives, which is the primary objective of our Movement.","501",NA
"Οι πολιτικές για τις προστατευόμενες περιοχές σε συνέργεια με τις πολιτικές για τον αγροτικό τομέα: υποστηρίζουμε τις δράσεις οικονομικής ενίσχυσης των δραστηριοτήτων που ασκούνται εντός των προστατευόμενων περιοχών, προκειμένου να παράγουν με βιώσιμο τρόπο προϊόντα υψηλής αξίας, τα οποία θα φέρουν και πιστοποίηση προέλευσης από προστατευόμενες περιοχές, δίνοντας με τον τρόπο αυτό πρόσθετη αξία στο εκάστοτε προϊόν ή/και υπηρεσία.","Policies for protected areas in synergy with policies for the agricultural sector: we support actions of economic support for activities within protected areas to produce in a sustainable way high value products, which will also carry a certification of origin from protected areas, thus adding value to the product and/or service.","703.1",NA
"Περιβαλλοντική διακυβέρνηση και χωροταξικός σχεδιασμός (περιβαλλοντικός μετασχηματισμός): η περιβαλλοντική διακυβέρνηση αποτελεί ένα από το μεγάλα στοιχήματα για το Κίνημά μας, διότι πιστεύουμε ότι αποτελεί το μόνο πλέον εργαλείο που μπορεί βιώσιμα να θέσει το πλαίσιο της ανάπτυξης σε τοπικό, περιφερειακό, εθνικό και διεθνές επίπεδο.","Environmental governance and spatial planning (environmental transformation): environmental governance is one of the big stakes for our Movement, because we believe that it is the only tool that can sustainably set the framework for development at local, regional, national and international level.","501",NA
"Η συντονισμένη προστασία και διαχείριση του περιβάλλοντος με συγκεκριμένους, διεθνώς αποδεκτούς κανόνες και διαφανείς διαδικασίες που στηρίζονται στην επιστημονική τεκμηρίωση και πρακτική, αποτελούν το μοναδικό πεδίο ανάπτυξης και συνεργασίας σε εθνικό και διεθνές επίπεδο, αναγνωρίζοντας τις υπερτοπικές προεκτάσεις του περιβάλλοντος, ως παγκόσμιου αγαθού και συνδέοντάς το με πολιτικές και πρακτικές που υποστηρίζουν και εξυπηρετούν την περιβαλλοντική διπλωματία και την ισότιμη πρόσβαση στους φυσικούς πόρους, ειδικά σήμερα που οι στρατιωτικές και οικονομικές αναταράξεις είναι ξανά παρούσες και καθορίζουν αποφάσεις, πρακτικές και στρατηγικές.","The coordinated protection and management of the environment with specific, internationally accepted rules and transparent procedures based on scientific evidence and practice is the only field for development and cooperation at the national and international level, recognizing the trans-local implications of the environment as a global good and linking it to policies and practices that support and serve environmental diplomacy and equitable access to natural resources, especially today when military and civilian interests in the environment are at stake.","501",NA
"Η διαφανής διακυβέρνηση του περιβάλλοντος, όπου ο ενημερωμένος πολίτης θα συμμετέχει και θα δια-αντιδρά σε όλες τις φάσεις επιλογής πολιτικής, δημιουργεί το απαραίτητο εκείνο πλαίσιο για ένα σύγχρονο χωροταξικό σχεδίασμά, που αφορά την κατανομή της χρήσης των πόρων στο χώρο και στο χρόνο, την βιώσιμη αξιοποίηση των ανανεώσιμων πηγών ενέργειας που η χώρα μας διαθέτει σε αφθονία, την αειφορική τουριστική και αγροτική ανάπτυξη.","Transparent environmental governance, where the informed citizen participates and interacts in all phases of policy selection, creates the necessary framework for a modern spatial planning, concerning the distribution of resource use in space and time, the sustainable use of renewable energy sources that our country has in abundance, sustainable tourism and rural development.","501",NA
"Κλιματική διακυβέρνηση: θεωρώντας ότι ο ρόλος των πολιτών και της επιστήμης δεν πρέπει να περιορίζεται σε διαβουλεύσεις, εκ των υστέρων αξιολογήσεις ή γνωμοδοτήσεις κατόπιν πρόσκλησης του εκάστοτε υπουργού, προτείνουμε τη δημιουργία α) ισχυρώνοργάνων με διοικητική και οικονομική αυτοτέλεια και ρόλο στη διαμόρφωση πολιτικής, τον έλεγχο και την αξιολόγηση, β) ανεξάρτητωνοργάνων δημόσιας συμμετοχής και επιστημονικής παρακολούθησης της πορείας της χώρας προς την κλιματική ουδετερότητα με ουσιαστικές αρμοδιότητες.","Climate governance: considering that the role of citizens and science should not be limited to consultations, ex-post evaluations or opinions at the invitation of the minister in question, we propose the creation of (a) strong institutions with administrative and financial autonomy and a role in policy formulation, monitoring and evaluation, (b) independent institutions for public participation and scientific monitoring of the country's progress towards climate neutrality with substantial powers.","501",NA
"Εθνικός Κλιματικός Νόμος (ν. 4936/22) - Προσαρμογή στην κλιματική κρίση - Οικοσυστήματα: η ΕθνικήΣτρατηγική για την Προσαρμογή στην Κλιματική Αλλαγή (ΕΣΠΚΑ) και τα Περιφερειακά ΣχέδιαΠροσαρμογής στην Κλιματική Αλλαγή (ΠεΣΠΚΑ)αποτελούν τα δύο κύρια εργαλεία για την προσαρμογή στην κλιματική αλλαγή με ελλείψεις και προβλήματα στην πρόβλεψη εφαρμογής,ιδιαίτερα της ΕΣΠΚΑ, στην πράξη.","National Climate Law (Law 4936/22) - Adaptation to the climate crisis - Ecosystems: the National Strategy for Adaptation to Climate Change (NSAPCA) and the Regional Climate Change Adaptation Plans (RCAPs) are the two main tools for adaptation to climate change with shortcomings and problems in anticipating implementation, particularly of the NSAPCA, in practice.","501",NA
"Προτείνουμε: τη δημιουργία μηχανισμού/εργαλείου που θα συμβάλει στην εφαρμογή και υλοποίηση της ΕΣΠΚΑ και στη διασφάλιση συνοχής μεταξύ αυτής και των ΠεΣΠΚΑ.","We propose: the creation of a mechanism/tool to help implement and enforce the ESCP and ensure coherence between it and the PCCPs.","501",NA
"Το Κίνημά μας θέτει ως προτεραιότητα: α) τη διασφάλιση συντονισμού και συνέργειας μεταξύ της εθνικής στρατηγικής και των ΠεΣΠΚΑ, β) την επίτευξη συνεργειών μεταξύ της ΕΣΠΚΑ και των ΠεΣΠΚΑ με άλλα εργαλεία ή στρατηγικές που περιλαμβάνουν δράσεις και μέτρα για την προστασία της βιοποικιλότητας με σκοπό τη προσαρμογή (π.χ. Εθνική Στρατηγική για τη βιοποικιλότητα και σχέδιο δράσης, Σχέδια Διαχείρισης Λεκανών Απορροής Ποταμού), γ) την εκπόνηση Σχεδίου Δράσης που θα εξειδικεύει τους στόχους, τα μέτρα και τις δράσεις της ΕΣΠΚΑ και θα περιλαμβάνει συγκεκριμένες προβλέψεις για διαδικασίες υλοποίησης, χρηματοδότησης, αρμόδιους φορείς, και σαφείς κατευθύνσεις για την εφαρμογή της ΕΣΠΚΑ σε περιφερειακό και τομεακό επίπεδο ενισχύοντας τη συνοχή μεταξύ όλων των εργαλείων που περιλαμβάνουν δράσεις για την προσαρμογή.","Our Movement prioritises: a) ensuring coordination and synergy between the national strategy and the PESCAs; b) achieving synergies between the ESCPF and the PESCAs with other instruments or strategies that include actions and measures for biodiversity protection with a view to adaptation (e.g. National Biodiversity Strategy and Action Plan, River Basin Management Plans); c) the preparation of an Action Plan specifying the objectives, measures and actions of the ESCP and including specific provisions for implementation procedures, funding, competent bodies, and clear guidelines for the implementation of the ESCP at regional and sectoral level, enhancing coherence between all instruments including actions for adaptation.","501",NA
"Αναδιάρθρωση των φορέων και των δημοσίων υπηρεσιών: οι φορείς και οι υπηρεσίες που διαχειρίζονται το περιβάλλον της χώρας, πρέπει να μετασχηματιστούν, ώστε να εξυπηρετούν με τον καλύτερο και απλούστερο τρόπο τις σύγχρονες ευρωπαϊκές Οδηγίες και Στρατηγικές.","Restructuring of institutions and public services: the institutions and services that manage the country's environment need to be transformed to best and most simply serve modern European Directives and Strategies.","501",NA
"Προτείνουμετηνενδυνάμωσή τους με προσωπικό όλων των ειδικοτήτων, το οποίο είναι διαθέσιμο και καλά εκπαιδευμένο και η δημιουργία ενός θεσμοθετημένου δικτύου επικοινωνίας και ανταλλαγής πληροφοριών μεταξύ των συναρμόδιων υπηρεσιών με τη χρήση σύγχρονων γεω-χωρικών εργαλείων και εργαλείων πληροφορικής και διαδικτύου, ώστε να βελτιστοποιηθεί χρονικά και ποιοτικά η αποτελεσματικότητα των υπηρεσιών και η εξυπηρέτηση του σκοπού τους που θα είναι τόσο η προστασία του περιβάλλοντος, όσο και η υποστήριξη της βιώσιμης κοινωνικο-οικονομικής δραστηριότητας.","We propose to strengthen them with staff of all specialities, available and well-trained, and to create an institutionalised network of communication and information exchange between the relevant services, using modern geo-spatial, IT and internet tools, in order to optimise the efficiency of the services in terms of time and quality and to serve their purpose, which is both the protection of the environment and the support of sustainable socio-economic activity.","501",NA
"Αξιοποίηση και μόχλευση πόρων:","Utilisation and leveraging of resources:","501",NA
"η αξιοποίηση και η μόχλευση πόρων και κονδυλίων για το περιβάλλον από χρηματοδοτικά πλαίσια της Ευρώπης, αλλά και διεθνών φορέων και οργανισμών, αποτελεί πρωταρχικό μέλημα της πολιτικής μας για το περιβάλλον, αφού η αξιοποίηση τέτοιων πόρων που επενδύονται στο φυσικό μας απόθεμα, παράγει πολλαπλάσια οφέλη και για τις τοπικές κοινωνίες,τόσο βραχυπρόθεσμα, με τη δημιουργία θέσεων εργασίας, όσο και μακροπρόθεσμα βελτιώνοντας το περιβάλλον ή/και τις υποδομές, δημιουργώντας συνθήκες κατάλληλες για την ανάπτυξη και επένδυση διαχρονικά και με βιώσιμο τρόπο.","the utilisation and leveraging of resources and funds for the environment from European and international funding frameworks and agencies is a key concern of our environmental policy, since the utilisation of such resources invested in our natural resources generates multiple benefits for local communities, both in the short term, through job creation, and in the long term, by improving the environment and/or infrastructure, creating conditions suitable for development and investment","501",NA
"Δημιουργία ανθεκτικότητας και αποκατάσταση περιβάλλοντος: η εξελισσόμενη πορεία της κλιματικής κρίσης και οι σύγχρονες πολιτικές και οικονομικές αναταράξεις, καθιστούν ως προτεραιότητα τη δημιουργία ανθεκτικών οικοσυστημάτων, ανθεκτικού περιβάλλοντος στις επιπτώσεις αυτών των μεταβολών.","Building resilience and restoring the environment: the evolving course of the climate crisis and contemporary political and economic turbulence make it a priority to create resilient ecosystems, resilient environments to the impacts of these changes.","501",NA
"Στόχος της πολιτικής μας είναι η αποκατάσταση και η βελτίωση της ανθεκτικότητας των οικοσυστημάτων της χώρας, με έμφαση στις πληγείσες από τις πυρκαγιές περιοχές, αλλά και από φαινόμενα πλημμυρών, διαβρώσεων και ξηρασίας.","Our policy aims to restore and improve the resilience of the country's ecosystems, with a focus on areas affected by fires, but also by flooding, erosion and drought phenomena.","501",NA
"H αττοκατασταση των οικοσυστημάτων υα ακοΛουυει πρακτικές που: λαμβάνουν υπόψη μελλοντικά σενάρια κλιματικών και δημογραφικών μεταβολών, ενώ ταυτόχρονα για τη βελτίωση της ανθεκτικότητάς τους θα πρέπει εκτός από τεχνικές παρεμβάσεις και αποκαταστάσεις, να εκπαιδεύονται και να ενισχύονται σε υποδομές και επιλογές χρήσεων γης οι τοπικές κοινότητες.Τοπικές κοινότητες που θα αναδειχθούν με τη βοήθεια και την υποστήριξη της πολιτείας ως οι θεματοφύλακες των περιοχών αυτών, αλλά και αυτοί που θα ενισχυθούν οικονομικά για την παραμονή τους στις περιοχές αυτές και τη δραστηριοποίησή τους σε βιώσιμες και ανθεκτικές παραγωγικές πρακτικές.","The restoration of ecosystems requires practices that: take into account future scenarios of climate and demographic change, while at the same time, in order to improve their resilience, in addition to technical interventions and restoration, local communities should be trained and strengthened in terms of infrastructure and land use choices; local communities that will emerge, with the help and support of the state, as the custodians of these areas, but also those that will be financially supported to remain in the areas","501",NA
"Γ ια την επίτευξη αυτού του στόχου προτείνεται η δημιουργία ενός ενιαία συντονιζόμενού Σχεδίου Δράσης για την αποκατάσταση και δημιουργία ανθεκτικών οικοσυστημάτων.","In order to achieve this objective, it is proposed to create a single coordinated Action Plan for the restoration and creation of resilient ecosystems.","501",NA
"Βιώσιμες πόλεις: η βιώσιμη πόλη αποτελεί το στοίχημα το οποίο πρέπει να κερδηθεί το συντομότερο δυνατό, ώστε ο κάθε πολίτης να νιώθει ότι αξίζει να ζει στην πόλη του και ταυτόχρονα να απολαμβάνει τα ίδια περιβαλλοντικά προνόμια με κάθε άλλο πολίτη, τόσο στην πόλη του όσο και μεταξύ των πόλεων.","Sustainable cities: the sustainable city is a stake that must be won as soon as possible, so that every citizen feels that it is worth living in his or her city and at the same time enjoys the same environmental benefits as every other citizen, both within and between cities.","501",NA
"Γ ια την επίτευξη αυτού του στόχου, προτείνουμε την υλοποίηση του σχεδίου Άξιοβίωτη και Δίκαιη πόλη’, που αφορά στην δημιουργία περιβαλλοντικών συνθηκών που θα προσφέρουν επιθυμητές συνθήκες άνεσης σε όλους τους πολίτες και ταυτόχρονα θα προσφέρουν αισθητική αξία και ασφάλεια σε κάθε γειτονιά, χωρίς διαχωρισμούς.","To achieve this objective, we propose the implementation of the 'Decent and Fair City' plan, which involves creating environmental conditions that offer desirable conditions of comfort to all citizens and at the same time provide aesthetic value and security to each neighbourhood, without segregation.","501",NA
"Γ ια την επίτευξη του στόχου, θα χρησιμοποιηθούν ποσοτικά κριτήρια αναλογίας έκτασης πρασίνου ανά κάτοικο σε συνδυασμό με κλιματικές και περιβαλλοντικές μεταβλητές, όπως η θερμοκρασία και το επίπεδο των ρύπων, αλλά και κοινωνικές μεταβλητές, όπως η δημογραφία των γειτονιών, ώστε να έχουν πρόσβαση σε ανοιχτούς χώρους και σε χώρους πρασίνου και αναψυχής οι κάτοικοι σύμφωνα με τις ανάγκες τους (π.χ. περιοχές με υψηλά ποσοστά ηλικιωμένων ή περιοχές με υψηλά ποσοστά οικογενειών με παιδιά).","In order to achieve this objective, quantitative criteria will be used in terms of the ratio of green space per inhabitant, combined with climatic and environmental variables such as temperature and pollution levels, and social variables such as neighbourhood demography, to ensure that residents have access to open spaces and green and recreational areas according to their needs (e.g. areas with a high proportion of elderly people or areas with a high proportion of families with children).","501",NA
"Με τον τρόπο αυτό οι πόλεις μας θα γίνουν δίκαιες, περιβαλλοντικά υγιείς και θα προσδιορίζουν από τη λειτουργία τους, τον μελλοντικό τρόπο ανάπτυξής τους.","In this way, our cities will become equitable, environmentally healthy and will determine by their functioning how they will develop in the future.","501",NA
"9.ΠΡΩΤΟΒΟΥΛΙΕΣ ΓΙΑ ΤΟΝ ΑΠΟΔΗΜΟ ΕΛΛΗΝΙΣΜΟ","9.INITIATIVES FOR THE GREEKS LIVING ABROAD","H",NA
"Ο απόδημος Ελληνισμός αποτελεί για το Κίνημά μας το σταθερό και συνεπή υπερασπιστή των συμφερόντων της χώρας, της γλωσσικής, πολιτισμικής και εθνικής μας ταυτότητας.","For our Movement, expatriate Hellenism is the constant and consistent defender of the interests of the country, of our linguistic, cultural and national identity.","601.1",NA
"Είμαστε υπερήφανοι για το θεσμικό έργο και τις πολιτικές που προωθήσαμε ως Κυβέρνηση.","We are proud of the institutional work and policies we have promoted as a Government.","601.1",NA
"Με Έλληνες να κατοικούν σε περισσότερες από 140 χώρες παγκοσμίως το όραμά μας (ή η πολιτική στρατηγική μας) είναι ο απόδημος ελληνισμός να ενεργοποιηθεί και να συνεισφέρει με τον δικό του τρόπο στην επόμενη μέρα και η πολιτεία να ανταποκριθεί στις σημερινές ανάγκες του.","With Greeks residing in more than 140 countries worldwide, our vision (or political strategy) is for Greeks living abroad to become active and contribute in their own way to the next day and for the state to respond to their current needs.","601.1",NA
"Τοπρόγραμμά μας ανταποκρίνεται στην σύγχρονη καθημερινότητα των απόδημων Ελλήνων έτσι όπως διαμορφώθηκαν λαμβάνοντας υπόψιν και το μεγάλο κύμα νέων επιστημόνων και επαγγελματιών που έφυγαν μαζικά από τη χώρα την περίοδο της κρίσης.","Our programme responds to the contemporary daily life of expatriate Greeks as they are shaped by the large wave of young scientists and professionals who left the country en masse during the crisis.","601.1",NA
"Κύριος στόχος μας είναι η στήριξη του απόδημου ελληνισμού, η προώθηση του ελληνικού πολιτισμού και των τεχνών, η γεφύρωση των σχέσεων με τις νεότερες γενιές των Ελλήνων της διασποράς και η δημιουργία μιας σταθερής επικοινωνίας με την πατρίδα σε εκπαιδευτικό, οικονομικό, επιχειρηματικό και πολιτιστικό επίπεδο.","Our main goal is to support the expatriate Hellenism, to promote Greek culture and arts, to bridge the gap with the younger generations of Greeks of the diaspora and to create a stable communication with the homeland on an educational, economic, business and cultural level.","601.1",NA
"Ι.Δικαίωμα ψήφου σε όλους όσους είναι εγγεγραμμένοι στους εκλογικούς καταλόγους, χωρίς επιπλέον κριτήρια και περιορισμούς.","I.The right to vote to all those who are registered in the electoral rolls, without any additional criteria and restrictions.","202.1",NA
"Δεν νοείται να έχουμε μία Ελλάδα δύο ταχυτήτων και να στερούμε από Έλληνες πολίτες ένα δικαίωμα που θα είχαν εφόσον ταξίδευαν από το εξωτερικό στην πατρίδα τους.","It is unthinkable to have a two-tier Greece and to deprive Greek citizens of a right they would have had if they had travelled from abroad to their homeland.","202.1",NA
"Όσοι φυσική παρουσία θα μπορούσαν να ασκήσουν το εκλογικό τους δικαίωμα στην Ελλάδα πρέπει να μπορούν να ψηφίζουν από τις χώρες διαμονής τους.","Those physically present who could exercise their right to vote in Greece must be able to vote from their countries of residence.","202.1",NA
"2. Επιστολική ψήφος.","2. Postal voting.","202.1",NA
"Η επιστολική ψήφος έχει υιοθετηθεί από πολλές χώρες του κόσμου και τα περισσότερα κράτη μέλη της Ευρωπαϊκής Ένωσης.","Absentee voting has been adopted by many countries of the world and most of the Member States of the European Union.","202.1",NA
"Με τα ποσοστά προσέλευσης στις κάλπες να είναι ιστορικά χαμηλά, με ακραία καιρικά φαινόμενα και πανδημίες να εισβάλλουν στις ζωές μας, με ένα αυξανόμενο ποσοστό πολιτών να ανήκουν στην τρίτη ηλικία και ένα άλλο που αφορά νεότερους πολίτες με απαιτητική καθημερινότητα, η έμμεση απαγόρευση συμμετοχής των Ελλήνων του εξωτερικού στις εθνικές εκλογές είναι ανεπίτρεπτη.","With voter turnout rates at historically low levels, with extreme weather events and pandemics invading our lives, with a growing proportion of citizens belonging to the elderly and a growing proportion of younger citizens with demanding daily lives, an implicit ban on the participation of Greeks from abroad in national elections is unacceptable.","202.1",NA
"Οι κυβερνήσεις που εργαλειοποιούν τη δυνατότητα προκήρυξης πρόωρων εκλογών, οφείλουν να διασφαλίσουν αντίστοιχα την ομαλή και έγκυρη διεξαγωγή της εκλογικής διαδικασίας και στον απόδημο, διά της επιστολικής ψήφου, όπως άλλωστε συμβαίνει στην πλειονότητα των κρατών - μελών της ΕΕ.","Governments that instrumentalise the possibility of calling early elections must ensure that the election process is conducted smoothly and validly for expatriates as well, by means of postal votes, as is the case in the majority of EU Member States.","202.1",NA
"3. Στήριξη της ελληνικής γλώσσας και εκπαίδευσης στις χώρες που διαβιούν απόδημοι Έλληνες και αξιοπρεπείς συνθήκες εργασίας και διαβίωσης των καθηγητών.","3. Support for the Greek language and education in countries where Greeks living abroad live and decent working and living conditions for teachers.","601.1",NA
"Η προώθηση, διατήρηση και η καλλιέργεια της γλώσσας είναι άμεσα συνδεδεμένη με την αναβάθμιση των σχέσεων της ελληνικής διασποράς με τη χώρα.","The promotion, preservation and cultivation of the language is directly linked to the upgrading of relations between the Greek diaspora and the country.","601.1",NA
"Ιδιαίτερα σε κέντρα με αυξημένο αριθμό παιδιών με ελληνική καταγωγή, δεν επιτρέπεται να κλείνουν σχολεία μόνιμα ή προσωρινά λόγω έλλειψης προσωπικού ή μη συντήρησης των κτιρίων.","Particularly in centres with an increased number of children of Greek origin, schools must not be closed permanently or temporarily due to lack of staff or lack of maintenance of the buildings.","601.1",NA
"Ταυτόχρονα η ελληνική πολιτεία πρέπει να λαμβάνει υπόψιν της το επίπεδο διαβίωσης στον τόπο διαμονής και να παρέχει επαρκείς οικονομικούς πόρους σε καθηγητές στα ελληνικά σχολεία.","At the same time, the Greek state must take into account the standard of living in the place of residence and provide adequate financial resources to teachers in Greek schools.","601.1",NA
"4. Στήριξη της επιχειρηματικότητας.","4. Support for entrepreneurship.","402",NA
"Επιβάλλεται η ανάπτυξη και στήριξη των Ελλήνων επιχειρηματιών του εξωτερικού, ιδιαίτερα όσων δραστηριοποιούνται σε προώθηση ελληνικών προϊόντων (τρόφιμα, τουρισμός, τέχνη) να μπορούν να συμμετέχουν σε δράσεις και προγράμματα προώθησης σε συνεργασία με ελληνικούς φορείς αλλά και να δύνανται να επιχειρήσουν στην Ελλάδα.","It is essential to develop and support Greek entrepreneurs abroad, especially those who are active in the promotion of Greek products (food, tourism, art) to be able to participate in promotional activities and programmes in cooperation with Greek institutions and to be able to do business in Greece.","402",NA
"Η Ελληνική πολιτεία δεν μπορεί να δίνει χρυσές βίζες σε πολίτες τρίτων χωρών χωρίς να παρέχει χρυσούς λόγους σε Έλληνες πολίτες του εξωτερικού να επιχειρήσουν εντός και εκτός συνόρων.","The Greek state cannot give golden visas to citizens of third countries without providing golden reasons for Greek citizens abroad to operate within and outside the borders.","402",NA
"5. Διεκπεραίωση συναλλαγών με το Ελληνικό δημόσιο οηΐϊηβ, εύκολα και γρήγορα.","5. Conduct transactions with the Greek government ojib, easily and quickly.","303",NA
"Χρειάζεται άμεση βελτίωση της ποιότητας των παρεχόμενων υπηρεσιών από τη Δημόσια Διοίκηση στους απόδημους Έλληνες.","There is an immediate need to improve the quality of services provided by the Public Administration to expatriate Greeks.","303",NA
"Η ταχεία λήψη πιστοποιητικών, η επεξεργασία συνταξιοδοτικών υποχρεώσεων που σήμερα καθυστερεί δυσανάλογα και το κόστος που αφορά σε διάφορες διοικητικές πράξεις πρέπει να είναι πρωταρχικός στόχος της πολιτείας και της πολιτικής περί απόδημου ελληνισμού.","The speedy receipt of certificates, the processing of pension obligations, which is currently disproportionately delayed, and the costs associated with various administrative transactions should be a primary objective of the state and the policy on expatriate Greeks.","303",NA
"Ενδεικτικό παράδειγμα το δυσανάλογο κόστος που καλείται ο Έλληνας πολίτης του εξωτερικού να καταβάλλει για πράξεις και πιστοποιητικά που στην Ελλάδα κοστίζουν το 1/3 ή δωρεάν και η καθυστέρηση διαθέσιμων ραντεβού που οφείλεται σε φόρτο εργασίας των υπαλλήλων σε πρεσβείες και προξενεία.","An indicative example is the disproportionate cost that Greek citizens abroad are required to pay for acts and certificates that in Greece cost 1/3 or free of charge and the delay of available appointments due to the workload of officials in embassies and consulates.","303",NA
"ΜΕΡΟΣ ΙV Οικονομική εποπτεία & σταθερότητα","PART IV Economic surveillance & stability","H",NA
"1. ΔΗΜΟΣΙΟΝΟΜΙΚΕΣ ΠΡΟΟΠΤΙΚΕΣ","1. FISCAL OUTLOOK","H",NA
"1. Η δημοσιονομική πορεία μετά τα Μνημόνια","1. The fiscal path after the Memoranda","H",NA
"Στην αρχή των Μνημονίων, τόσο το πρωτογενές πλεόνασμα της Γενικής Κυβέρνησης όσο και το Ακαθάριστο Ισοζύγιο (δηλαδή μαζί με τους τόκους) βρισκόταν σε χαώδη αρνητικά επίπεδα ως ποσοστό του ΑΕΠ.","At the beginning of the Memoranda, both the general government primary surplus and the gross balance (i.e. including interest) were at chaotic negative levels as a percentage of GDP.","408",NA
"Παρά την προσπάθεια εφαρμογής των προγραμμάτων δημοσιονομικής σταθεροποίησης, τα ελλείμματα εξακολουθούν να διογκώνονται έως το 2013 τόσο εξαιτίας της αποτυχίας να συλλεγούν επαρκή κρατικά έσοδα όσο και λόγω της μεγάλης πτώσης του ΑΕΠ που τα κάνει να φαίνονται ακόμα πιο έντονα όταν εκφράζονται ως ποσοστά του.","Despite efforts to implement fiscal stabilization programs, deficits continued to widen through 2013 both because of the failure to collect sufficient government revenues and because of the large drop in GDP which makes them look even more pronounced when expressed as a percentage of GDP.","408",NA
"Ισοζύγιο Γεν. Κυβέρνησης ως % ΑΕΠ","Balance General balance General Government as % of GDP","H",NA
"Πηγή στοιχείων: Αγπθοο, ΕυΐΌ3ί3ΐ.","Data source.",NA,NA
"Γ ια 2022 & 2023, προβλέψεις.","For 2022 & 2023, forecasts.",NA,NA
"Η κατάσταση αρχίζει να βελτιώνεται το 2014 έπειτα από ένα μεγάλο κύμα περικοπών στις δημόσιες δαπάνες και επιβολής νέων φορολογικών συντελεστών και επιβαρύνσεων.","The situation starts to improve in 2014 after a large wave of cuts in public spending and imposition of new tax rates and burdens.","408",NA
"Το πρωτογενές ισοζύγιο της Γενικής κυβέρνησης φαίνεται μόλις να έχει ισορροπήσει, αλλά το 2015 γίνεται και πάλι ελλειμματικό εξαιτίας της γενικότερης αναστάτωσης που επικρατεί στην ελληνική οικονομία λόγω του κινδύνου Ογθχϊϊ, του παράνομου δημοψηφίσματος και των τραπεζικών ελέγχων που ακολούθησαν και υπονόμευσαν κάθε προσπάθεια επιστροφής στην κανονικότητα.","The general government's primary balance appears to have just about reached equilibrium, but in 2015 it turns into a deficit again due to the general turmoil in the Greek economy caused by the Oghthyi risk, the illegal referendum and the subsequent bank controls that undermined any attempt to return to normality.","408",NA
"Όμως από το 2016 έως και το 2019 παρατηρείται μια συστηματική βελτίωση του πρωτογενούς πλεονάσματος που φτάνει στο 4.2% του ΑΕΠ εζαιτίας μιας πολύπλευρης και ιδιαίτερα επιβαρυντικής φορολογίας που επιβάλλεται στο πλαίσιο του Γ' Μνημονίου.","However, from 2016 to 2019 there has been a systematic improvement in the primary surplus reaching 4.2% of GDP due to a multifaceted and highly burdensome tax imposed under the Third Memorandum.","408",NA
"Ακόμα και το ακαθάριστο ισοζύγιο γίνεται πλεονασματικό στο 1% του ΑΕΠ, στόχος που δεν είχε επιτευχθεί επί δεκαετίες.","Even the gross balance becomes a surplus of 1% of GDP, a target that had not been achieved for decades.","408",NA
"Η εικόνα αυτή ανατρέπεται εκ νέου το 2020, όταν χαλαρώνουν οι δημοσιονομικοί κανόνες σε όλη την ΕΕ προκειμένου οι κυβερνήσεις να χρηματοδοτήσουν τις απώλειες εισοδημάτων που έχουν εργαζόμενοι και επιχειρήσεις λόγω αναστολής δραστηριοτήτων τους εζαιτίας της πανδημίας.","This picture is reversed again in 2020, when fiscal rules are relaxed across the EU to allow governments to finance the income losses suffered by workers and businesses due to the pandemic.","408",NA
"Συνολικά την περίοδο 2020-2021 εκτιμάται ότι δόθηκαν περίπου 48 δισεκ.","In total in 2020-2021 it is estimated that around €48 billion has been provided to cover the cost of the crisis.","408",NA
"Ευρώ σε διάφορους φορείς της οικονομίας, ένα ποσόν το οποίο είναι το κατά κεφαλή μεγαλύτερο σε ολόκληρη την ΕΕ.","Euro to various economic operators, the highest amount per capita in the EU.","408",NA
"Καθώς όμως δόθηκε χωρίς έλεγχο ουσιαστικών κριτηρίων, χωρίς δεσμεύσεις για βελτίωση των επιχειρήσεων και χωρίς εγγυήσεις σταδιακής επιστροφής, το μεγαλύτερο μέρος καταγράφεται πλέον στο δημόσιο χρέος και αναμένεται να επιβαρύνει την εξυπηρέτηση του.","However, as it was given without control of substantive criteria, without commitments to improve businesses and without guarantees of gradual repayment, most of it is now recorded in public debt and is expected to be a burden on public debt servicing.","408",NA
"Η μεγάλη ύφεση που σημειώθηκε έκανε το έλλειμμα να φαίνεται ακόμα μεγαλύτερο και να μοιάζει με τα επίπεδα της κρίσης χρέους.","The great recession that has occurred has made the deficit look even larger and resemble crisis debt levels.","408",NA
"Σταδιακά όμως η οικονομία μπαίνει σε τροχιά ανάκαμψης από το 2022 και τα έσοδα αποκαθίστανται.","Gradually, however, the economy is on the road to recovery from 2022 and revenues are being restored.","408",NA
"Στις αρχές όμως του 2022 εμφανίζονται τρία νέα δεδομένα που πιέζουν τις δημοσιονομικές προοπτικές της χώρας.","But in early 2022, three new facts emerge that put pressure on the country's fiscal outlook.","408",NA
"Πρώτον, η Ελλάδα προβαίνει σε εκτεταμένες προμήθειες αμυντικού υλικού για να αντιμετωπίσει την ραγδαία εκτράχυνση της τουρκικής επιθετικότητας.","First, Greece embarks on extensive defence procurement to counter the rapid acceleration of Turkish aggression.","105",NA
"Δεύτερον, έρχεται μια νέα διεθνής αναταραχή με εκρηκτική άνοδο στις τιμές ενεργειακών πρώτων υλών, λόγω της Ρωσικής εισβολής στην Ουκρανία.","Second, a new international turmoil is coming with an explosive rise in energy commodity prices due to the Russian invasion of Ukraine.","108",NA
"Ο πληθωρισμός κάνει ξανά την εμφάνιση του σε διψήφια επίπεδα και το κράτος αναζητά ξανά έσοδα για να επιδοτήσει την μειωμένη αγοραστική δύναμη των νοικοκυριών.","Inflation is again making its appearance in double digits and the state is again looking for revenues to subsidize the reduced purchasing power of households.","408",NA
"Όμως οι διαθέσιμοι πόροι έχουν δραματικά συρρικνωθεί λόγω της απερίσκεπτης διανομής των γιγαντιαίων επιδοτήσεων της πανδημίας, αλλά και λόγω της ανόδου των επιτοκίων δανεισμού που πυροδοτεί ο ξαφνικός πληθωρισμός.","But the available resources have shrunk dramatically due to the reckless distribution of the giant pandemic subsidies and the rise in borrowing rates triggered by sudden inflation.","408",NA
"Τρίτον, η άνοδος επιτοκίων που θα εγκλωβίσει την αγορά των ελληνικών ομολόγων σε χαμηλή ρευστότητα τερματίζοντας την περίοδο τεχνητής ευφορίας που δημιουργούσε το πρόγραμμα χαλάρωσης της ΕΚΤ με τις χαμηλές αποδόσεις.","Thirdly, the rise in interest rates that will trap the Greek bond market in low liquidity, ending the period of artificial euphoria created by the ECB's low-yield easing programme.","408",NA
"Η μετάβαση στους νέους δημοσιονομικούς κανόνες και η ανάκληση των αποφάσεων της ΕΚΤ θα ασκήσει μεγάλη πίεση στα ελληνικά ομόλογα, ιδιαίτερα μάλιστα εάν στο μεταξύ δεν έχουν ανακτήσει την επενδυτική βαθμίδα.","The transition to the new fiscal rules and the reversal of ECB decisions will put a lot of pressure on Greek bonds, especially if they have not regained investment grade status in the meantime.","408",NA
"Με την επενέργεια όλων αυτών των παραγόντων, η ελληνική οικονομία εισέρχεται σε μία πολλαπλή δοκιμασία χρηματοδότησης των εξωτερικών και δημοσιονομικών ελλειμμάτων.","With all these factors at work, the Greek economy is entering a multiple test of financing external and fiscal deficits.","408",NA
"Όπως περιγράφεται στην επόμενη ενότητα, πρώτη μεγάλη συνέπεια είναι η διεύρυνση του εξωτερικού ελλείμματος, έπειτα από μία βραχεία περίοδο συγκράτησης.","As described in the next section, the first major consequence is the widening of the external deficit, after a short period of containment.","408",NA
"Το επίμονο εξωτερικό έλλειμμα","The persistent external deficit","408",NA
"Το εξωτερικό έλλειμμα άρχισε και πάλι να διευρύνεται, προκαλώντας συνειρμούς με την κρίση χρηματοδότησης της περιόδου 2009-2010.","The external deficit has started to widen again, evoking associations with the 2009-2010 financing crisis.","408",NA
"Εάν η άνοδος των επιτοκίων δανεισμού επιταχυνθεί λόγω του πληθωρισμού που πλήττει την παγκόσμια οικονομία, η χώρα κινδυνεύει να βρεθεί ξανά σε συνθήκες περιορισμένης διεθνούς ρευστότητας και να υποχρεωθεί σε δυσμενείς ρυθμίσεις για το διευρυνόμενο εξωτερικό έλλειμμα.","If the rise in borrowing rates accelerates due to inflation hitting the global economy, the country risks finding itself again in international liquidity constraints and being forced to make adverse adjustments to the widening external deficit.","408",NA
"Οι αιτίες, οι συνέπειες και τα απαραίτητα μέτρα περιγράφονται στην συνέχεια.","The causes, consequences and necessary measures are described below.","408",NA
"Είναι αποκαλυπτική η σύγκριση των Ισοζυγίων Πληρωμών Ελλάδας, Ισπανίας και Πορτογαλίας σε όλη την περίοδο από την έναρξη λειτουργίας της ΟΝΕ μέχρι σήμερα.","It is revealing to compare the balance of payments of Greece, Spain and Portugal throughout the period from the start of EMU to the present day.","408",NA
"Τα πρώτα χρόνια της κυκλοφορίας του Ευρώ, τα εξωτερικά ισοζύγια παραμένουν κατά μέσο όρο σε σταθερές αναλογίες προς το ΑΕΠ, μετά όμως το 2004 αρχίζει να εκδηλώνεται μία τάση χειροτέρευσης και των τριών, με πιο έντονες περιπτώσεις την Ισπανία και την Ελλάδα.","In the early years of the Euro, external balances remain on average stable in relation to GDP, but after 2004 a trend of deterioration begins to manifest itself in all three, with Spain and Greece being the most pronounced cases.","408",NA
"Τα μεγάλα εξωτερικά ελλείμματα που δημιουργούνται λίγο πριν την χρηματοπιστωτική κρίση του 2008 είναι οι κύριοι μηχανισμοί που προκαλούν ασφυξία ρευστότητας στις οικονομίες και επιταχύνουν τα προγράμματα δανειακής διάσωσης.","The large external deficits generated just before the 2008 financial crisis are the main mechanisms that cause liquidity squeezes in economies and accelerate debt rescue programmes.","408",NA
"(Στην Ελλάδα υπάρχει επιπλέον και το μεγάλο δημοσιονομικό έλλειμμα που επαυξάνει την πίεση ρευστότητας και οδηγεί στο μεγαλύτερο και πιο δραματικό πρόγραμμα από τις τρεις).","(In Greece, there is also the large fiscal deficit that exacerbates the liquidity pressure and leads to the largest and most dramatic programme of the three).","408",NA
"Και στις τρεις χώρες η εφαρμογή των προγραμμάτων περιελάμβανε αυστηρές πολιτικές λιτότητας, οι οποίες προκάλεσαν εκτεταμένη ύφεση και όπως είναι φυσικό συμπίεσαν δραστικά την ζήτηση εισαγωγών.","In all three countries the implementation of the programs included severe austerity policies, which caused widespread recession and naturally drastically depressed import demand.","408",NA
"Ταυτόχρονα η εφαρμογή πολιτικών εσωτερικής υποτίμησης εις βάρος των μισθωτών μείωσε βάναυσα το εργατικό κόστος και μόνο έτσι κατάφερε κάπως να βελτιώσει τα περιθώρια ανταγωνιστικότητας για τις εξαγωγές.","At the same time, the implementation of internal devaluation policies at the expense of wage earners brutally reduced labour costs and only thus managed to somewhat improve the margins of competitiveness for exports.","408",NA
"Συνολικά, τα εξωτερικά ισοζύγια βελτιώνονται αισθητά και για τις χώρες της Ιβηρικής γίνονται πλεονασματικά.","Overall, external balances are improving markedly and for the Iberian countries are becoming surplus.","408",NA
"Μετά την πανδημία σημειώνουν οριακές απώλειες χωρίς όμως τάσεις επιστροφής στα μεγάλα ελλείμματα του παρελθόντος.","After the pandemic, they have recorded marginal losses but without any tendency to return to the large deficits of the past.","408",NA
"Ισοζύγιο Πληρωμών ως % ΑΕΠ","Balance of payments as a % of GDP","H",NA
"Πηγή στοιχείων: Αγπθοο, ΕυΐΌ3ί3ΐ.","Data source.",NA,NA
"Γ ια 2022 & 2023, προβλέψεις.","For 2022 & 2023, forecasts.",NA,NA
"Αντιθέτως για την Ελλάδα, η βελτίωση είναι μεν αισθητή σε σύγκριση με την καταστροφική πορεία 2006-2009 αλλά το ισοζύγιο δεν καταφέρνει να γίνει ποτέ πλεονασματικά τόσο ως αποτέλεσμα της παρατεταμένης αδυναμίας των εξαγωγών να σημειώσουν ένα διατηρήσιμο άλμα όσο και της εκτίναξης των εισαγωγών σε κάθε επανεμφάνιση της ζήτησης.","In contrast, for Greece, the improvement is marked compared to the disastrous 2006-2009 but the balance never manages to become surplus both as a result of the prolonged inability of exports to make a sustained jump and the surge in imports at every resurgence of demand.","408",NA
"Το 2020, το ισοζύγιο γίνεται έντονα ελλειμματικό λόγω της μεγάλης πτώσης της τουριστικής κίνησης, της αδυναμίας των ελληνικών εξαγωγών να αντιμετωπίσουν το μποτιλιάρισμα στις διεθνείς εφοδιαστικές αλυσίδες, αλλά επίσης και της έξαρσης αγορών σε είδη πολυτελείας που χρηματοδοτήθηκαν από τις ανεξέλεγκτες ενισχύσεις των επιχειρήσεων που βρέθηκαν σε αναστολή.","In 2020, the balance becomes sharply in deficit due to the sharp drop in tourism, the inability of Greek exports to cope with the bottleneck in international supply chains, but also the surge in purchases of luxury goods financed by the uncontrolled aid to suspended firms.","408",NA
"Παρόμοια ελλειμματικότητα εμφανίζεται και τα επόμενα χρόνια (με μικρή προσδοκώμενη διόρθωση το 2023) πράγμα που επαναφέρει στο ακέραιο την ανάγκη χάραξης μιας πολιτικής ισχυροποίησης των εξαγωγών και υποκατάστασης των εισαγωγών όσο είναι δυνατόν.","Similar deficits are also seen in the coming years (with a small expected correction in 2023), which reiterates the need for a policy of strengthening exports and substituting imports as much as possible.","408",NA
"Αυτή είναι η πολιτική μας για την επίτευξη υψηλών ρυθμών Εθνικής Προστιθέμενης Αξίας, μαζί με την ενίσχυση των εξωστρεφών τομέων της ελληνικής οικονομίας, και αποτελεί τον βασικό στόχο και επιδίωξη του παρόντος Προγράμματος.","This is our policy to achieve high rates of National Value Added, together with the strengthening of the outward-looking sectors of the Greek economy, and is the main objective and objective of this Programme.","305.1",NA
"Ο περιορισμός του δημοσιονομικού χώρου","The limitation of fiscal space","404",NA
"3.1 Τα κρίσιμα μέτωπα χρηματοδότησης","3.1 The critical financing fronts","H",NA
"Σήμερα - περισσότερο από ποτέ άλλοτε τις τελευταίες δεκαετίες - το κεντρικό ζήτημα για τους πολίτες, και όχι μόνο τους αδύναμους, είναι το ζήτημα της «κοινωνικο-οικονομικής ασφάλειας».","Today - more than at any time in recent decades - the central issue for citizens, and not only the weak, is the question of 'socio-economic security'.","504",NA
"Σε οικονομικό επίπεδο, επειδή τα σύννεφα πυκνώνουν επικίνδυνα και η πιθανότητα μακράς ύφεσης είναι πλέον ορατή, τα επόμενα χρόνια η χώρα μας απαιτείται να διαθέσει ακόμη περισσότερους δημόσιους πόρους για την αντιμετώπιση μιας πληθώρας παλιότερων και νεότερων απειλών, όπως: Την ενίσχυση της ανθεκτικότητας έναντι των επιπτώσεων της κλιματικής αλλαγής, τον ενεργειακό μετασχηματισμό της, την διαρκή ενίσχυση της εθνικής της άμυνας, την αναστήλωση των δημοσίων συστημάτων υγείας και παιδείας, την μεταστροφή του παραγωγικού της μοντέλου, την αντιμετώπιση της δημογραφικής γήρανσης με την ουσιαστική στήριξη της νέας γενιάς καθώς και την ενίσχυση των κοινωνικών δαπανών και υπηρεσιών με κύριο στόχο τη μείωση των ανισοτήτων.","At the economic level, because the clouds are dangerously thickening and the possibility of a long recession is now in sight, in the coming years our country is required to allocate even more public resources to address a multitude of old and newer threats, such as: Enhancing resilience against the impacts of climate change, its energy transformation, the continuous strengthening of its national defence, the restoration of its public health and education systems, the transformation of its production model, addressing demographic ageing by effectively supporting the younger generation, and strengthening social spending and services with the main objective of reducing inequalities.","409",NA
"Όμως στην χώρα μας ο δημοσιονομικός χώρος είναι δραματικά περιορισμένος και μάλιστα την στιγμή που μεγαλώνει η ανάγκη αύξησης δημοσίων δαπανών.","But in our country the fiscal space is dramatically limited and even more so at a time when the need to increase public spending is growing.","409",NA
"Δύο είναι τα πιο κρίσιμα μέτωπα της δημοσιονομικής στενότητας:","Two are the most critical fronts of fiscal constraint","409",NA
"(α) Αδυναμία εγχώριας χρηματοδότησης δημοσίων επενδύσεων:","(a) Inability to finance public investment domestically:","409",NA
"Έλλειψη επαρκών εθνικών πόρων για την χρηματοδότηση δημοσίων αγαθών, δημοσίων υποδομών και μεγάλων παραγωγικών επενδύσεων, ώστε να αναπληρωθεί η μαζική από- επένδυση που έγινε την περίοδο των Μνημονίων.","Lack of sufficient national resources to finance public goods, public infrastructure and large productive investments to make up for the massive disinvestment that took place during the Memorandum period.","409",NA
"(β) Αδυναμία άντλησης νέων εσόδων.","(b) Inability to raise new revenues.","409",NA
"Τα συλλεγόμενα κρατικά έσοδα δεν επαρκούν για να χρηματοδοτήσουν τις αυξανόμενες ανάγκες τόσο λόγω της χρόνιας αναποτελεσματικότητας του φορολογικού συστήματος και της μακράς κόπωσης των πραγματικά φορολογούμενων.","Collected government revenues are insufficient to finance growing needs both because of the chronic inefficiency of the tax system and the long fatigue of real taxpayers.","409",NA
"Γ ια να αντιμετωπιστούν τα παραπάνω ζητήματα και να διασφαλιστεί μια δημοσιονομική σταθερότητα τα επόμενα χρόνια έχουμε επεξεργαστεί ένα πλαίσιο παρεμβάσεων και στόχων, το οποίο περιγράφεται στην συνέχεια τόσο σε εθνικό όσο και σε επίπεδο αναγκαίων συμμαχιών στην ΕΕ.","To address these issues and to ensure fiscal stability in the coming years we have developed a framework of interventions and targets, which is outlined below both at national level and at the level of necessary alliances in the EU.","409",NA
"3.2 Η ανάγκη αλλαγής του δημοσιονομικού παραδείγματος","3.2 The need to change the fiscal paradigm","H",NA
"Κατά συνέπεια, προβάλλει αδήριτη και επιτακτική η αναγκαιότητα για διευρυμένα δημόσια έσοδα και η συγκράτηση της αύξησης των δαπανών, τόσο για την επίτευξη του αναγκαίου πρωτογενούς πλεονάσματος για την μεσοχρόνια σταθεροποίηση του δημόσιου χρέους","The need for expanded public revenues and restrained expenditure growth is therefore urgent and imperative, both to achieve the primary surplus needed to stabilise public debt over the medium term","414",NA
"όσο και για την ανασύσταση του κοινωνικού κράτους","and to rebuild the welfare state","504",NA
"και την εύρωστη λειτουργία της πολιτείας.","and ensure the robust functioning of the state.","303",NA
"Τα ζητήματα της φοροδιαφυγής/αποφυγής βρίσκονται, επί της ουσίας, εκτός της ατζέντας των κομμάτων της ΝΔ και του ΣΥΡΙΖΑ.","The issues of tax evasion/avoidance are, in essence, off the agenda of the ND and SYRIZA parties.","305.1",NA
"Από την πλευρά του ο ΣΥΡΙΖΑ, ενώ υποστηρίζει πρόσφατα την μείωση της έμμεσης φορολογίας, δεν αναφέρεται όμως καθόλου στα θέματα της άμεσης φορολογίας στα οποία κατά την περίοδο 2015-2019 είτε είχε αυξήσει κατακόρυφα τους συντελεστές είτε είχε επιβάλει νέους φόρους, διαμορφώνοντας μια αβίωτη κατάσταση κυρίως στα μικρομεσαία εισοδήματα.","For its part, SYRIZA, while recently supporting the reduction of indirect taxation, does not refer at all to the issues of direct taxation, where in the period 2015-2019 it had either sharply increased the rates or imposed new taxes, creating an unlivable situation, especially for small and medium incomes.","305.1",NA
"Στα ζητήματα της φορολογίας, η ΝΔ είναι υπέρ της μείωσης στην άμεση φορολογία, ιδιαίτερα των κερδών, μερισμάτων, εργοδοτικών εισφορών, κλπ. Η γνωστή - αλλά δύσκολα επιβεβαιούμενη στην πράξη - θέση είναι ότι η μείωση της φορολογίας των κερδών οδηγεί πρώτα σε επενδύσεις και αμέσως μετά σε ανάπτυξη μέσω ενός αυτόματου μηχανισμού διασποράς του οφέλους (ΐηοΚΙθ-άοννη θΐίθοΐε).","On tax issues, the Southwest is in favour of reducing direct taxation, particularly on profits, dividends, employer contributions, etc. The well-known - but hardly confirmed in practice - thesis is that a reduction in the tax on profits leads first to investment and then to growth through an automatic benefit-spreading mechanism (iiokith-haonni thiithoie).","305.1",NA
"Καμμία ανάλογη σπουδή δεν επιδεικνύει πάντως για την μείωση της έμμεσης φορολογίας, που αποτελεί σήμερα την σημαντικότερη πηγή δημοσίων εσόδων αλλά είναι ""απρόσωπη"" και στην ουσία επιβαρύνει αναλογικά τους πλέον αδύναμους και τα μικρο-μεσαία στρώματα.","However, no similar effort is being made to reduce indirect taxation, which is currently the most important source of public revenue but is 'faceless' and in fact places a disproportionate burden on the weakest and the lower-middle classes.","305.1",NA
"Η ασύμμετρη επιβάρυνση των φτωχότερων έγινε ακόμα πιο επώδυνη με την πρόσφατη εκτόξευση των τιμών ενέργειας που πολλαπλασιάζονται από υψηλούς συντελεστές έμμεσης φορολογίας.","The asymmetric burden on the poorest has been made even more painful by the recent surge in energy prices multiplied by high indirect tax rates.","503",NA
"Με την ίδια ασάφεια θεωρείται ότι η μείωση του μη-μισθολογικού κόστους αυξάνει αυτομάτως την απασχόληση χωρίς να υπάρχει ανάγκη για ενεργές πολιτικές απασχόλησης.","With the same ambiguity it is assumed that reducing non-wage costs automatically increases employment without the need for active employment policies.","701",NA
"Μια ματιά μόνο στο μη- μισθολογικό κόστος στις χώρες του ΟΟΣΑ, δείχνει ότι τα υψηλότερα επίπεδα χαρακτηρίζουν χώρες όπως το Βέλγιο, η Γερμανία, η Αυστρία, η Γαλλία, η Ιταλία, η Πορτογαλία και οι Σκανδιναβικές.","A look at non-wage costs alone in OECD countries shows that the highest levels characterise countries such as Belgium, Germany, Austria, France, Germany, Italy, Portugal and the Nordic countries.","408",NA
"Δηλαδή, οι χώρες που έχουν ισχυρότερες οικονομίες και αγορές εργασίας, υψηλότερα επίπεδα απασχόλησης και κατά τεκμήριο, έχουν απορροφήσει τους εκατοντάδες χιλιάδες νέους του όΓ3ίη-άΓ3ίη.","That is, the countries that have stronger economies and labour markets, higher employment levels and, presumably, have absorbed the hundreds of thousands of young people in the OG3I.","408",NA
"Αντίστοιχη είναι περίπου η εικόνα και στο ζήτημα της φορολογίας των μερισμάτων, κερδών κλπ. Το βασικότερο, χαρακτηριστικό, ωστόσο, των χωρών αυτών είναι ότι διακρίνονται από πολύ υψηλότερα επίπεδα ""θεσμικής ποιότητας"", δηλαδή αποτελεσματικής διακυβέρνησης, διαφανούς λειτουργίας των θεσμών, της δικαιοσύνης, εμπιστοσύνης στο κράτος και την δημόσια διοίκηση, χαμηλότερα επίπεδα διαφθοράς, κλπ. Για αυτό και έχουν πολύ χαμηλότερα επίπεδα παραοικονομίας, φοροδιαφυγής και ""μαύρης"" εργασίας.","The picture is roughly similar on the issue of taxation of dividends, profits, etc. The main characteristic, however, of these countries is that they are characterised by much higher levels of 'institutional quality', i.e. effective governance, transparent functioning of institutions, the judiciary, trust in the state and public administration, lower levels of corruption, etc. This is why they have much lower levels of underground economy, tax evasion and ""black"" labour.","408",NA
"Η έννοια της ""θεσμικής ποιότητας"" και της ""εμπιστοσύνης"" αντανακλάται και σε υψηλότερα επίπεδα ""φορολογικής ηθικής"" που διακρίνει τις κοινωνίες αυτές.","The notion of 'institutional quality' and 'trust' is also reflected in higher levels of 'fiscal ethics' that distinguish these societies.","408",NA
"Γ ια τον λόγο αυτό μπορούν να υποστηρίζουν πολύ δυναμικότερες οικονομίες με υψηλότερους συντελεστές άμεσης φορολογίας και μη-μισθολογικού κόστους.","They can therefore support much more dynamic economies with higher rates of direct taxation and non-wage costs.","408",NA
"Οι επιβαρύνσεις του τελευταίου δεν εμποδίζουν την εξάπλωση της ζήτησης νέων θέσεων απασχόλησης γιατί συνοδεύονται από ενεργητικές πολιτικές σύνδεσης με την αγορά εργασίας, οι οποίες με την σειρά τους έχουν επαρκή χρηματοδότηση από τα κρατικά έσοδα.","The latter burdens do not prevent the spread of demand for new jobs because they are accompanied by active labour market linkage policies, which in turn are adequately financed from public revenues.","701",NA
"Στην περίπτωση της χώρας μας, φαίνεται ότι ""ανταλλάσσουμε"" την υστέρησή μας στα ζητήματα ποιότητας των θεσμών και της διακυβέρνησης με την μείωση των φορολογικών συντελεστών επί των κερδών, των μερισμάτων, αλλά επίσης και μια ντεφάκτο μείωση των εργοδοτικών εισφορών μέσω της συχνής αδιαφορίας για την είσπραξη τους.","In the case of our country, it seems that we ""exchange"" our lagging behind on issues of institutional quality and governance with a reduction in tax rates on profits, dividends, but also a de facto reduction in employer contributions through frequent indifference to their collection.","403",NA
"Το μήνυμα που δίνεται είναι ότι έχουμε στην ουσία ""παραιτηθεί"" από την προσπάθεια να αυξηθούν οι μισθοί και το διαθέσιμο εισόδημα των εργαζομένων μέσω της αναβάθμισης της παραγωγής και της παραγωγικότητας, την αύξηση της εγχώριας προστιθέμενης αξίας και την σταδιακή δημιουργία καλύτερων θέσεων εργασίας.","The message being sent is that we have essentially ""given up"" on trying to raise wages and disposable income of workers through upgrading production and productivity, increasing domestic value added and gradually creating better jobs.","701",NA
"Η σημερινή εικόνα της αγοράς εργασίας αποκαλύπτει ότι το 1/3 των μισθωτών του ιδιωτικού τομέα, σχεδόν 800.000 εργαζόμενοι, απασχολούνται με μερική απασχόληση και μέσους μηνιαίους μισθούς γύρω στα 400€ (μεικτά).","The current labour market picture reveals that one third of private sector employees, almost 800,000 workers, are employed on a part-time basis with average monthly wages of around €400 (gross).","402",NA
"Το δίλημμα για πολλούς είναι ανεργία, παραοικονομία ή υποαπασχόληση με συνθήκες εργασίας.","The dilemma for many is unemployment, the informal economy or underemployment with working conditions.","701",NA
"Ταυτόχρονα, τα φορολογικά ""παραθυράκια"" επιτρέπουν ώστε ο τεκμαρτός (θίίθοΐΐνθ) φορολογικός συντελεστής επί των κερδών να είναι ακόμη χαμηλότερος από τον ονομαστικό, με την συνδρομή των μεγάλων λογιστικών εταιρειών.","At the same time, the tax loopholes allow the imputed (thithoiith) tax rate on profits to be even lower than the nominal one, with the assistance of large accounting firms.","701",NA
"Η κατάσταση αυτή ευνοεί κατά κύριο λόγο τις δυνάμεις που κλείνουν το μάτι σε αυτούς που κερδίζουν από την ""ρηχή"" οικονομία της χώρας μας.","This situation primarily favours the forces that turn a blind eye to those who profit from our country's 'shallow' economy.","503",NA
"Όσο το 90% του ΑΕΠ είναι κατανάλωση, οι έμμεσοι φόροι θα χρηματοδοτούν κατά κύριο λόγο τις δημόσιες δαπάνες, η υποβάθμιση των θεσμών και της εμπιστοσύνης θα αντισταθμίζεται από την μείωση (ή την παράκαμψη) της άμεσης φορολογίας, χωρίς να επιτυγχάνεται μία εύρωστη και βιώσιμη σχέση εσόδων και δημοσίων δαπανών.","As long as 90% of GDP is consumption, indirect taxes will primarily finance public spending, the deterioration of institutions and confidence will be compensated by the reduction (or bypassing) of direct taxation, without achieving a robust and sustainable relationship between revenues and public spending.","408",NA
"Έτσι όμως ο κίνδυνος δημοσιονομικού εκτροχιασμού θα παραμονεύει σε κάθε εσωτερική δοκιμασία και διεθνή διαταραχή.","However, the risk of fiscal derailment will thus lurk in every domestic test and international disturbance.","403",NA
"3.3 Εύρωστη ανάπτυξη, όχι βραχυχρόνια κερδοσκοπία","3.3 Robust growth, not short-term speculation","H",NA
"Ο δρόμος αυτός, ωστόσο, είναι αδιέξοδος.","This path, however, is a dead end.","403",NA
"Ευνοεί μόνο την επιχειρηματικότητα με σημαία ευκαιρίας, καθώς και τα συνήθως βραχυχρόνια κερδοσκοπικά κεφάλαια - σε τομείς είτε χαμηλής στρατηγικής σημασίας για τη χώρα, είτε ""υπεραπόδοσης"" όπως οι εξαγορές ακινήτων και ξενοδοχείων, είτε εξαγορές μεριδίων επιχειρήσεων με προοπτικές υψηλής κερδοφορίας σε σύντομο χρονικό διάστημα.","It favours only flag-of-opportunity entrepreneurship, as well as usually short-term speculative funds - in sectors of either low strategic importance for the country, or ""over-performance"" such as real estate and hotel acquisitions, or acquisitions of stakes in companies with high profitability prospects in the short term.","403",NA
"Καμμία από αυτά τα είδη ευκαιριακών επενδύσεων δεν προσφέρει κάτι ουσιαστικό και μόνιμο στην παραγωγική αναβάθμιση της χώρας.","None of these types of opportunistic investments offer anything substantial and lasting in terms of the productive upgrading of the country.","403",NA
"Τα μακροπρόθεσμα επενδυτικά κεφάλαια σε παραγωγικούς τομείς, σπανίως κατευθύνονται σε χώρες χαμηλής θεσμικής ποιότητας, ανεξάρτητα από την φορολογία, ακόμα και αν επιχορηγηθούν από το κράτος με πολύ γενναίους όρους, εκτός αν αυτές έχουν αυταρχικά καθεστώτα που εγγυώνται την επενδυτική ""ασφάλεια"".","Long-term investment funds in productive sectors are rarely directed to countries of low institutional quality, regardless of taxation, even if they are subsidised by the state on very generous terms, unless they have authoritarian regimes that guarantee investment 'security'.","403",NA
"Είναι, αντίθετα, ένα καθοδικό σπιράλ, όπου η υποβάθμιση της θεσμικής ποιότητας θα απαιτεί ολοένα και μικρότερη φορολογία, διεύρυνση της παραοικονομίας και της διαφθοράς.","It is, instead, a downward spiral, where the deterioration of institutional quality will require ever lower taxation, expanding the underground economy and corruption.","403",NA
"Ευνοεί, επίσης, την αέναη συνέχιση της κομματικοποίησης και της δυσλειτουργίας της δημόσιας διοίκησης και την εξάρτησή της από την πολιτική βούληση του κόμματος που, κερδίζοντας τις εκλογές, παίρνει το κράτος ως λάφυρο και στη συνέχεια επικαλείται την αδυναμία του κρατικού μηχανισμού ως άλλοθι για τις δικές του πολιτικές αδυναμίες.","It also favours the perpetual continuation of the partisanship and dysfunction of the public administration and its dependence on the political will of the party that, after winning the elections, takes the state as a spoil and then invokes the weakness of the state apparatus as an alibi for its own political weaknesses.","303",NA
"Ο μοναδικός τρόπος για να μπορεί η χώρα να ανταπεξέλθει στις μεγάλες προκλήσεις, είναι να αποκτήσει στιβαρή δημοσιονομική λειτουργία, να επιδοθεί σε διαρκή αγώνα κατά της φοροδιαφυγής/αποφυγής και να εδραιώσει τη φορολογική ηθική στην κοινωνία και τους πολίτες.","The only way for the country to be able to cope with the major challenges is to have a robust fiscal operation, engage in a sustained fight against tax evasion/avoidance and establish a tax ethic in the society and citizens.","408",NA
"Αυτή είναι και η απαραίτητη προϋπόθεση για την δίκαιη κατανομή των βαρών και την καταπολέμηση των ανισοτήτων.","This is also a prerequisite for a fair distribution of burdens and the fight against inequalities.","503",NA
"Συνοψίζοντας, η ισχυρή οικονομία προϋποθέτει ποιότητα των θεσμών και της διακυβέρνησης και εμπιστοσύνη στον κρατικό μηχανισμό.","In summary, a strong economy requires quality institutions and governance and trust in the state apparatus.","303",NA
"Μόνο με την καταπολέμηση της παραοικονομίας και της μαύρης εργασίας, της αναβάθμισης των μισθών και των συνθηκών εργασίας, της δίκαιης κατανομής των βαρών και της ουσιαστικής καταπολέμησης των ανισοτήτων μπορεί να χρηματοδοτηθεί ένα βιώσιμο κοινωνικό κράτος, να γίνουν σύγχρονες υποδομές για τα δημόσια αγαθά και να θεμελιωθεί ένα παραγωγικό πλαίσιο για την ανάπτυξη της επιχειρηματικότητας και της απασχόλησης.","Only by combating the informal economy and undeclared work, upgrading wages and working conditions, sharing the burden fairly and effectively combating inequalities can a sustainable welfare state be financed, modern infrastructure for public goods be built and a productive framework for the development of entrepreneurship and employment be established.","408",NA
"Ένα εφικτό δημοσιονομικό και αναπτυξιακό μείγμα","A feasible fiscal and growth mix","414",NA
"Ί. Στόχοι Τα επόμενα χρόνια και με την υπόθεση ότι δεν χειροτερεύουν ουσιωδώς οι δημοσιονομικές πρακτικές, το δημόσιο χρέος της χώρας αναμένεται να περιοριστεί ως ποσοστό του ΑΕΠ εξαιτίας της επενέργειας τριών παραγόντων:","I. Objectives Over the next few years, and assuming no material deterioration in fiscal practices, the country's public debt is expected to be contained as a share of GDP due to the effect of three factors","414",NA
"(α) Την διατήρηση του μέσου κόστους εξυπηρέτησης του επίσημου χρέους στο 1,5% ετησίως για αρκετά ακόμα χρόνια μετά την συμφωνία του 2018.","(a) Maintaining the average cost of servicing official debt at 1.5% per annum for several more years after the 2018 agreement.","414",NA
"Ως γνωστόν, το επίσημο χρέος (δηλαδή προς τα κράτη και τους θεσμούς της ΕΕ) αποτελεί το μεγαλύτερο μέρος του ελληνικού δημόσιου χρέους.","As is well known, official debt (i.e. to EU states and institutions) constitutes the bulk of Greek public debt.","414",NA
"Κατά συνέπεια, η άνοδος των επιτοκίων στις αγορές θα επηρρεάσει μεν ανοδικά το επίπεδο πληρωμής τόκων για το μη-καλυπτόμενο μέρος του χρέους, όχι όμως ουσιωδώς για να ανατρέψει την ελεγχόμενη εξέλιξη του κόστους εξυπηρέτησης.","As a consequence, the rise in interest rates in the markets will have an upward effect on the level of interest payments on the non-covered part of the debt, but not significantly enough to reverse the controlled evolution of servicing costs.","414",NA
"(β) Την επίτευξη θετικών ρυθμών ανάπτυξης, αν και χαμηλότερων από τις προβλέψεις που είχαν διατυπωθεί προ του πολέμου στην Ουκρανία.","(b) The achievement of positive growth rates, albeit lower than projected before the war in Ukraine.","410",NA
"(γ) Την επικράτηση ρυθμών πληθωρισμού αισθητά υψηλότερων από αυτούς που επικρατούσαν την προπολεμική περίοδο.","(c) The prevalence of inflation rates substantially higher than those prevailing in the pre-war period.","414",NA
"Χάριν παραδείγματος, εάν την προσεχή πενταετία η οικονομία μεγεθύνεται με ένα ρυθμό της τάξεως του 2,5% κατά μέσο όρο, και ο πληθωρισμός τρέχει με 4% κατά μέσο όρο, τότε κάθε χρόνο η αυτογενής μεταβολή του επίσημου χρέους ως ποσοστό του ΑΕΠ θα είναι:","For example, if in the next five years the economy grows at an average rate of 2.5%, and inflation runs at an average of 4%, then each year the autogenous change in official debt as a percentage of GDP will be:","414",NA
"(1,5% - 2,5% - 4%)Χ(χρέος προηγούμενου έτους %ΑΕΠ)","(1.5% - 2.5% - 4%)X(previous year's debt %GDP)","414",NA
"Έτσι αν το επίσημο χρέος μία χρονιά είναι 160% του ΑΕΠ, η μείωση θα είναι 8 ποσοστιαίες μονάδες, αν είναι 100% του ΑΕΠ η αυτογενής μείωση θα είναι 5 μονάδες, κοκ.","So if the official debt in one year is 160% of GDP, the reduction will be 8 percentage points, if it is 100% of GDP the autogenous reduction will be 5 percentage points, etc.","414",NA
"Το μη-επίσημο χρέος (δηλαδή το δημόσιο που είναι εκτός των προνομιακών ρυθμίσεων επιτοκίου αλλά επίσης και το ιδιωτικό) θα βαρύνεται με τα αισθητά υψηλότερα νέα επιτόκια 4-6% και θα μεταβάλλεται σαφώς λιγότερο ως ποσοστό του ΑΕΠ: (4% - 2,5% - 4%)Χ(χρέος προηγούμενου έτους %ΑΕΠ)","Non-official debt (i.e. government debt that is outside the preferential interest rate arrangements but also private debt) will be subject to the significantly higher new interest rates of 4-6% and will change much less as a percentage of GDP: (4% - 2.5% - 4%)x(previous year's debt %GDP)","414",NA
"Έτσι αν το μη-επίσημο χρέος μία χρονιά είναι 60% του ΑΕΠ, η μείωση θα είναι 1,5 ποσοστιαίες μονάδες, αν είναι 100% του ΑΕΠ η αυτογενής μείωση θα είναι 2,5 μονάδες, κοκ.","So if non-official debt in one year is 60% of GDP, the reduction will be 1.5 percentage points, if it is 100% of GDP the autogenous reduction will be 2.5 points, etc.","414",NA
"Οι εξελίξεις αυτές δίνουν μεν μια ανάσα στην προοπτική του χρέους αλλά ενδέχεται να δημιουργήσουν απατηλές εντυπώσεις για την δημοσιονομική κατάσταση της χώρας και να παρασύρουν τις κυβερνήσεις σε ανεύθυνες σπατάλες που θα επαναφέρουν την ασφυξία και την υπερχρέωση στα δημόσια οικονομικά.","While these developments give a breathing space to the debt outlook, they may create illusory impressions of the country's fiscal situation and lure governments into irresponsible spending that will bring back suffocation and over-indebtedness in public finances.","414",NA
"Άλλωστε και το προνομιακό χαμηλό κόστος εξυπηρέτησης που ισχύει σήμερα, σε λίγα χρόνια θα εκπνεύσει!","Besides, the preferential low cost of servicing currently in force will expire in a few years!","414",NA
"Σταθερότητα και όχι προεκλογικός καιροσκοπισμός","Stability, not electoral opportunism","H",NA
"Για τους λόγους αυτούς πιστεύουμε ότι πρέπει να εγκαταλειφθεί ο δημοσιονομικός οπορτουνισμός και να υιοθετηθεί μια συστηματική πολιτική σταθερότητας με στόχο αφενός μεν τις ανάγκες της ελληνικής οικονομίας για διαρκή αναβάθμιση των επενδύσεων και ενίσχυση του κοινωνικού κράτους,","For these reasons, we believe that fiscal opportunism should be abandoned and a systematic policy of stability should be adopted, aiming on the one hand at the needs of the Greek economy for a permanent upgrading of investments and strengthening of the welfare state, and","407",NA
"καθώς και την ανάγκη για την εμπέδωση της αξιοπιστίας στην εξυπηρέτηση του υψηλού δημόσιου χρέους.","on the other hand at the need to consolidate the credibility of servicing the high public debt.","414",NA
"Σε αυτό το πλαίσιο, πιστεύουμε ότι πρέπει να συμφωνηθεί με την ΕΕ ένας μετριοπαθής δημοσιονομικός στόχος με πρωτογενή πλεονάσματα της τάζεως του +1% τουΑΕΠετηοίως έως το 2030.","In this context, we believe that a modest fiscal target with primary surpluses of +1% of GDP per annum by 2030 should be agreed with the EU.","414",NA
"Μέσα σε ένα τέτοιο πλαίσιο συστηματικής (και όχι σπασμωδικής όπως συνέβαινε μέχρι τώρα) δημοσιονομικής πολιτικής, θα υλοποιούνται πολιτικές για την συγκράτηση των καταναλωτικών δαπανών του δημοσίου, την αναδιάρθρωση της χρηματοδότησης των ΟΤΑ και την απρόσκοπτη υλοποίηση των επενδύσεων μέσω ευρωπαϊκών προγραμμάτων και εθνικής συμμετοχής, όπως συνοπτικά αναφέρεται παρακάτω:","Within such a framework of systematic (and not knee-jerk as has been the case so far) fiscal policy, policies will be implemented to contain public consumption expenditure, restructure the financing of local authorities and ensure the smooth implementation of investments through European programmes and national participation, as summarised below:","414",NA
"Όμως μακράν οι κυριότερες νέες πηγές χρηματοδότησης θα προέλθουν από νέα έσοδα, δηλαδή από την αναμόρφωση του φορολογικού συστήματος, το οποίο ακόμη και σήμερα παρά τις σοβαρές επιβαρύνσεις που επιβλήθηκαν κατά την διάρκεια των Μνημονίων εξακολουθεί να είναι πολύπλοκο, αναποτελεσματικό και τελικά άδικο για τους ειλικρινείς φορολογούμενους.","But by far the main new sources of funding will come from new revenues, namely from the reform of the tax system, which even today, despite the heavy burdens imposed during the Memoranda, is still complex, inefficient and ultimately unfair to honest taxpayers.","414",NA
"Σε αυτό τον τομέα, εστιάζονται οι κύριες δημοσιονομικές παρεμβάσεις μας και περιγράφονται ως εξής:","It is in this area that our main fiscal interventions are focused and described as follows:","414",NA
"4.2 Δημόσιες Δαπάνες","4.2 Public Expenditure","H",NA
"Αξιολόγηση δημοσίων δαπανών ανά συγκεντρωτική κατηγορία και φορέα από ανεξάρτητη Επιτροπή εμπειρογνωμόνων με την συμμετοχή ελεγκτικών εταιρειών διεθνούς κύρους.","Evaluation of public expenditure by aggregate category and entity by an independent panel of experts with the participation of internationally renowned audit firms.","414",NA
"Η αξιολόγηση περιλαμβάνει την περιγραφή βέλτιστων πρακτικών στην ΕΕ και σύγκριση των ελληνικών με αντίστοιχες ευρωπαϊκές επιδόσεις.","The evaluation includes a description of best practices in the EU and a comparison of Greek with corresponding European performance.","414",NA
"Η Επιτροπή λειτουργεί υπό την εποπτεία του Γ ραφείου Προϋπολογισμού της Βουλής και δημοσιοποιεί τα πορίσματα πριν την ψήφιση του επόμενου προϋπολογισμού.","The Commission operates under the supervision of the Budget Office of the Parliament and publishes its findings before the adoption of the next budget.","414",NA
"4.3 Χρηματοδότηση Αυτοδιοίκησης","4.3 Financing of local government","H",NA
"Πρόβλεψη ιδίων πόρων για τις Περιφέρειες και τους Δήμους, συνιστάμενους σε ανταποδοτικά τέλη για τις προσφερόμενες από αυτούς υπηρεσίες και ίδιους φόρους, εντός των ορίων του νόμου (όπως, εκτός από τα τέλη καθαριότητας και φωτισμού, το τέλος επιτηδεύματος, το τέλος κυκλοφορίας οχημάτων και ο φόρος ακίνητης περιουσίας).","Provision of own resources for the regions and municipalities, consisting of fees for the services they provide and own taxes, within the limits of the law (such as, in addition to the cleaning and lighting fees, the business tax, the vehicle registration fee and the real estate tax).","301",NA
"Για να λειτουργήσει το καθεστώς ιδίων πόρων αποτελεσματικά και βιώσιμα, απαιτείται νέα οριοθέτηση αρμοδιοτήτων, μεταξύ κεντρικής διοίκησης και τοπικής αυτοδιοίκησης, στο πλαίσιο μιας διοικητικής μεταρρύθμισης που θα εκκινεί αυτήν τη φορά από την καθιέρωση επιτελικής διοίκησης, με ταυτόχρονη αποκέντρωση, καθ’ ύλην ή κατά τόπο, των εκτελεστικών αρμοδιοτήτων του κεντρικού κράτους.","For the own resources system to work effectively and sustainably, a new delimitation of competences between central and local government is needed, in the context of an administrative reform, this time starting with the introduction of a centralised administration, while at the same time decentralising, either locally or locally, the executive powers of the central state.","301",NA
"Η μεταρρυθμιστική αυτή τομή στο διοικητικό μας σύστημα αποτελεί όρο όχι μόνο για την ανάκτηση της πολιτικής αυτονομίας και της θεσμικής αξιοπιστίας του, αλλά και για την επίτευξη μιας κατά το δυνατόν πιο αποτελεσματικής πολιτικής ως προς την αντιμετώπιση των κρίσεων και των συσσωρευμένων προβλημάτων.","This reform of our administrative system is a precondition not only for regaining its political autonomy and institutional credibility, but also for achieving a policy that is as effective as possible in dealing with crises and accumulated problems.","301",NA
"Αξιοποίηση ΕΣΠΑ και Ταμείου Ανάκαμψης για επενδύσεις","Utilising the NSRF and the Recovery Fund for investment","410",NA
"Για να αντιμετωπιστεί η έλλειψη εθνικών πόρων, πρέπει να στραφούμε συστηματικά και αποτελεσματικά στην έγκαιρη αξιοποίηση και εκταμίευση των πόρων των δύο αυτών ευρωπαϊκών ταμείων.","In order to address the lack of national resources, we must systematically and effectively turn to the timely use and disbursement of the resources of these two European funds.","410",NA
"Αυτό απαιτεί ένα σημαντικό ανασχεδιασμό δράσεων και διαδικασιών χρηματοδότησης και αξιολόγησης των επενδύσεων.","This requires a major redesign of actions and procedures for financing and evaluating investments.","410",NA
"Η έγκριση των Ταμείων Ανάκαμψης και Ανθεκτικότητας από το Ευρωπαϊκό Συμβούλιο τον Ιούλιο 2020, αποτέλεσε μια μεγάλη στιγμή τόσο για την πορεία της Ένωσης συνολικά όσο και για τις προοπτικές που άνοιγε σε κάθε χώρα για να μετασχηματιστεί τεχνολογικά με την ψηφικοποίηση και περιβαλλοντικά με την απανθρακοποίηση.","The adoption of the Recovery and Resilience Funds by the European Council in July 2020 was a major moment both for the Union as a whole and for the prospects it opened up for each country to transform itself technologically through digitalisation and environmentally through carbonisation.","410",NA
"Για την Ελλάδα, τα προβλεπόμενα κεφάλαια προβλέπονται της τάξεως των 32 δισεκ. Ευρώ, δηλαδή περίπου το 20% του ΑΕΠ εκείνης της χρονιάς (που το 2020 ήταν 165 δισεκ. Ευρώ με την ύφεση της πανδημίας)!","For Greece, the funds foreseen are in the order of EUR 32 billion. This is about 20% of that year's GDP (which in 2020 was 165 billion euros with the recession of the pandemic)!","410",NA
"Μεγάλο ποσόν, το οποίο θα μπορούσε να αντισταθμίσει ένα σημαντικό μέρος της από-επένδυσης που είχε γίνει στα χρόνια των Μνημονίων και μοιραία είχε οδηγήσει την ελληνική οικονομία να απωλέσει περίπου το 25% του ΑΕΠ.","A large amount, which could compensate for a significant part of the dis-investment that had taken place during the Memorandum years and had inevitably led the Greek economy to lose about 25% of GDP.","410",NA
"Πλην όμως τα πράγματα δεν εξελίχθηκαν σύμφωνα με τις προσδοκίες.","But things did not turn out as expected.","410",NA
"Η Ελλάδα - αλλά και κάμποσες άλλες χώρες της ΕΕ όπως η Πολωνία - βρέθηκαν προγραμματικά ανέτοιμες για να υποδεχθούν και να διοχετεύσουν τόσο σημαντικούς πόρους σε μεγάλα αναπτυξιακά έργα ή έστω σε δέσμες από μικρότερα έργα που θα είχαν κεντρικό συντονισμό και στόχευση συμβατή με τις ευρωπαϊκές προδιαγραφές.","Greece - and a few other EU countries such as Poland - found themselves programmatically unprepared to receive and channel such significant resources into large development projects or even bundles of smaller projects that would have been centrally coordinated and targeted in line with European standards.","410",NA
"Οι μεν ιδιωτικές επιχειρήσεις με την αρνητική εμπειρία που είχαν από την έλλειψη ρευστότητας του τραπεζικού συστήματος είχαν ξεμάθει τον μακροχρόνιο αναπτυξιακό σχεδίασμά και δεν μπορούσαν να ανταποκριθούν στις νέες απαιτητικές συνθήκες σε ελάχιστο χρόνο.","Private enterprises, with their negative experience of the banking system's lack of liquidity, had forgotten long-term development planning and could not respond to the new demanding conditions in a short time.","410",NA
"Ενώ ο δημόσιος τομέας, αποδεκατισμένος και αυτός από στελέχη και προγραμματικές υπηρεσίες, δεν μπορούσε να εφεύρει ένα μεγάλο στοκ αναπτυξιακών πρωτοβουλιών όσο φιλότιμα και αν προσπαθεί η νέο-ιδρυθείσα γραμματεία ΣΔΙΤ και ιδιωτικών επενδύσεων.","While the public sector, also decimated by staff and programmatic services, could not invent a large stock of development initiatives no matter how hard the newly established PPP and private investment secretariat tried.","410",NA
"Για να αντιμετωπιστεί αυτή η βραδύτητα στην προετοιμασία νέων σοβαρών επενδύσεων που θα άλλαζαν την πορεία της οικονομίας επιστρατεύτηκε η παραδοσιακή συνταγή να παραγεμίζεις ένα πρόγραμμα με ότι βρεις μπροστά σου μήπως και καταφέρεις και αποφύγεις την απώλεια κοινοτικών πόρων.","To address this slowness in preparing new serious investments that would change the course of the economy, the traditional recipe of padding a programme with whatever you can find in front of you in case you manage to avoid the loss of Community funds was enlisted.","410",NA
"Έτσι στην πρόσφατη δέσμη έργων που εξαγγέλθηκε τον Μάιο 2022, βλέπουμε πολλά μικρο- έργα τα οποία καμμία σχέση δεν έχουν με τον φιλόδοξο μετασχηματισμό της οικονομίας.","Thus, in the recent package of projects announced in May 2022, we see many micro-projects that have nothing to do with the ambitious transformation of the economy.","414",NA
"Εξαιρέσεις με σωστό προσανατολισμό υπήρξαν αρκετές, απλώς δεν είναι επαρκείς για να προσδώσουν στο Ταμείο Ανάκαμψης την δυναμική που έπρεπε να έχει.","There have been several exceptions with the right orientation, but they are just not enough to give the Recovery Fund the momentum it should have had.","414",NA
"Η δεύτερη προσέγγιση είναι να χαλαρώσουν τα κριτήρια ένταξης των έργων και να πρυτανεύσει μία γαλαντόμος εμπιστοσύνη προς τις επιχειρήσεις που θα σπεύσουν να αναζητήσουν το χρήμα χωρίς πολύ κόπο.","The second approach is to relax the criteria for project inclusion and to give way to a milquetoast confidence in businesses that will rush to seek the money without too much trouble.","410",NA
"Αν μία επιχείρηση αναλαμβάνει να χρηματοδοτήσει ένα επενδυτικό πρόγραμμα κατά 20%, μπορεί να το υποβάλλει προς αξιολόγηση σε μία τράπεζα για να λάβει το επόμενο 30% και μετά θα έλθει το Ταμείο Ανάκαμψης να καταβάλει το υπόλοιπο 50% χωρίς καμμία περαιτέρω αξιολόγηση της επένδυσης!","If a company undertakes to finance an investment project by 20%, it can submit it to a bank for appraisal to receive the next 30% and then the Recovery Fund will come in to pay the remaining 50% without any further appraisal of the investment!","402",NA
"Είναι πανεύκολο να υποθέσει κανείς πώς μία επιχείρηση μπορεί να κατεβάσει την πραγματική ιδία συμμετοχή της σε ελάχιστα επίπεδα.","It is easy as pie to assume how a company can bring down its actual equity participation to minimal levels.","402",NA
"Αλλά δεν είναι καν αυτός ο μεγαλύτερος κίνδυνος.","But this is not even the biggest risk.","410",NA
"Το μέγα ηθικό και οικονομικό ζήτημα είναι αν οι αξιολογήσεις λάβουν ή όχι υπόψη τους την συμπεριφορά των επιχειρήσεων που θα κάνουν τις αιτήσεις - και ιδίως των επιχειρηματιών - στην προγενέστερη φάση των Μη- Εξυπηρετούμενων-Δανείων (ΜΕΔ).","The big moral and economic issue is whether or not the assessments take into account the behaviour of the firms applying - and especially the entrepreneurs - in the earlier phase of the Non-Servicing Loans (NPLs).","414",NA
"Για αυτό το Ταμείο Ανάκαμψης πρέπει επειγόντως να αλλάξει κριτήρια αξιολόγησης για τα επενδυτικά προγράμματα και τους επιχειρηματίες που τα διεκδικούν.","This is why the Recovery Fund urgently needs to change its assessment criteria for investment programmes and the entrepreneurs who apply for them.","414",NA
"Διαφορετικά, αν κυριαρχήσουν οι αεριτζήδες θα στιγματίσουν μια από τις πιο φιλόδοξες αναπτυξιακές προσπάθειες ως άλλη μία βουτιά στα κρατικά ταμεία.","Otherwise, if the gas-guzzlers prevail, they will brand one of the most ambitious development efforts as another dip in government coffers.","414",NA
"Με τα γνωστά αποτελέσματα άλλων - όχι και τόσο πετυχημένων - περιόδων.","With the familiar results of other - not so successful - periods.","414",NA
"Τι πρέπει να γίνει σήμερα","What needs to be done today","H",NA
"Σήμερα η μόνη αναπτυξιακή πολιτική που μπορεί να προσδώσει μόνιμα κίνητρα για την αύξηση των ιδιωτικών επενδύσεων στο μέλλον,","Today, the only development policy that can provide permanent incentives to increase private investment in the future,","402",NA
"να ανορθώσει οριστικά την εθνική ανταγωνιστικότητα,","definitively restore national competitiveness,","410",NA
"να αναβαθμίσει τις αγορές προϊόντων και υπηρεσιών","upgrade product and service markets","403",NA
"και να καταρτίσει επαρκώς και επάξια το ανθρώπινο δυναμικό για να ανταπεξέλθει στις τεχνολογικές προκλήσεις",", and adequately and deservedly train human resources to meet technological challenges","411",NA
"και να διεκδικήσει ποιοτικές θέσεις εργασίας με αξιοπρεπείς αποδοχές είναι να διοχετευθεί ένα μεγάλο μέρος των πόρων του Ταμείου Ανάκαμψης σε μεγάλα αναπτυξιακά σχέδια και δίκτυα υποδομών τα οποία αλλάζουν ριζικά την σημερινή εικόνα υστέρησης της χώρας.","and claim quality jobs with decent wages is to channel a large part of the Recovery Fund resources into large development projects and infrastructure networks that radically change the current lagging image of the country.","701",NA
"Χαρακτηριστικά (αλλά όχι αποκλειστικά) παραδείγματα που θα μπορούσαν να εξεταστούν με την δέουσα επιμέλεια, αναλυτική κοστολόγηση και σοβαρότητα είναι μεταξύ άλλων και τα εξής:","Typical (but not exclusive) examples that could be considered with due diligence, detailed costing and seriousness include:","410",NA
"Εκτεταμένο σύγχρονο σιδηροδρομικό δίκτυο που θα άλλαζε τα μεταφορικά δεδομένα της χώρας και θα αποτελούσε καίρια συμβολή στο Πρόγραμμα Πράσινης Συμφωνίας (Green Deal).","An extensive modern rail network that would change the country's transport landscape and be a key contribution to the Green Deal Programme.","416.2",NA
"Εθνικά και διασυνοριακά δίκτυα μεταφοράς και διανομής ηλεκτρικής ενέργειας, τα οποία θα διευκόλυναν σημαντικά την διασύνδεση και εμπορευσιμότητα των ανανεώσιμων πηγών ενέργειας, την ευστάθεια του εθνικού συστήματος από τον κίνδυνο εθνικού ΰΙαοΕ-ουΐ, αλλά επίσης και την ασφαλή τροφοδοσία της εγχώριας ζήτησης από γειτονικές χώρες.","National and cross-border electricity transmission and distribution networks, which would greatly facilitate the interconnection and marketability of renewable energy sources, the stability of the national system from the risk of national ÿláoé-ui, but also the secure supply of domestic demand from neighbouring countries.","411",NA
"Ριζική αναμόρφωση του δημόσιου συστήματος υγείας με επαρκή αριθμό ΜΕΘ για την αντιμετώπιση μελλοντικών κρίσιμων αναγκών νοσηλείας, όπως περιγράφεται στο οικείο κεφάλαιο του Προγράμματος.","Radical overhaul of the public health system with sufficient numbers of ICUs to meet future critical hospitalisation needs, as described in the relevant chapter of the Programme.","504",NA
"Μια Συμμαχία του Νότου για το δημόσιο χρέος","A Southern alliance on public debt","414",NA
"Παράλληλα με την εθνική δημοσιονομική πολιτική, θεωρούμε ότι χρειαςεται και μια ευρυτερη συνεννόηση στο ττΛαισιο της ϋυρωςωνης για το ζήτημα του δημόσιου χρέους ώστε να μην υπάρξουν πάλι προβλήματα χρηματοδότησης του τα οποία δίνουν αφορμή για να οργανωθούν κερδοσκοπικές επιθέσεις, όπως έγινε με την κρίση χρέους.","Alongside national fiscal policy, we believe that a broader understanding is needed on the issue of public debt in order to avoid a return to the problems of its financing, which would give rise to speculative attacks, as was the case with the debt crisis.","414",NA
"Στην προσπάθεια αυτή πρέπει η χώρα μας να συντονιστεί και με τις άλλες χώρες του Ευρωπαϊκού Νότου, οι οποίες αντιμετωπίζουν παρεμφερή προβλήματα χρηματοδότησης χρέους και μάλιστα οξυμένα εξαιτίας της προβλεπόμενης ανόδου των επιτοκίων δανεισμού στις διεθνείς αγορές.","In this effort, our country must coordinate with the other countries of the European South, which are facing similar debt financing problems, and even more acutely because of the predicted rise in borrowing rates on the international markets.","414",NA
"Δημόσιο χρέος το 2021 στις χώρες της Ευρωζώνης ως % ΑΕΠ","Public debt in 2021 in the euro area countries as a % of GDP","H",NA
"Πηγή στοιχείων: Ameco, Eurostat","Data source: Ameco, Eurostat",NA,NA
"Έτσι σήμερα, εκτός από το πρόσφατο κύμα ακρίβειας, οι τέσσερις χώρες του ευρωπαϊκού Νότου μοιράζονται και μια άλλη αγωνία, πολύ πιο δυσάρεστη και μακροχρόνια.","So today, in addition to the recent wave of inflation, the four countries of the European South share another, much more unpleasant and long-lasting agony.","414",NA
"Τα τελευταία χρόνια, οι χώρες της Ελλάδας, Ιταλίας, Ισπανίας και Πορτογαλίας τυχαίνει να έχουν και το υψηλότερο δημόσιο χρέος στην ευρωζώνη ως ποσοστό του ΑΕΠ, όπως εύγλωττα δείχνει το σχετικό διάγραμμα.","In recent years, the countries of Greece, Italy, Spain and Portugal also happen to have the highest public debt in the euro area as a percentage of GDP, as the chart below eloquently shows.","414",NA
"Μακράν πιο βεβαρημένη περίπτωση βρίσκεται να είναι η Ελλάδα με δημόσιο χρέος που το 2021 άγγιξε το 203% του ΑΕΠ.","By far the most severe case is found to be Greece with public debt reaching 203% of GDP in 2021.","414",NA
"Έχει όμως ένα πλεονέκτημα γιατί στο μεγαλύτερο μέρος του είναι οφειλές προς κράτη και ευρωπαϊκούς οργανισμούς, άρα δεν κινδυνεύει να γίνει απαιτητό «εδώ και τώρα» με μαζικές ρευστοποιήσεις από τις ανυπόμονες αγορές όπως έγινε με την κρίση του 2010.","But it has an advantage because most of it is owed to sovereigns and European institutions, so it is not in danger of becoming due ""here and now"" with massive liquidations by impatient markets as happened with the 2010 crisis.","414",NA
"Επιπλέον οι δόσεις αποπληρωμής είναι σταθεροποιημένες σε βάθος χρόνου και προς το παρόν τουλάχιστον δεν εγείρουν αξεπέραστα προβλήματα διαχείρισης.","Moreover, the repayment instalments are stable over time and at least for the time being do not pose insurmountable management problems.","414",NA
"Δύο άλλες χώρες της τετράδας έχουν χρέος 128% του ΑΕΠ η Πορτογαλία και 121% του ΑΕΠ η Ισπανία.","Two other countries in the quartet have debts of 128% of GDP Portugal and 121% of GDP Spain.","414",NA
"Αν και τα επίπεδα αυτά είναι κοντά στο 127% που είχε προκαλέσει την ελληνική κρίση χρέους το 2010 και οδήγησε στα Μνημόνια, κανείς άμεσος κίνδυνος δεν φαίνεται να υφίσταται σήμερα για τις δύο Ιβηρικές χώρες, αν και κάποτε πρέπει να ξεκινήσει κάποια αποκλιμάκωση με τις κατάλληλες δημοσιονομικές διορθώσεις.","Although these levels are close to the 127% that caused the Greek debt crisis in 2010 and led to the Memoranda, no immediate risk seems to exist today for the two Iberian countries, although some deceleration with appropriate fiscal corrections should start at some point.","414",NA
"Το μεγάλο πρόβλημα προκύπτει όμως για το χρέος της Ιταλίας.","The big problem arises, however, for Italy's debt.","414",NA
"Στο 154% του ΑΕΠ το χρέος αντιπροσωπεύει 2,7 τρισεκ.","At 154% of GDP, the debt represents 2.7 trillion euro.","414",NA
"Ευρώ και συνιστά κίνδυνο πρώτου μεγέθους όχι μόνο για την συγκεκριμένη χώρα αλλά και για την Ευρωζώνη, αφού αποτελεί σχεδόν το 1Λ του συνολικού της χρέους.","It represents a risk of the first magnitude not only for this country but also for the Eurozone, since it accounts for almost 1L of its total debt.","414",NA
"Πάντως σε μικρότερο ή μεγαλύτερο βαθμό και οι τέσσερις χώρες του Νότου θα πρέπει στο προσεχές μέλλον να εφαρμόσουν περιοριστικές πολιτικές για να αναχαιτίσουν την περαιτέρω άνοδο του χρέους τους.","However, to a greater or lesser extent, all four southern countries will have to implement restrictive policies in the near future in order to stem the further rise in their debt.","414",NA
"Διαφορετικά θα υποχρεωθούν να δανείζονται με υψηλότερα επιτόκια, ιδιαίτερα τώρα που η Κεντρική Τράπεζα εγκαταλείπει την χαλαρή στάση που είχε μέχρι πρόσφατα υιοθετήσει με το πρόγραμμα εξαγοράς ομολόγων.","Otherwise, they will be forced to borrow at higher interest rates, especially now that the Central Bank is abandoning the lax stance it had until recently adopted with its bond-buying programme.","414",NA
"Τα υψηλότερα επιτόκια με την σειρά τους θα επηρρεάζουν αρνητικά την ανάπτυξη και έτσι χωρίς σημαντική άνοδο του ΑΕΠ το ποσοστό του χρέους θα ανεβαίνει ακόμα περισσότερο.","Higher interest rates will in turn have a negative impact on growth and so without a significant rise in GDP the debt ratio will rise even further.","414",NA
"Οι προειδοποιήσεις αυτές υπήρχαν ήδη από την εποχή της πανδημίας, πλην όμως όλοι περίμεναν ότι η «εκτόνωση ευφορίας» που θα ξεσπούσε με την λήξη της καραντίνας θα προκαλούσε μια σημαντική άνωση της ανάπτυξης και θα ελάφρυνε αισθητά την επιβάρυνση του χρέους.","These warnings were already in place at the time of the pandemic, but everyone expected that the 'euphoria relief' that would break out with the end of the quarantine would cause a significant upswing in growth and significantly ease the debt burden.","414",NA
"Παράλληλα, η διάθεση των κονδυλίων του Ταμείου Ανάκαμψης και Ανθεκτικότητας θα επαρκούσε τόσο για να προσδώσει ρευστότητα στην στριμωγμένη οικονομική δραστηριότητα όπως και για να χρηματοδοτήσει νέες και σύγχρονες υποδομές για τον μετασχηματισμό της σε πιο πράσινη, πιο ψηφιακή και πιο αυτόνομη κατεύθυνση.","At the same time, the allocation of the Recovery and Resilience Fund would be sufficient both to provide liquidity to the squeezed economic activity and to finance new and modern infrastructure to transform it in a greener, more digital and more autonomous direction.","414",NA
"Πριν όμως από την ουσιαστική αποκλιμάκωση της πανδημίας, ήλθε μια άλλη εξαιρετικά βίαιη κλιμάκωση της αβεβαιότητας με την εισβολή της Ρωσίας στην Ουκρανία.","But before the pandemic effectively subsided, another extremely violent escalation of uncertainty came with Russia's invasion of Ukraine.","414",NA
"Όπως συνέβη και στην Ελλάδα, παρατηρούνται σε όλες τις χώρες επιπτώσεις στον πληθωρισμό λόγω της αύξησης των τιμών ενέργειας.","As was the case in Greece, all countries are experiencing inflationary effects due to rising energy prices.","414",NA
"Ταυτόχρονα όμως οι συνέπειες του πολέμου θα αφήσουν ένα μεγάλο αποτύπωμα και στο δημόσιο χρέος εξαιτίας μιας νέας κούρσας εξοπλισμών που διαφαίνεται στον ορίζοντα σε ευρωπαϊκό επίπεδο, πέραν από τις μονομερείς απειλές που αντιμετωπίζει η χώρα μας λόγω Τουρκίας.","At the same time, however, the consequences of the war will also leave a large imprint on public debt due to a new arms race looming on the horizon at European level, in addition to the unilateral threats that our country faces from Turkey.","414",NA
"Η πρόσθετη επιβάρυνση του δημοσίου χρέους κάθε χώρας θα οφείλεται τώρα στην αύξηση των στρατιωτικών δαπανών είτε στο πλαίσιο αναβάθμισης του ΝΑΤΟ όπου ανήκουν και οι τέσσερις χώρες είτε στο νέο σχήμα της Στρατηγικής Πυξίδας που σχεδιάζει η ΕΕ και αναμένεται να επιταχυνθεί με την συγκυρία του πολέμου.","The additional burden on the public debt of each country will now be due to the increase in military spending either in the context of NATO upgrading where all four countries belong or in the new Strategic Compass scheme planned by the EU and expected to accelerate with the context of war.","414",NA
"Κατά συνέπεια, οι τέσσερις υπερχρεωμένες χώρες της Ευρωζώνης δεν πρέπει μόνο να ασχοληθούν με τις πολιτικές απομείωσης του ήδη συσσωρευμένου χρέους αλλά και αυτού που πρόκειται να σηκώσουν προσεχώς.","Consequently, the four indebted Eurozone countries must not only concern themselves with policies to reduce the debt already accumulated but also that which they are about to take on in the near future.","414",NA
"Είναι προφανές ότι και οι τέσσερις έχουν κοινό συμφέρον να επιοιωε,ουν μια κοινή ρεαΛίστικη μεταχείριση στην Ευρωςωνη, πέραν από συγκυριακές διευκολύνσεις.","It is obvious that all four have a common interest in receiving a common realistic treatment in the euro area, beyond the short-term relief.","414",NA
"Αυτό το οποίο ζητούν μερικοί απλώς να μην εγγράφονται οι αμυντικές δαπάνες στο δημοσιονομικό έλλειμμα είναι μεν χρήσιμο, αλλά έχει μόνο μια πρόσκαιρη λογιστική αξία για να αποφύγει μία χώρα τυχόν κυρώσεις από το Σύμφωνο Σταθερότητας.","What some are calling for simply not to include defence spending in the budget deficit is useful, but has only a temporary logistical value in order for a country to avoid any sanctions under the Stability Pact.","105",NA
"Μακροπρόθεσμα όμως καμμία ελάφρυνση δεν προκαλεί γιατί κάποτε η χώρα θα κληθεί να αποπληρώσει το χρέος που δημιουργήθηκε από δικό της δανεισμό.","In the long term, however, it does not provide any relief because at some point the country will have to repay the debt created by its own borrowing.","105",NA
"Χρειάζεται μια πολύ πιο ουσιαστική ανακούφιση των υπερχρεωμένων χωρών από τις επικείμενες αμυντικές δαπάνες και ταυτόχρονα μία συντονισμένη προσπάθεια για την ενίσχυση της οικονομικής ανάπτυξης.","What is needed is much more substantial relief for the indebted countries from the impending defence spending and at the same time a concerted effort to boost economic growth.","105",NA
"Δύο συγκεκριμένες προτάσεις προς την κατεύθυνση αυτή είναι οι ακόλουθες:","Two concrete proposals in this direction are as follows","105",NA
"(α) .Η στρατιωτική συνεισφορά κάθε χώρας στο ΝΑΤΟ ή την Πυξίδα να χρηματοδοτείται από αμιγώς κοινοτικούς πόρους αφού την κοινοτική άμυνα και ασφάλεια θα υπερασπίζεται.","(a) The military contribution of each country to NATO or Compass should be financed from purely Community resources since it is the Community's defence and security that it will defend.","105",NA
"Αυτό θα αφαιρούσε αυτομάτως σημαντικές δαπάνες εξοπλισμών και επιμελητείας, ιδιαίτερα από χώρες - όπως η Ιταλία και η Ελλάδα - που διατηρούν μεγάλο στρατό.","This would automatically remove significant armaments and curatorial expenditure, particularly from countries - such as Italy and Greece - which maintain large armies.","105",NA
"Οι δαπάνες θα πήγαιναν σε ένα κοινοτικό χρέος που θα ξεπληρωνόταν σταδιακά με κοινοτικούς φόρους (όπως ο φόρος άνθρακα) ή περιουσιακά στοιχεία της Κεντρικής Τράπεζας.","The spending would go into a Community debt that would be gradually repaid with Community taxes (such as the carbon tax) or Central Bank assets.","105",NA
"(β). Ταυτόχρονα με τη δημοσιονομική αυτοσυγκράτηση, οι χώρες του Νότου πρέπει να σχεδιάσουν κοινές παρεμβάσεις για την ενίσχυση των οικονομιών τους, ώστε να μειώσουν την επιβάρυνση του χρέους προς το ΑΕΠ.","(b) At the same time as fiscal restraint, the countries of the South should plan joint interventions to strengthen their economies in order to reduce the debt-to-GDP burden.","409",NA
"Μια προφανής επιλογή είναι να αξιοποιήσουν ένα μέρος από τα αμιγώς ευρωπαϊκά κονδύλια από κοινού με σχεδίασμά και πρωτοβουλίες για την διασύνδεση των υποδομών στις τέσσερις οικονομίες.","One obvious option is to use some of the purely European funds to jointly design and implement infrastructure interconnection initiatives in the four economies.","404",NA
"Ενεργειακή αποθήκευση, γραμμές μεταφοράς ηλεκτρισμού, κοινή διαπραγμάτευση καυσίμων και από κοινού ενεργειακά συμβόλαια με τρίτες χώρες είναι μερικά ενδεικτικά πεδία που μπορούν να υλοποιηθούν από τους τέσσερις και να χρηματοδοτηθούν από τα αντίστοιχα Ταμεία Ανάκαμψης.","Energy storage, electricity transmission lines, joint fuel trading and joint energy contracts with third countries are some indicative areas that can be implemented by the four and financed by their respective Recovery Funds.","411",NA
"Η υιοθέτηση παρόμοιων πολιτικών και η συνεργασία τους για να τα πραγματοποιήσουν θα σχηματίσει ένα πολύ ενδιαφέρον πολιτικό κεφάλαιο εντός της Ευρωζώνης, στο οποίο η Ελλάδα πρέπει να πρωτοστατήσει.","The adoption of such policies and their cooperation to implement them will form a very interesting political chapter within the Eurozone, in which Greece should take the lead.","108",NA
"2. ΕΝΑ ΔΙΚΑΙΟΤΕΡΟ ΦΟΡΟΛΟΓΙΚΟ ΣΥΣΤΗΜΑ","2. A FAIRER TAX SYSTEM","H",NA
"2.1. Σημερινές στρεβλώσεις","2.1. Current distortions","H",NA
"Σύμφωνα με όλες τις διαπιστώσεις και τις πρόσφατες εμπειρικές έρευνες, η Ελλάδα εξακολουθεί να έχει ένα από τα πιο αναποτελεσματικά και συνάμα επιβαρυντικά φορολογικά συστήματα στην Ευρωπαϊκή Ένωση.","According to all the findings and recent empirical research, Greece still has one of the most inefficient and at the same time burdensome tax systems in the European Union.","408",NA
"Το ελληνικό μίγμα φορολογικής πολιτικής παρουσιάζει εξαιρετικές στρεβλώσεις ακόμη και σε σχέση με τα δεδομένα των χωρών της Ανατολικής Ευρώπης που κατά τεκμήριο έχουν μικρότερη διάρκεια εφαρμογής.","The Greek tax policy mix shows extraordinary distortions even compared to the data of Eastern European countries, which are presumably shorter-lived.","408",NA
"Οι στρεβλώσεις αφορούν και τις δύο βασικές κατηγορίες φορολογικών πηγών, δηλαδή τόσο την άμεση όσο και την έμμεση φορολογία.","The distortions concern both main categories of tax sources, i.e. both direct and indirect taxation.","408",NA
"Στην άμεση φορολογία εισοδήματος τα προβλήματα εστιάζονται στην μεγάλη αποφυγή υποβολής φορολογικών δηλώσεων και την εκτεταμένη φοροδιαφυγή που κάτι τέτοιο συνεπάγεται.","In direct income taxation the problems focus on the high level of tax avoidance and the extensive tax evasion that this entails.","408",NA
"Παρά τις βελτιώσεις που σημειώθηκαν πρόσφατα για να αμβλυνθούν ορισμένες επιβαρύνσεις που είχαν επιβληθεί ιδιαίτερα με το Γ'","Despite recent improvements to alleviate some of the burdens imposed in particular by the Third","408",NA
"Μνημόνιο, η φορολογία εισοδήματος εξακολουθεί να χαρακτηρίζεται από έντονες στρεβλώσεις σε βάρος των μεσαίων εισοδημάτων και μεγάλη πολυπλοκότητα με τους πολλούς συντελεστές.","Memorandum, income taxation is still characterised by strong distortions to the detriment of middle incomes and high complexity with multiple rates.","408",NA
"Στόχος πρέπει να είναι η ελάφρυνση του φορολογικού βάρους και η απλοποίηση των διαδικασιών.","The aim should be to reduce the tax burden and simplify procedures.","408",NA
"Ακόμα πιο εξόφθαλμη στρέβλωση παρατηρείται όμως στην έμμεση φορολογία.","However, even more blatant distortions are evident in indirect taxation.","408",NA
"Σύμφωνα με τα συγκριτικά στοιχεία της Ευρωπαϊκής Επιτροπής η Ελλάδα ενώ έχει τον 3ο υψηλότερο ονομαστικό κύριο συντελεστή ΦΠΑ στην Ευρωπαϊκή Ένωση κατατάσσεται 15η σε έσοδα από Φόρους Προστιθέμενης Αξίας ως ποσοστό του ΑΕΠ.","According to the European Commission's comparative data, Greece, while having the 3rd highest nominal main VAT rate in the European Union, ranks 15th in terms of Value Added Tax revenues as a percentage of GDP.","408",NA
"Επιπλέον, ενώ είναι τρίτη σε έσοδα από φόρους επί της κατανάλωσης ως ποσοστό του ΑΕΠ, κάτι που προκαλεί μια από τους μεγαλύτερους λόγους έμμεσων και άμεσων φόρων ανάμεσα στις χώρες της Ευρωπαϊκής Ένωσης και του ΟΟΣΑ, εν τέλει ο τεκμαρτός συντελεστής φορολόγησης της κατανάλωσης υπολογίζεται στο 17,7% και κατατάσσει τη χώρα μας στη 19η θέση ανάμεσα σε αυτές της ΕΕ.","Moreover, while it is third in consumption tax revenues as a percentage of GDP, which causes one of the highest ratios of indirect and direct taxes among EU and OECD countries, in the end the implicit consumption tax rate is estimated at 17.7% and ranks our country 19th among EU countries.","408",NA
"Τα στοιχεία αυτά υποδηλώνουν εξαιρετικά χαμηλή εισπραξιμότητα των φόρων κατανάλωσης που επιβεβαιώνεται και από πλειάδα εγχώριων ερευνών.","These figures indicate extremely low collectability of excise taxes, which is confirmed by a number of domestic surveys.","408",NA
"Σύμφωνα με την Ευρωπαϊκή Επιτροπή, το λεγόμενο «χάσμα έμμεσης φορολογίας», δηλαδή ο οφειλόμενος αλλά ανείσπρακτος από τις φορολογικές αρχές ΦΠΑ στην Ελλάδα","According to the European Commission, the so-called ""indirect tax gap"", i.e. VAT due but not collected by the tax authorities in Greece","408",NA
"(Ν/ΑΤ Οθρ), ήταν το δεύτερο μεγαλύτερο στην ΕΕ και υπολογίζεται γύρω στο 25,8% της συνολικής φορολογικής οφειλής ΦΠΑ.","(N/AT OTR), was the second largest in the EU and is estimated at around 25.8% of the total VAT tax liability.","408",NA
"Αυτό αντιπροσωπεύει ένα ποσόν της τάξεως των 5,35 δισ.","This represents an amount of around EUR 5.35 billion.","408",NA
"Ευρώ, δηλαδή άνω του 2,5% του ΑΕΠ.","Euro, i.e. more than 2.5% of GDP.","408",NA
"Η ανάκτηση της φορολογικής αυτής απώλειας θα δημιουργούσε σημαντικά νέα περιθώρια στην δημοσιονομική πολιτική και μία αποτελεσματική μέθοδος είναι η επέκταση των ηλεκτρονικών συναλλαγών, όπως περιγράφεται στην συνέχεια.","Recovering this tax loss would create significant new scope for fiscal policy and one effective method is to expand electronic transactions, as described below.","408",NA
"2. Γενίκευση ηλεκτρονικών πληρωμών","2. Generalisation of electronic payments","H",NA
"Η αύξηση της αξίας των ηλεκτρονικών πληρωμών έχει θετική επίδραση όχι μόνο στην εισπραξιμότητα του ΦΠΑ, των υπόλοιπων φόρων κατανάλωσης αλλά και των φόρων εισοδήματος.","The increase in the value of electronic payments has a positive effect not only on the collectability of VAT, other excise taxes and income taxes.","409",NA
"Μάλιστα οι προοπτικές για τα δημόσια έσοδα είναι πολύ μεγάλες αν συνυπολογιστεί συνδυαστικά ότι για το έτος 2019 σύμφωνα με το ΙΟΒΕ η συνολική χρήση καρτών ως ποσοστό της ιδιωτικής κατανάλωσης παραμένει 18,4 ποσοστιαίες μονάδες κάτω από τον μέσο όρο της ΕΕ.","In fact, the prospects for public revenues are very high if one takes into account the fact that for the year 2019 according to IOBE the total use of cards as a percentage of private consumption remains 18.4 percentage points below the EU average.","409",NA
"Η Τράπεζα της Ελλάδος έχει εκτιμήσει ότι μια αύξηση στο μερίδιο της ιδιωτικής καταναλωτικής δαπάνης που πραγματοποιείται μέσω πλαστικού χρήματος κατά μια ποσοστιαία μονάδα οδηγεί σε αύξηση των εσόδων ΦΠΑ κατά περίπου 1% το πρώτο έτος, η οποία μακροπρόθεσμα μπορεί να ανέλθει έως 6%.","The Bank of Greece has estimated that a one percentage point increase in the share of private consumption expenditure carried out through plastic money leads to an increase in VAT revenues of around 1% in the first year, which in the long term could rise to 6%.","409",NA
"Κατά συνέπεια, μία ασφαλής μέθοδος για την μείωση των υπέρμετρων επιβαρύνσεων έμμεσης φορολογίας, χωρίς τον κίνδυνο κατάρρευσης των κρατικών εσόδων, είναι η εφαρμογή πολιτικών που αυξάνουν την εισπραξιμότητα τους και δίνουν έτσι το περιθώριο μείωσης των συντελεστών.","Therefore, a safe method to reduce excessive indirect tax burdens without the risk of a collapse of government revenues is to implement policies that increase their collectability and thus give room for rate reductions.","409",NA
"Κλειδί σε μία τέτοια προσπάθεια είναι η απευθείας είσπραξη τους μέσω των ηλεκτρονικών συναλλαγών.","Key to such an effort is their direct collection through electronic transactions.","409",NA
"Στην Ελλάδα η επιβολή των κεφαλαιακών περιορισμών το 2015, παρά τις καταστροφικές συνέπειες σε πολλά άλλα επίπεδα, έδωσε μια σημαντική ώθηση στην αξία των ηλεκτρονικών πληρωμών και πρωτίστως αυτών που πραγματοποιούνται με τη χρήση χρεωστικών ή πιστωτικών καρτών.","In Greece, the imposition of capital restrictions in 2015, despite the disastrous consequences at many other levels, gave a significant boost to the value of electronic payments, primarily those made using debit or credit cards.","409",NA
"Ωστόσο η χώρα μας παραμένει από τις τελευταίες στην ΕΕ σε αξία ηλεκτρονικών πληρωμών ως ποσοστό της ιδιωτικής κατανάλωσης με το ρυθμό ετήσιας αύξησης της μάλιστα να σημειώνει κάμψη παρά τα κυβερνητικά μέτρα ενίσχυσης των ηλεκτρονικών πληρωμών που υιοθετήθηκαν και από την Κυβέρνηση του ΣΥΡΙΖΑ και της ΝΔ.","However, our country remains among the last in the EU in the value of electronic payments as a percentage of private consumption, with the annual growth rate even declining despite the government measures to boost electronic payments adopted by the SYRIZA and ND governments.","409",NA
"Η εμφανής υστέρηση της χώρας όμως είναι ταυτόχρονα και μια ευκαιρία καθώς μια σοβαρή ενίσχυση των ηλεκτρονικών πληρωμών ως ποσοστό της κατανάλωσης και εν γένει του ΑΕΠ μπορεί να εξασφαλίσει δημοσιονομικό χώρο τόσο για διόρθωση του φορολογικού μίγματος προς μια πιο κοινωνικά δίκαιη κατεύθυνση αλλά και για την εξασφάλιση πόρων για την ενίσχυση του κοινωνικού κράτους.","However, the country's apparent lag is also an opportunity, as a serious strengthening of electronic payments as a percentage of consumption and GDP in general can ensure fiscal space both for correcting the tax mix in a more socially just direction and for securing resources for strengthening the welfare state.","409",NA
"Το ΠΑΣΟΚ-Κίνημα Αλλαγής προτείνει μια κοινωνική συμφωνία με τους πολίτες ώστε η χώρα να καταστεί μια από τις πρώτες σε αριθμό αξία ηλεκτρονικών πληρωμών ως ποσοστό της ιδιωτικής κατανάλωσης και αντιστοίχως με τα χαμηλότερα ελλείμματα ΦΠΑ.","The PASOK-Movement for Change proposes a social agreement with citizens to make the country one of the first in terms of the value of electronic payments as a percentage of private consumption and accordingly with the lowest VAT deficits.","305.1",NA
"Αυτός ο στόχος δεν είναι ακατόρθωτος.","This goal is not impossible.","409",NA
"Ήδη επετεύχθη από την Πορτογαλία η οποία μέσα σε διάστημα λίγων ετών βρέθηκε από τις τελευταίες θέσεις στη χρήση ηλεκτρονικών πληρωμών ανάμεσα στις πρώτες της ΕΕ, με τις πληρωμές σε ρευστό να έχουν υποχωρήσει κάτω από το 50% των συνολικών.","It has already been achieved by Portugal, which in a few years has gone from the bottom of the league table in the use of electronic payments to the top in the EU, with cash payments falling below 50% of the total.","409",NA
"Γ ια να επιτευχθεί ο στόχος απαιτούνται μια σειρά από ισχυρά κίνητρα πρωτίστως στους καταναλωτές αλλά και στις επιχειρήσεις.","Achieving the target requires a number of strong incentives, primarily for consumers but also for businesses.","409",NA
"Είναι προφανές ότι τα υφιστάμενα μέτρα που προβλέπει ο Κώδικας Φορολογίας Εισοδήματος, είτε αυτά που είναι συνδεδεμένα με το αφορολόγητο είτε τα θετικά κίνητρα για τους καταναλωτές που προστέθηκαν από τον ν.4876/2021 δεν είναι επαρκή.","It is clear that the existing measures provided for in the Income Tax Code, either those linked to the tax-free threshold or the positive incentives for consumers added by Law 4876/2021, are not sufficient.","409",NA
"Στη θέση τους προτείνουνε έναν μηχανισμό ανταπόδοσης τόσο σε ατομικό επίπεδο με μεμονωμένα κίνητρα στους φορολογούμενους για τις ηλεκτρονικές πληρωμές που πραγματοποιούν όσο και σε συλλογικό επίπεδο με προβλέψεις για μειώσεις των φορολογικών συντελεστών όταν επιτευχθούν οι στόχοι αύξησης της φορολογητέας ύλης και δημοσίων εσόδων που θα προέρχεται από την αξιοποίηση των ηλεκτρονικών μέσων πληρωμής τους.","In their position, they propose a payback mechanism both at the individual level with individual incentives to taxpayers for electronic payments and at the collective level with provisions for reductions in tax rates when the objectives of increasing taxable income and public revenues from the use of electronic means of payment are achieved.","409",NA
"Ειδικότερα για να δοθεί σημαντική ώθηση στις ηλεκτρονικές πληρωμές προτείνεται η κλιμάκωση των κινήτρων μέσω του διαχωρισμού των πληρωμών για δαπάνες με αγορές αγαθών και λήψης υπηρεσιών σε τρεις κατηγορίες, ανάλογα με το κίνδυνο φοροδιαφυγής στις κατηγορίες αυτές.","In particular, in order to give a significant boost to electronic payments, it is proposed to scale incentives by separating payments for expenditure on purchases of goods and services into three categories, depending on the risk of tax evasion in these categories.","409",NA
"Το ύψος των εκπτώσεων των ηλεκτρονικών θα κλιμακώνεται με τρόπο που οι συντελεστές που θα επιστρέφουν ακόμα και ολόκληρο τον εισπραττόμενο ΦΠΑ ως μελλοντική έκπτωση του φόρου εισοδήματος για τους φορολογούμενους στις στην κατηγορία υψηλού κινδύνου φοροδιαφυγής.","The amount of the electronic rebates will be scaled in such a way that the rates will even refund the entire VAT collected as a future income tax deduction for taxpayers in the high tax evasion risk category.","409",NA
"Παράλληλα ανάλογες κλιμάκωση ανά κατηγορία δαπανών θα χορηγείται και στα μερίδια της φορολοταρίας η οποία ωστόσο σύμφωνα με τα διεθνή πρότυπα πρέπει να μοιράζει ως «δώρα» μεγαλύτερα ποσά σε λιγότερους φορολογούμενους ή ακόμα και δώρα από τα κατασχεμένα οχήματα ή ακίνητα από την ΑΑΔΕ.","At the same time, similar scaling by expenditure category will also be granted to the shares of the tax lottery which, however, according to international standards must distribute as ""gifts"" larger amounts to fewer taxpayers or even gifts of seized vehicles or properties by the AADE.","409",NA
"Επιπλέον κίνητρα θα χορηγηθούν και σε νομικά και φυσικά πρόσωπα που παρέχουν αγαθά και υπηρεσίες μέσω της ετήσιας κατάταξης τους σε κατηγορίες οι οποίες κλιμακωτά θα εξασφαλίζουν προνομιακή πρόσβαση σε σύστημα γρήγορης εκκαθάρισης και επιστροφής ΦΠΑ, στα συστήματα έμμεσων τεχνικών ελέγχου αλλά και συμμετοχή σε σύστημα κλήρωσης δώρων κατάλληλα για νομικά πρόσωπα όπως κατασχεμένα οχήματα ή ακίνητα.","Additional incentives will also be granted to legal and natural persons providing goods and services through their annual classification in categories which will provide preferential access to a system of fast VAT clearance and refund, indirect technical control systems and participation in a lottery system of gifts suitable for legal persons such as impounded vehicles or real estate.","409",NA
"Ένα ακόμη κίνητρο που θα μπορούσε να αξιοποιηθεί για την προώθηση των ηλεκτρονικών πληρωμών θα μπορούσε να είναι η άμεση έκπτωση επί της αξίας ή επιστροφής μετρητών για πληρωμή με κάρτα ειδικά για τις κατηγορίες υψηλού ρίσκου φοροδιαφυγής.","Another incentive that could be used to promote electronic payments could be a direct discount on the value or cash refund for card payments especially for high risk tax evasion categories.","409",NA
"Ωστόσο αυτό το μέτρο πρέπει να συνδεθεί με την ολοκλήρωση της, ουκ ολίγες φορές εξαγγελθείσας, διασύνδεσης όλων των ταμειακών μηχανών και φορολογικών μηχανισμών απευθείας με το ΤΑΧΙδηοΐ.","However, this measure should be linked to the completion of the oft-announced interconnection of all cash registers and fiscal mechanisms directly with the TAPI.","409",NA
"Προϋπόθεση αυτού είναι ένα αξιόπιστο σύστημα διασταυρώσεων και ελέγχων για την εξακρίβωση της ορθής χρήση των Ρ05 και της διασύνδεσης τους με τις ταμειακές μηχανές.","A prerequisite for this is a reliable system of cross-checks and controls to verify the correct use of the P05s and their interconnection with cash registers.","414",NA
"Όλα τα παραπάνω πρέπει να συνδυαστούν κατάλληλα και με τα κίνητρα που προσφέρονται από το τραπεζικό σύστημα για την επέκταση των ηλεκτρονικών πληρωμών σε επιχειρήσεις και καταναλωτές.","All of the above should be properly combined with the incentives offered by the banking system to expand electronic payments to businesses and consumers.","414",NA
"Η εφαρμογή αυτής της κοινωνικής συμφωνίας και του εθνικού στόχου για τις ηλεκτρονικές πληρωμές που προτείνει το ΠΑΣΟΚ- Κίνημα Αλλαγής μπορεί, μειώνοντας δραστικά τη φοροδιαφυγή, να αναμορφώσει το σύνολο της φορολογικής πολιτικής της χώρας αλλά και να εξασφαλίσει διαθέσιμους πόρους για τη στήριξη ενός σύγχρονου κοινωνικού κράτους.","The implementation of this social agreement and the national target for electronic payments proposed by PASOK-Movement for Change can, by drastically reducing tax evasion, reform the whole of the country's tax policy and ensure that resources are available to support a modern welfare state.","414",NA
"Ανισότητες εισοδήματος και πλούτου","Income and wealth inequalities","503",NA
"Ο συντελεστής ανισότητας Οίηϊ παρουσίασε σημαντικές αυξομειώσεις στην Ελλάδα κατά την δεκαετία της κρίσης 2010-2020.","The Oei inequality coefficient fluctuated significantly in Greece during the decade of the 2010-2020 crisis.","503",NA
"Το 2014, άγγιξε το υψηλότερο επίπεδο ως αποτέλεσμα της βίαιης μείωσης των μισθών μέσω της «εσωτερικής υποτίμησης», μετά όμως το 2015άρχισε να υποχωρεί τόσο λόγω της εφαρμογής μιας έντονης επιδοματικής πολιτικής που ευνόησε τα χαμηλά εισοδήματα όσο και λόγω της φορολογικής επιβάρυνσης που αφαίμαξε τα πραγματικά εισοδήματα των μικρομεσαίων.","In 2014, it reached its highest level as a result of the violent wage reduction through the ""internal devaluation"", but after 2015 it started to decline both due to the implementation of a strong subsidy policy that favoured low incomes and due to the tax burden that drained the real incomes of the small and medium sized enterprises.","503",NA
"Ειδικά το 2019 κατέγραψε την χαμηλότερη τιμή από την έναρξη της κρίσης ως αποτέλεσμα της αλλεπάλληλης χορήγησης επιδομάτων προς χαμηλόμισθους κατά την προεκλογική περίοδο.","In particular, 2019 recorded the lowest value since the beginning of the crisis as a result of the successive granting of allowances to low-income earners during the election period.","503",NA
"Το 2020 σημειώνεται αντιστροφή τάσης και ανέρχεται στο 31,4%, η έκτη μεγαλύτερη στην ΕΕ.","In 2020, the trend reverses to 31.4%, the sixth highest in the EU.","503",NA
"Κατά την τελευταία δεκαετία, το 1% των πλουσιότερων Ελλήνων συγκέντρωσαν επιπλέον 10% του μεριδίου του συνολικού εθνικού πλούτου (από 15% το 2010 σε 25% το 2020) - μερίδιο που συνεχίζει να έχει ανοδική πορεία.","Over the last decade, the richest 1% of Greeks have accumulated an additional 10% of the share of total national wealth (from 15% in 2010 to 25% in 2020) - a share that continues to rise.","503",NA
"Το 10% των πλουσιότερων Ελλήνων κατέγραψε ισόποση αύξηση του μεριδίου συνολικού εισοδήματος.","The 10% of the richest Greeks recorded an equal increase in their share of total income.","503",NA
"Αντιθέτως, για το λιγότερο ευνοημένο 50% των Ελλήνων το μερίδιο στο σύνολο του εθνικού πλούτου έγινε αρνητικό -1.8%, με το συνολικό χρέος νοικοκυριών να ξεπερνά τον πλούτο του!","On the contrary, for the least favoured 50% of Greeks, the share in total national wealth became negative -1.8%, with total household debt exceeding their wealth!","503",NA
"Η μείωση του καθαρού εισοδήματος από εργασία στην Ελλάδα το 2020 ήταν η δεύτερη μεγαλύτερη στην ΕΕ μετά την Μάλτα - στο 7% - υπερδιπλάσια του μέσου όρου της Ένωσης","The decline in net earned income in Greece in 2020 was the second largest in the EU after Malta - at 7% - more than double the EU average","503",NA
"Παρά τις συνθήκες επίμονης υψηλής ανισότητας πλούτου και πιέσεων στα δημόσια οικονομικά όπως κατά την πανδημία του ΟΟνΐϋ-19, τα φορολογικά έσοδα από φόρους κληρονομιάς, περιουσίας και δωρεών στην Ελλάδα - ένα από τα σημαντικότερα εργαλεία αντιμετώπισης της ανισότητας ευκαιριών - αποτελούν μόλις το 0,19% των συνολικών φορολογικών εσόδων: είναι το τέταρτο χαμηλότερο ποσοστό στον ΟΟΣΑ όπου ο μέσος όρος είναι υπερδιπλάσιος (0,53%), ενώ σε χώρες όπως στη Γαλλία 7 φορές μεγαλύτερο.","Despite conditions of persistent high wealth inequality and pressures on public finances such as during the HONY-19 pandemic, tax revenues from inheritance, property and gift taxes in Greece - one of the most important tools to address inequality of opportunity - account for only 0.19% of total tax revenues: is the fourth lowest in the OECD where the average is more than double (0.53%), while in countries such as France it is 7 times higher.","503",NA
"Γ ια να αντιμετωπιστούν τα παραπάνω φαινόμενα στην Ελλάδα και να αποδοθεί μεγαλύτερη δικαιοσύνη ανάμεσα στις διάφορες κατηγορίες φορολογουμένων, χρειάζεται να εισαχθούν νέα φορολογικά μέτρα όπως εξηγείται στην συνέχεια.","In order to address these phenomena in Greece and to achieve greater fairness between the different categories of taxpayers, new tax measures need to be introduced, as explained below.","503",NA
"(α) Φορολογία εισοδήματος","(a) Income taxation","H",NA
"Η Νέα Δημοκρατία πρόβαλε ως βασικό συστατικό του προεκλογικού προγράμματος της το 2019 τις φοροαπαλλαγές.","New Democracy has put forward tax exemptions as a key component of its 2019 election platform.","305.1",NA
"Ωστόσο κατά τη διακυβέρνηση της, υπήρξε εξαιρετικά γαλαντόμος κυρίως στις απαλλαγές στους φορολογούμενους που τις χρειάζονταν λιγότερο.","However, during its administration, it has been extremely lenient mainly on exemptions for taxpayers who needed them less.","305.1",NA
"Έτσι μεγάλου μεγέθους φορολογικές απαλλαγές θεσπίστηκαν για τις αμοιβές σε μπόνους, καθώς και για τα μερίσματα (με τη φορολογία τους να μειώνεται από 10% σε 5%, τη δεύτερη χαμηλότερη στην Ευρώπη, επιπλέον της μείωσης της φορολογίας που είχαν τα νομικά πρόσωπα που αποδίδουν τα μερίσματα).","Thus large-scale tax exemptions were introduced for bonus payments, as well as for dividends (with their tax rate reduced from 10% to 5%, the second lowest in Europe, in addition to the tax cut for legal entities paying dividends).","305.1",NA
"Άγνωστο για ποιους λόγους, ευνοϊκή φορολόγηση εξασφαλίστηκε επίσης για ποδοσφαιριστές και προπονητές.","Unknown for what reasons, favourable tax treatment was also secured for footballers and coaches.","305.1",NA
"Κορωνίδα των μειώσεων υπήρξαν η αύξηση του αφορολόγητου στις δωρεές περιουσίας σε κάθε τέκνο έως 800.000 ευρώ καθώς και η κατάργηση του συμπληρωματικού ΕΝΦΙΑ που είχε αποτέλεσμα την ελάφρυνση κατά 350 εκ. ευρώ κυρίως σε νοικοκυριά με μεγάλη και πολύ μεγάλη ακίνητη περιουσία.","The cone of reductions was the increase in the tax-free amount on gifts of property to each child up to 800,000 euros and the abolition of the supplementary ENFIA, which resulted in a relief of 350 million euros, mainly for households with large and very large real estate.","305.1",NA
"Επιπλέον η Νέα Δημοκρατίας θέσπισε τέσσερα ευνοϊκά φορολογικά πλαίσια για κατοίκους εξωτερικού:","In addition, the New Democracy introduced four favourable tax frameworks for foreign residents:","305.1",NA
"(α) μέσα από τον θεσμό του «διαμένοντος μη-κατοίκου» (Non-Dom),","(a) through the institution of the ""resident non-dom"" (Non-Dom);","305.1",NA
"(β) με την εναλλακτική φορολόγηση εισοδήματος κατά 7% σε συνταξιούχους της αλλοδαπής οι οποίοι μεταφέρουν τη φορολογική κατοικία τους στη χώρα μας,","(b) through the alternative income tax of 7% on foreign pensioners who transfer their tax residence to Greece;","305.1",NA
"(γ) φορολογικά κίνητρα προσέλκυσης αλλοδαπών και ελλήνων εργαζόμενων και αυτοαπασχολούμενων του εξωτερικού, με απαλλαγή κατά 50% από τον φόρο εισοδήματος και την ειδική εισφορά αλληλεγγύης για διάστημα έως 7 έτη υπό την προϋπόθεση πλήρωσης νέας θέσης μισθωτής εργασίας ή έναρξης νέας δραστηριότητας,","(c) tax incentives to attract foreign and Greek expatriate workers and self-employed, with a 50% exemption from income tax and special solidarity contribution for a period of up to 7 years, provided that a new job is filled or a new activity is started,","305.1",NA
"και τέλος (δ) για τη λειτουργία εταιρειών ειδικού σκοπού διαχείρισης οικογενειακής περιουσίας (Family offices).","and finally (d) for the operation of special purpose family offices.","305.1",NA
"Ωστόσο τα εν λόγω πλαίσια εκτός από το ότι θέτουν την χώρα σε ένα διεθνώς καταδικαστέο φορολογικό ανταγωνισμό που αποδεικνύεται τελικά επιζήμιος για όλα τα κράτη (racetothebottom), δεν φαίνεται να έχει παρά αμελητέα ουσιαστικά οφέλη για την ελληνική οικονομία μέσα τουλάχιστον από μια ανάλυση των απολογιστικών δεδομένων που δόθηκε πρόσφατα από το Υπουργείο Οικονομικών.","However, these frameworks, apart from placing the country in an internationally condemnable tax competition that turns out to be ultimately detrimental to all states (racetothebottom), seem to have only negligible substantive benefits for the Greek economy through at least an analysis of the accounting data recently provided by the Ministry of Finance.","408",NA
".Η σοσιαλδημοκρατία αντιπαραβάλει σε αυτήν τη συντηρητική πολιτική που ευνοεί τα συμφέροντα των ήδη προνομιούχων, την σημασία της φορολογικής δικαιοσύνης ιδιαίτερα μάλιστα σε μια περίοδο αυξημένων κοινωνικών ανισοτήτων και κινδύνου μαζικής φτωχοποίησης.","Social democracy contrasts this conservative policy, which favours the interests of the already privileged, with the importance of tax fairness, especially at a time of increased social inequalities and the risk of massive impoverishment.","503",NA
"Για αυτό αντιπροτείνει μια διαφορετική προσέγγιση τόσο στη φορολογία του εισοδήματος όσο και της περιουσίας των φυσικών προσώπων και ειδικά αυτών με μεγάλο πλούτο με στόχο την στήριξη ενός αποτελεσματικού αναδιανεμητικού κοινωνικού κράτους και της στοχευμένης αναπτυξιακής πολιτικής.Η εστίαση στη φορολογία των φυσικών προσώπων είναι αυτονόητη γιατί αυτά είναι εν τέλει τα πραγματικά υποκείμενα του φόρου.","It therefore proposes a different approach to both income and property taxation of individuals, especially those with great wealth, with the aim of supporting an effective redistributive welfare state and targeted development policy.The focus on the taxation of individuals is self-evident because they are, after all, the real taxpayers.","408",NA
"Ακόμα και όταν είναι ιδιοκτήτες νομικών προσώπων, αργά η γρήγορα, σε αυτά καταλήγει η περιουσία και το εισόδημα των νομικών προσώπων.Στο επίπεδο του εισοδήματος φυσικών προσώπων, πρέπει να υιοθετηθούν εκ νέου, όπως έγινε το 2010, κατά το δυνατόν όσο πιο συμπεριληπτικές προοδευτικές κλίμακες φορολογίας με κλιμάκια, που θα εφαρμόζονται για τα εισοδήματα από διάφορες πηγές - έστω και αν διατηρηθεί η χωριστή φορολογική προσμέτρηση.","Even when they are the owners of legal persons, sooner or later, they will end up with the property and income of legal persons.At the level of personal income, progressive tax scales should be re-adopted, as was done in 2010, as inclusive as possible, with progressive tax scales with brackets, applied to income from different sources - even if separate tax assessment is maintained.","408",NA
"Παράλληλα, θεωρούμε αναγκαία την κατάργηση της εισφοράς αλληλεγγύης, του τέλους επιτηδεύματος, του χαρτοσήμου και της προκαταβολής φόρου αλλά επίσης ότι χρειάζεται πολύ πιο σοβαρή και αυστηρή στόχευση των τεκμηρίων διαβίωσης.","At the same time, we consider it necessary to abolish the solidarity levy, the business tax, the stamp duty and the advance tax, but also that much more serious and strict targeting of the presumptions of living is needed.","408",NA
"Ωστόσο αυτή είναι μόνο η μια πλευρά του νομίσματος της φορολογικής δικαιοσύνης.","However, this is only one side of the coin of tax justice.","408",NA
"Απαιτείται αντίστοιχη προσέγγιση και στην έκφανση της φορολόγησης της καθαρής περιουσίας των φυσικών προσώπων.","A similar approach is required in the taxation of the net worth of individuals.","408",NA
"(β) Φορολογία μερισμάτων και δωρεών","(b) Taxation of dividends and donations","H",NA
"Είναι χρέος μας να μιλήσουμε για αναγκαίες αυξήσεις της φορολογίας των κερδών και των μερισμάτων, της φορολόγησης των γονικών παροχών, της σύγκλισης της φορολογικής μεταχείρισης κάθε είδους εισοδήματος ανεξαρτήτως πηγής, κλπ. Ως πρώτο βήμα για τα μερίσματα, προτείνουμε να ισχύσεί:","It is our duty to talk about necessary increases in the taxation of profits and dividends, the taxation of parental gifts, the convergence of the tax treatment of all types of income regardless of source, etc. As a first step for dividends, we propose that:","408",NA
"Τριπλασιασμός του συντελεστή φορολογίας μερισμάτων από 5% σε 15% με εφαρμογή στην διανομή κερδών χρήσης 2022.","Tripling the dividend tax rate from 5% to 15%, applicable to the distribution of profits for the fiscal year 2022.","408",NA
"Σταδιακή σύγκλιση της φορολογίας με τα κλιμάκια που ισχύουν για την φορολογία εισοδήματος από μισθωτές υπηρεσίες, αλλά με χωριστό υπολογισμό ανά πηγή.","Gradual convergence of the tax rate with the brackets applicable to income tax on salaries and wages, but with separate calculation per source.","408",NA
"Πέρα από τη φορολόγηση μερισμάτων υπάρχει βεβαίως και το ζήτημα της φορολόγησης της κληρονομιάς και των δωρεών.","In addition to dividend taxation, there is of course the issue of taxation of inheritance and donations.","408",NA
"Η συζήτηση γύρω από την αντιμετώπιση της κληρονομιάς αναζωογονήθηκε τα τελευταία χρόνια στη δημόσια σφαίρα μέσα από το έργο ορισμένων οικονομολόγων (όπως ενδεικτικά του Thomas Piketty).","The debate on the treatment of inheritance has been revived in the public sphere in recent years through the work of a number of economists (including Thomas Piketty).","408",NA
"Σύμφωνα με την έκθεση του ΟΟΣΑ που δημοσιεύτηκε τον Μάιο του 2021 η φορολογία κληρονομιάς και δωρεών, που αντιστοιχεί μεσοσταθμικά μόλις στο 0,5% του συνόλου των φορολογικών εσόδων των χωρών του ΟΟΣΑ, μπορεί να χρησιμοποιηθεί για να αυξήσει, τα δημόσια έσοδα, με αναπτυξιακά φιλικό και κοινωνικά δίκαιο τρόπο και μάλιστα αποφεύγοντας κάποιες από τις στρεβλώσεις της αύξησης άλλων τύπων φορολογίας.","According to the OECD report published in May 2021, inheritance and gift taxes, which represent on average only 0.5% of total tax revenues in OECD countries, can be used to increase public revenues in a development-friendly and socially equitable way, while avoiding some of the distortions of raising other types of taxes.","408",NA
"Ειδικά η Ελλάδα σύμφωνα με την ως άνω έκθεση κατατάσσονταν, βάσει των στοιχείων έτους 2019, 8η από το τέλος σε έσοδα από φόρο κληρονομιάς και δωρεών από 24 χώρες του ΟΟΣΑ.","In particular, according to the above report, Greece was ranked, based on 2019 data, 8th from the bottom in terms of inheritance and gift tax revenues out of 24 OECD countries.","408",NA
"Γ ια αυτό και η επιλογή της Νέας Δημοκρατίας για αύξηση του αφορολόγητου στις δωρεές περιουσίας σε κάθε τέκνο έως 800.000 ευρώ καταδεικνύει πόσο παράταιρη είναι σύμφωνα με τις διεθνείς οικονομικές νόρμες.","For this reason, the New Democracy's choice to increase the tax-free amount on gifts of property to each child up to 800,000 euros demonstrates how incongruous it is according to international economic norms.","305.1",NA
"Η αύξηση των φορολογικών εσόδων από την κληρονομιά και τις δωρεές, σύμφωνα και με τις κατευθυντήριες γραμμές του ΟΟΣΑ μπορεί να συμβάλει θετικά στους στόχους του κρατικού προϋπολογισμού και στη διασφάλιση της φορολογικής δικαιοσύνης.","Increasing tax revenues from inheritance and donations, in line with OECD guidelines, can make a positive contribution to the state budget objectives and to ensuring tax fairness.","408",NA
"Ωστόσο σημειώνεται ότι τόσο η επιβολή στη φορολογία του καθαρού πλούτου όσο και η φορολογία στην κληρονομιά πιθανώς να επιφέρουν σημαντικές αλλαγές στις οικονομικές αποφάσεις των νοικοκυριών και κατ’ επέκταση των επιχειρήσεων και για αυτό κρίνεται ότι πρέπει να θεσπιστούν και να εφαρμοστούν στο πλαίσιο ενός μεσοπρόθεσμου προγράμματος για να αξιολογείται σταδιακά η εξέλιξη και η αποδοτικότητα τους.","However, it is noted that both the imposition on the taxation of net wealth and inheritance taxes are likely to bring about significant changes in the financial decisions of households and, by extension, businesses, and it is therefore considered that they should be introduced and implemented as part of a medium-term programme to gradually assess their evolution and effectiveness.","408",NA
"Ως πρώτο βήμα προτείνουμε:","As a first step we propose:","408",NA
"Περιορισμός του ορίου αφορολόγητων γονικών παροχών στις 400.00 ευρώ ανά διαθέτη κληρονομιάς έως το αθροιστικό ποσόν 800.000 Ευρώ ανά δικαιούχο κληρονόμο σε περίπτωση ύπαρξης πολλών μεταβιβάσεων.","Limitation of the limit of tax-free parental transfers to 400,00 Euros per testator of an inheritance up to the cumulative amount of 800,000 Euros per beneficiary heir in case of multiple transfers.","408",NA
"Επαναφορά των προγενέστερων συντελεστών φορολογίας για υψηλότερες αξίες.","Restoration of previous tax rates for higher values.","408",NA
"(γ) Φορολόγηση καθαρού μεγάλου πλούτου","(c) Taxation of net great wealth","H",NA
"Στη δημόσια συζήτηση παγκοσμίως, η σοσιαλδημοκρατική προσέγγιση που κερδίζει έδαφος είναι η φορολόγηση του καθαρού μεγάλου πλούτου (δηλ. περιουσία μείον τον δανεισμό), με βάση την συνολική αξία όλων των περιουσιακών στοιχείων (χρηματοοικονομικών και μη-χρηματοοικονομικών).","In public debate worldwide, the social democratic approach gaining ground is the taxation of net great wealth (i.e. property less borrowing) based on the total value of all assets (financial and non-financial).","408",NA
"Βεβαίως, για να έχει πιθανότητες να εφαρμοστεί αποτελεσματικά αυτό το σύστημα, πρέπει να υπάρξει μεγαλύτερη περιουσιακή διαφάνεια, λόγω των κενών που υπάρχουν σήμερα στο περιουσιολόγιο, το κτηματολόγιο και γενικότερα στην καταγραφή του συνόλου της κινητής και ακίνητης περιουσίας.","Of course, for this system to have a chance of being effectively implemented, there must be greater transparency of property, because of the gaps that currently exist in the property register, the land register and, more generally, in the recording of all movable and immovable property.","408",NA
"Πέοαν από τις όοοολονίες που επιβάλλονται στα πεοιουσιακά στοιχεία σε εθνικό επίπεδο, σημαντικό ρόλο παίζει σήμερα και η συμμετοχή κάθε κράτους σε διακρατικές συνεργασίες και πρωτοβουλίες για τον εντοπισμό περιουσιακών στοιχείων στην αλλοδαπή.","In addition to the obligations imposed on assets at national level, the participation of each State in transnational cooperation and initiatives to identify assets abroad also plays an important role today.","408",NA
"Ήδη μια σειρά από διακρατικές πρωτοβουλίες υπό την εποπτεία διεθνών οργανισμών προχωρούν στον εντοπισμό και την αντιμετώπιση αυτών των προβλημάτων και συχνά επιβάλουν σημαντική φορολογία στους πολυεθνικούς κολοσσούς.","Already a number of transnational initiatives under the supervision of international organisations are proceeding to identify and address these problems and often impose significant taxes on multinational giants.","408",NA
"Μια άλλη κατεύθυνση πολιτικής με στόχο να μειώσει τα κίνητρα απόκρυψης πλούτου σε φορολογικούς παραδείσους προωθεί την φορολογία από κάθε κράτος σε εκείνο το τμήμα προστιθέμενης αξίας που παράγεται σε κάθε χώρα.","Another policy direction aimed at reducing the incentives to hide wealth in tax havens promotes taxation by each state on that part of value added produced in each country.","408",NA
"Όπως έδειξαν οι αποκαλύψεις φορολογικών παραδείσων που δημοσιεύτηκαν τα προηγούμενα χρόνια, υπάρχει σημαντικός αριθμός πλουσίων Ελλήνων που καταφεύγει στις δόλιες πρακτικές αποφυγής φορολογίας, στερώντας έτσι την ελληνική Πολιτεία από σημαντικούς πόρους.","As the revelations of tax havens published in previous years have shown, there is a significant number of wealthy Greeks who resort to fraudulent tax avoidance practices, thus depriving the Greek State of significant resources.","408",NA
"Στόχος του ΠΑΣΟΚ-Κινήματος Αλλαγής είναι η συμμετοχή σε όλες τις διεθνείς πρωτοβουλίες εντοπισμού και αποκάλυψης κρυφού πλούτου και η επιβολή του αναλογούντος φόρου σε επίπεδα παρόμοια με αυτά που επικρατούν σε άλλες ανεπτυγμένες χώρες.","The PASOK-Charity Movement aims to participate in all international initiatives to identify and disclose hidden wealth and to impose the appropriate tax at levels similar to those prevailing in other developed countries.","408",NA
"Τα έσοδα από την καταπολέμηση της φοροδιαφυγής θα μπορούσαν έτσι να χρηματοδοτήσουν μια σειρά από κοινωνικές πολιτικές μείωσης των ανισοτήτων, αλλά επίσης και μείωσης άλλων φόρων οι οποίοι σήμερα βρίσκονται σε δυσβάστακτα υψηλά επίπεδα.","The revenues from the fight against tax evasion could thus finance a range of social policies to reduce inequalities, but also to reduce other taxes which are currently at unsustainably high levels.","408",NA
"(δ) Εντοπισμός μεγάλου πλούτου","(d) Identifying great wealth","H",NA
"Έως τώρα το εγχείρημα δεν προχωρούσε με την πρόφαση τις τεχνικές και νομικές προκλήσεις στην εκτίμηση της καθαρής αξίας της ιδιωτικής περιουσίας των Ελλήνων, καθώς και στο γεγονός ότι ένα μέρος αυτής της περιουσίας παραμένει αδήλωτο στο εξωτερικό.","So far, the project has not proceeded under the pretext of technical and legal challenges in estimating the net worth of the private wealth of Greeks, and the fact that part of this wealth remains undeclared abroad.","408",NA
"Ωστόσο η περιουσία μπορεί να κρυφτεί αλλά όχι επ’ αόριστο και σίγουρα όχι όταν πρέπει να κληρονομηθεί, οπότε μπορεί να ελεγχθεί αλλά και να φορολογηθεί αναδρομικά.","However, property can be hidden but not indefinitely and certainly not when it has to be inherited, in which case it can be audited and also taxed retroactively.","408",NA
"Σύμφωνα με την Έκθεση του 2021,στη βάση των στοιχείων για το 2020, στους 8,462 εκατομμύρια ενήλικες κατοίκους αντιστοιχούν 722 δις ευοώ καθαοής πεοιουσίας (885 δισ. $ισοτιυία 30/12/2020) μέσο όσο καθαρής (μετά την αφαίρεση χρέους) αξίας περιουσίας 85.320 ευρώ (104.603$), με 30.735 ευρώ (37,681$) να αντιστοιχούν σε χρηματοοικονομικού χαρακτήρα περιουσία και 66.398 ευρώ (81,404$) σε μη-χρηματοοικονομικού χαρακτήρα (πρωτίστως ακίνητα) περιουσία και μέσο όρο ιδιωτικού χρέους 11.812 ευρώ (14,482$).","According to the 2021 Report, based on 2020 data, the 8.462 million adult inhabitants have 722 billion ewe net worth ($885 billion as of 30/12/2020) on average as much as 85 net (after deducting debt) worth of property.320 euros ($104,603), with 30,735 euros ($37,681) corresponding to financial property and 66,398 euros ($81,404) to non-financial (primarily real estate) property and an average private debt of 11,812 euros ($14,482).","408",NA
"Διάμεσος περιουσία θεωρούνται τα 46.977 ευρώ (57,595 $).","Median property is considered to be 46,977 euros ($57,595).","408",NA
"Τα παραπάνω στοιχεία φαίνεται ότι επιβεβαιώνονται από τον συνδυασμό των δημόσια διαθέσιμων στοιχείων σε εθνικό επίπεδο.","The above figures seem to be confirmed by the combination of publicly available data at the national level.","408",NA
"Ειδικότερα:","In particular","408",NA
"(α) η εκκαθάριση του ΕΝΦΙΑ έτους 2022 κατέδειξε σύνολο αξίας ακίνητης περιουσίας βάσει των νέων αυξημένων στην πλειονότητα των ζωνών αντικειμενικών αξιών 761,3 δισ. ευρώ (με τα 577,7 δισ. ευρώ να αντιστοιχούν σε φυσικά πρόσωπα)","(a) the settlement of ENFIA for 2022 showed a total value of real estate based on the new increased property values of 761.3 billion euros in most zones (with 577.7 billion euros corresponding to natural persons)","408",NA
"(β) το ύψος των τραπεζικών καταθέσεων φυσικών προσώπων κυμάνθηκε στα 135 δισ. ευρώ τον Δεκ. του 2021,","(b) the amount of bank deposits of individuals was 135 billion euros in December 2021,","408",NA
"(γ) το ύψος της κεφαλαιοποίησης των εισηγμένων εταιρειών στο Χρηματιστήριο στα τέλη του 2021 (66 δισ. με το 18% περίπου των μετοχών να το διακρατούν απευθείας ημεδαποί ιδιώτες), ενώ το ύψος του ενεργητικού των αμοιβαίων κεφαλαίων έφτασε στα 11 δισ. ευρώ βάσει της ετήσιας έκθεσης της επιτροπής κεφαλαιαγοράς.","(c) the amount of capitalisation of listed companies on the stock exchange at the end of 2021 (EUR 66 billion with about 18% of the shares held directly by domestic individuals), while the amount of assets of mutual funds reached EUR 11 billion according to the annual report of the Capital Market Commission.","408",NA
"Βάσει των ανωτέρω στοιχείων προκύπτει ότι και στο πεδίο της φορολογίας του πλούτου των φυσικών προσώπων απαιτούνται συμπεριληπτικές προοδευτικές κλίμακες που θα συνυπολογίζουν τη χρηματοοικονομική περιουσία των φυσικών προσώπων στην ακίνητη περιουσία που διαθέτουν, αφού αφαιρεθεί φυσικά η αξία του ιδιωτικού χρέους του προσώπου (εκτός από το χρέος καταναλωτικής πίστης ή αυτού που δεν εμπίπτει στη στεγαστική ή επιχειρηματική πίστη).","On the basis of the above data, it is clear that inclusive progressive scales are also required in the field of wealth taxation of individuals, which would include the financial assets of individuals in their real estate holdings, after deducting the value of the individual's private debt (except for consumer credit debt or that which does not fall under mortgage or business credit).","408",NA
"Ωστόσο η κλιμάκωση του φόρου θα πρέπει να γίνεται με τέτοιο τρόπο ώστε να φορολογηθούν επαρκώς τα 66.000 φυσικά πρόσωπα που συγκαταλέγονται στο 1% των προσώπων με τον μεγαλύτερο πλούτο παγκοσμίως (με λίγο πάνω από 1 εκ. δολάρια καθαρή περιουσίας).","However, the tax escalation should be done in such a way as to adequately tax the 66,000 individuals who are among the top 1% of the world's wealthiest individuals (with just over $1 million in net worth).","408",NA
"Μετά πρέπει να υπάρξουν πρόσθετα προοδευτικά κλιμάκια φορολογίας για τον μεγαλύτερο πλούτο ως εξής:","There should then be additional progressive tax brackets for the highest wealth as follows:","408",NA
"για τα 4.062 άτομα με περιουσίες από 5 έως 10 εκ. ευρώ","for the 4,062 persons with assets between €5 and €10 million","408",NA
"για τα 1.394 άτομα με περιουσίες από 10 έως 50 εκ. ευρώ","for the 1,394 persons with assets between €10 and €50 million","408",NA
"για τα υπέρ-πλούσια (υΙίΓθ-ήίςΓι ηοι ννοτίή ΐηάΐνΐάυβίε) άτομα με περιουσίες από 50 έως 100 εκατομμύρια και για τα άτομα με περιουσίες από 100 έως 500 εκατομμύρια, σύμφωνα με τα στοιχεία της έκθεσης της ΟΓθάΐΐ δυΐ33θ που πρέπει να επιβεβαιωθούν και να αξιοποιηθούν.","for ultra-wealthy individuals (UFI) with assets ranging from 50 to 100 million and for individuals with assets ranging from 100 to 500 million, according to data from the OGTA report, which must be confirmed and evaluated.","408",NA
"Σημειώνεται ότι τα συνολικά 66.000 άτομα αποτελούν μεν μόλις το 7 τοις χιλίοις του ενήλικου πληθυσμού αλλά υπολογίζεται ότι κατέχουν το 10% του καθαρού ιδιωτικού πλούτου.","It is noted that the total of 66,000 individuals constitute only 7 per thousand of the adult population but are estimated to hold 10 per cent of the net private wealth.","408",NA
"Το γεγονός ότι η αναλογία αυτή είναι σχετικά χαμηλή σε σχέση με άλλες χώρες του ΟΟΣΑ και της ΕΕ δεν θα πρέπει να δικαιολογεί την κατάσταση ο υπεσυγκεντρωμένος αυτός πλούτος να εκφεύγει της φορολόγησης.","The fact that this ratio is relatively low compared to other OECD and EU countries should not justify the situation where this over-concentrated wealth escapes taxation.","408",NA
"3. ΤΟ ΕΛΛΗΝΙΚΟ ΤΡΑΠΕΖΙΚΟ ΣΥΣΤΗΜΑ","3. THE GREEK BANKING SYSTEM","H",NA
"Καθώς τα προηγούμενα χρόνια η ελληνική οικονομία συνολικά δοκιμαζόταν από αλλεπάλληλα κύματα πιθανής χρεοκοπίας, βαθιάς ύφεσης, της απειλής του Ογθχιϊ, της πανδημίας και τώρα της πολεμικής σύρραξης στην Ουκρανία, το ελληνικό τραπεζικό σύστημα υπέστη και αυτό μεγάλους κραδασμούς, χωρίς όμως τελικά να καταρρεύσει.","As the Greek economy as a whole has been tested over the past few years by successive waves of potential bankruptcy, deep recession, the threat of Ogthyi, the pandemic and now the war in Ukraine, the Greek banking system has also suffered major shocks, but without finally collapsing.","414",NA
"Είναι χαρακτηριστικό ότι ενώ πολλές μορφές αποθεματοποίησης πλούτου και επενδύσεων, όπως μετοχές, κρατικά ομόλογα αλλά και φυσικά περιουσιακά στοιχεία υπέστησαν μεγάλη απαξίωση, οι τραπεζικές καταθέσεις άντεξαν και μάλιστα διατηρώντας την αγοραστική τους δύναμη.","It is characteristic that while many forms of wealth and investment storage, such as shares, government bonds and physical assets, suffered great depreciation, bank deposits have endured and even maintained their purchasing power.","414",NA
"Παρά τον καταρράκτη επικρίσεων και αφορισμών που επέπεσε επί δικαίων και αδίκων όλη εκείνη την περίοδο, οι ελληνικές τράπεζες κατάφεραν όχι μόνο να επιβιώσουν αλλά και σε σημαντικό βαθμό να προσαρμοστούν στις εξελίξεις - παρά τις ασυνήθιστες δυσκολίες.","Despite the cascade of criticism and excoriation that was hurled at them, rightly and wrongly, throughout that period, Greek banks managed not only to survive but also, to a considerable extent, to adapt to developments - despite the unusual difficulties.","414",NA
"Μετά από μια σειρά μετασχηματισμών και προσαρμογών, σήμερα αποτελούν τους μοναδικούς μηχανισμούς χρηματοδότησης της ελληνικής οικονομίας στην προσπάθεια μετασχηματισμού της σε κατευθύνσεις περιβαλλοντικά φιλικότερες, ψηφιακά καινοτόμες, εμπορικά ανταγωνιστικές και κοινωνικά χρήσιμες.","After a series of transformations and adaptations, they are today the sole financing mechanisms of the Greek economy in its effort to transform in directions that are environmentally friendly, digitally innovative, commercially competitive and socially useful.","414",NA
"Για να γίνει όμως αυτό αποτελεσματικά, υπάρχουν οι εξής τέσσερις προϋποθέσεις: ρευστότητα, εξυγίανση, δικτύωση, εποπτεία.","But for this to be done effectively, there are four conditions: liquidity, consolidation, networking and supervision.","414",NA
"1.Ρευστότητα","1.","H",NA
"Η εξέλιξη της ρευστότητας των τραπεζών βαίνει θετικά τα τελευταία δύο χρόνια, για λόγους όμως που δεν σχετίζονται πάντα με μία ανάλογη βελτίωση του οικονομικού κλίματος.","The evolution of banks' liquidity has been positive over the last two years, but for reasons that are not always related to a similar improvement in the economic climate.","414",NA
"Για παράδειγμα, το 2020 οι καταθέσεις επιχειρήσεων και νοικοκυριών αυξήθηκαν σχεδόν κατά 20 δισεκ. Ευρώ, ενώ η δραστηριότητα μειώθηκε κατά -9%.","For example, in 2020, business and household deposits increased by almost 20 billion euro. While activity fell by -9%.","414",NA
"Το ίδιο παρατηρείται και στις συγκρίσεις μακρύτερων περιόδων:","same can be observed in comparisons of longer periods.","414",NA
"Τον περασμένο Ιανουάριο 2022 σημειώθηκε περαιτέρω αύξηση των καταθέσεων στα 186 δισεκ. Ευρώ.","Last January 2022 saw a further increase in deposits to 186 billion. In January 2013, the number of deposits increased to 186 billion euros.","414",NA
"Στο επίπεδο αυτό ήταν και στις αρχές του 2011, πριν δηλαδή αρχίσει η μεγάλη απόσυρση εξαιτίας της αβεβαιότητας του Ρ3Ι και του ενδεχόμενου Ογθχϊϊ.","This level was also at this level in early 2011, before the major withdrawal started due to the uncertainty of P3I and the possible Ogthyi.","414",NA
"Και πάλι όμως μπορεί κανείς να δει ότι η δραστηριότητα σήμερα παραμένει περίπου -20% χαμηλότερη από την αντίστοιχη του 2011.","But again one can see that activity today remains about -20% lower than in 2011.","414",NA
"Αιτία είναι ότι στο μεγαλύτερο μέρος τους η αύξηση των καταθέσεων προέρχεται από τις μαζικές δημοσιονομικές ενισχύσεις (αλλά και τις ποικίλες αναστολές υποχρεώσεων) που δόθηκαν για την αντιμετώπιση της οικονομικής απραξίας που προκάλεσε η πανδημία, ενώ για τους ίδιους λόγους είχε υποχωρήσει αισθητά η ζήτηση δανείων από τις επιχειρήσεις.","The reason is that for the most part the increase in deposits is coming from the massive fiscal stimulus (and various deferrals of obligations) given to deal with the economic inertia caused by the pandemic, while for the same reasons the demand for loans from businesses had declined markedly.","414",NA
"Ελπίζει κανείς ότι η επάρκεια ρευστότητας θα συνεχιστεί τα προσεχή χρόνια για τους σωστούς αυτή την φορά λόγους.","One hopes that liquidity adequacy will continue in the coming years for the right reasons this time.","414",NA
"Δηλαδή, από τους πόρους του Ταμείου Ανάκαμψης με τους οποίους θα χρηματοδοτηθούν οι επενδύσεις Πράσινης και Ψηφιακής Μετάβασης για να οδηγήσουν την ελληνική οικονομία σε μια μόνιμη επανευθυγράμμιση υψηλότερης και βιώσιμης ανάπτυξης.","That is, from the resources of the Recovery Fund which will finance the Green and Digital Transition investments to lead the Greek economy to a permanent re-alignment of higher and sustainable growth.","414",NA
"Χρειάζεται όμως να προσέξουμε δύο σημεία:","But we need to pay attention to two points:","414",NA
"Ένα, την διάχυση επαρκών πόρων σε όλο το φάσμα μεγέθους των επιχειρήσεων.","One, the diffusion of sufficient resources across the whole spectrum of business size.","414",NA
"Αυτό συχνά χρειάζεται ειδική μέριμνα για τις μικρές που πιθανόν να δοκιμάστηκαν περισσότερο στην πανδημία και γνώρισαν την αποκοπή τους από την εφοδιαστική αλυσίδα.","This often needs special attention for small ones that were probably most tested in the pandemic and experienced a disconnection from the supply chain.","414",NA
"Από την άλλη πρέπει να ενθαρρυνθούν από τις ίδιες τις τράπεζες να συμμετάσχουν σε συστάδες (οΙυείθΓδ), εξαγορές και συγχωνεύσεις που θα τους δώσουν περισσότερα πλεονεκτήματα και αντοχή στον διεθνή ανταγωνισμό.","On the other hand, they need to be encouraged by the banks themselves to engage in clusters (oId), mergers and acquisitions that will give them greater advantages and resilience to international competition.","414",NA
"Δύο, την αυστηρή αξιολόγηση των υποψήφιων επενδυτικών σχημάτων με κριτήρια την ανταγωνιστικότητα, τις περιβαλλοντικές απαιτήσεις και την δημιουργία Εγχώριας Προστιθέμενης Αξίας.","Two, the rigorous assessment of candidate investment clusters on the basis of competitiveness, environmental requirements and the creation of Domestic Value Added.","414",NA
"Μόνο με την ενίσχυση της ελληνικής παραγωγής, θα αυξήσουμε την αντοχή της οικονομίας σε μελλοντικούς διεθνείς κλυδωνισμούς.","Only by strengthening Greek production will we increase the economy's resilience to future international shocks.","414",NA
"Τόσο στην πανδημία, όσο και τώρα στον πόλεμο, οι οικονομίες που βασιζόταν υπερβολικά σε ξένες εισροές - αντί για εσωτερικές πηγές - υπέστησαν δραματική καθίζηση και αυτό στέρεψε τις χρηματορροές προς το εγχώριο τραπεζικό σύστημα.","Both in the pandemic and now in the war, economies that relied excessively on foreign inputs - rather than domestic sources - suffered a dramatic decline and this dried up the financial flows to the domestic banking system.","414",NA
"2. Εξυγίανση χαρτοφυλακίου","2. Portfolio consolidation","H",NA
"Είναι γεγονός ότι έχουν περιοριστεί σημαντικά οι μη- εξυπηρετούμενες απαιτήσεις των συστημικών τραπεζών.","It is a fact that the non-performing assets of the systemic banks have been significantly reduced.","414",NA
"Κατά την διάρκεια του 2021 τα Μη-εξυπηρετούμενα δάνεια (ΜΕΔ) περιορίστηκαν στο 20% του συνόλου από 30% στο τέλος του 2020 - αν και πάλι η αναλογία τους παραμένει δεκαπλάσια από την μέση τιμή της Ευρωζώνης.","During 2021, non-performing loans (NPLs) were reduced to 20% of the total from 30% at the end of 2020 - although still the ratio remains ten times the Eurozone average.","414",NA
"Ακόμα πρέπει να επισημανθεί ότι πολλά από τα μη- εξυπηρετούμενα αφορούν στον τομέα των υπηρεσιών, με εξαιρετικά αμφίβολη την πιθανότητα ρυθμίσεων ή ανάκτησης.","It should still be noted that many of the NPLs are in the services sector, with the likelihood of rescheduling or recovery highly doubtful.","414",NA
"Είναι επίσης δηλωτικό της αποφυγής οριστικών και ξεκάθαρων λύσεων η πολιτική που συνιστά κάθε τόσο η κυβέρνηση (όπως και οι προηγούμενες βέβαια) προς τις τράπεζες να επιμένουν ή να αναβάλουν πλειστηριασμούς ανάλογα με την οικονομική συγκυρία και το πολιτικό κλίμα.","It is also indicative of the avoidance of definitive and clear solutions that the government (like the previous ones) recommends every now and then to banks to insist on or postpone auctions depending on the economic situation and the political climate.","414",NA
"Σε πρακτικό επίπεδο, αυτή η πολιτική ακορντεόν ωφελεί φυσικά τους συστηματικούς «μπαταχτσήδες» εις βάρος των συμμορφούμενων, δημιουργώντας όλο και περισσότερους θύλακες εκμετάλλευσης του συστήματος.","On a practical level, this accordion policy naturally benefits the systematic ""bacchanals"" at the expense of the compliant, creating more and more pockets of exploitation of the system.","414",NA
"Ένα κρίσιμο ζήτημα για να μειωθεί το υπερβολικό «μπούκωμα» μιας ομάδας ευνοούμενων επενδυτών, είναι αν οι αξιολογήσεις λαμβάνουν υπόψη τους την συμπεριφορά των επιχειρήσεων - και ιδίως των επιχειρηματιών - στην προγενέστερη φάση που εκτινάχθηκαν τα ΜΕΔ.","A crucial issue to reduce the excessive 'buffeting' of a group of favoured investors is whether the ratings take into account the behaviour of firms - and in particular entrepreneurs - in the earlier phase when NPLs soared.","414",NA
"Ένας μηχανισμός εντοπισμού των προβληματικών επιχειρήσεων θα ήταν μέσω του συστήματος Λευκός Τειρεσίαςπου άρχισε να δημιουργείται το 2018 αλλά δεν ολοκληρώθηκε ούτε τέθηκε μέχρι σήμερα σε εφαρμογή.","One mechanism for identifying troubled firms would be through the White Debt systemwhich began to be created in 2018 but has not been completed or implemented to date.","414",NA
"3. Δικτύωση","3. Networking","H",NA
"Οι ελληνικές τράπεζες πρέπει να βρίσκονται εκεί που υπάρχουν προοπτικές ανάπτυξης.","Greek banks should be located where there is potential for growth.","410",NA
"Μετά την πανδημία και ιδιαίτερα μετά τον πόλεμο στην Ουκρανία, είναι πιθανό η προγενέστερη τάση της παγκοσμιοποίησης να ανακοπεί και η δραστηριότητα να συγκεντρωθεί σε γεωγραφικές περιφέρειες.","After the pandemic, and especially after the war in Ukraine, it is likely that the earlier trend of globalisation will be halted and activity will be concentrated in geographical regions.","414",NA
"Μία από αυτές είναι η περιοχή των Βαλκανίων, όπου ανήκουν χώρες ήδη μέλη της ΕΕ καθώς και χώρες που αγωνιούν να μπουν στην ΕΕ με το λεγόμενο σχήμα ένταξης των Δυτικών Βαλκανίων.","One of these is the Balkan region, which includes countries already members of the EU as well as countries struggling to enter the EU under the so-called Western Balkans accession scheme.","414",NA
"Και πλέον οι λόγοι δεν είναι μόνο οικονομικοί, όπως όλοι αντιλαμβανόμαστε.","And now the reasons are not only economic, as we all understand.","414",NA
"Στην διαδικασία αυτή οι ελληνικές τράπεζες θα μπορούσαν να παίξουν σημαντικό ρόλο, πλην όμως έχουν αποδεκατιστεί!","In this process Greek banks could play an important role, but they have been decimated!","414",NA
"Από την δεκαετία του 1990, οι ελληνικές τράπεζες είχαν αναπτύξει εκτεταμένη παρουσία στην περιοχή των Βαλκανίων.","Since the 1990s, Greek banks had developed an extensive presence in the Balkan region.","414",NA
"Στην κορύφωση, είχαν παρουσία σε 16 χώρες, ένα δίκτυο 3.500 καταστημάτων και εργαζομένους.","At its peak, they had a presence in 16 countries, a network of 3,500 branches and employees.","414",NA
"Οι ελληνικές τράπεζες υποστήριζαν τις δραστηριότητες πολλών ελληνικών επιχειρήσεων στην περιοχή των Βαλκανίων, συμμετείχαν πρωταγωνιστικά στις αποκρατικοποιήσεις πολλών κρατικών ομίλων και προχωρούσαν σε εξαγορές και συγχωνεύσεις με τοπικά πιστωτικά ιδρύματα.","Greek banks supported the activities of many Greek companies in the Balkan region, played a leading role in the privatisation of many state-owned groups and engaged in mergers and acquisitions with local credit institutions.","414",NA
"Η πιο θεαματική στιγμή ήταν το 2006 όταν εξαγόρασαν επτά πιστωτικά ιδρύματα έναντι 3 δισεκ. Ευρώ.","The most spectacular moment was in 2006 when they acquired seven credit institutions for 3 billion euros. Euro.","414",NA
"Μετά το 2009, άρχισε όμως η αντίστροφη πορεία.","After 2009, however, the reverse trend began.","414",NA
"Προφανώς η αναδιάρθρωση των ελληνικών τραπεζών σύμφωνα με τις προβλέψεις των Μνημονίων θα έπρεπε να περιλαμβάνει και μία αναλογική προσαρμογή της παρουσίας τους στο εξωτερικό.","Obviously, the restructuring of Greek banks in line with the Memorandum's provisions should have included a proportionate adjustment of their presence abroad.","414",NA
"Η αίσθηση όμως που συχνά επικρατεί είναι ότι με μοχλό την ανακεφαλαιοποίηση, η πίεση που ασκήθηκε από τους πιστωτές υπερέβη τις καλές πρακτικές και οδήγησε στην έκλειψη του ελληνικού τραπεζικού συστήματος από ένα ζωτικό χώρο.","But the feeling that often prevails is that, driven by recapitalisation, the pressure exerted by creditors exceeded good practices and led to the closure of a vital space in the Greek banking system.","414",NA
"Σήμερα διατηρούνται μόνο 12 θυγατρικές με λιγότερους από 10.000 εργαζομένους.","Today only 12 subsidiaries with less than 10,000 employees are maintained.","414",NA
"Είναι αδήριτη ανάγκη για τις ελληνικές τράπεζες να ξαναβρούν τον μίτο της επαναδραστηριοποίησης τους στον χώρο των Βαλκανίων και της ΝΑ Ευρώπης γενικότερα, είτε με επανίδρυση υποκαταστημάτων είτε αξιοποιώντας τις τεχνολογικές δυνατότητες της σύγχρονης τραπεζικής.","There is an urgent need for Greek banks to rediscover their path to reactivation in the Balkans and SE Europe in general, either by re-establishing branches or by exploiting the technological possibilities of modern banking.","414",NA
"Γ ια μεν τις χώρες που σήμερα ανήκουν στην ΕΕ, οι ελληνικές τράπεζες μπορούν να συμμετέχουν σε πολλά επενδυτικά πρότζεκτ του Ταμείου Ανθεκτικότητας & Ανάκαμψης (ΤΑΑ), ιδιαίτερα σε όσα θα μπορούσαν να έχουν διασυνοριακό χαρακτήρα.","For the countries that are currently part of the EU, Greek banks can participate in many of the Resilience & Stability Fund's investment projects. Recovery Fund (SRF), especially those that could be of a cross-border nature.","414",NA
"Παράδειγμα, η χρηματοδότηση δικτύων και υποδομών στον τομέα της ενέργειας, των μεταφορών, Ιοςμβίίοε, κλπ. Τέτοιες πρωτοβουλίες θα τις εντάξουν φυσιολογικά στην λεγάμενη «Συμμαχία του Νότου» μαζί με τα άλλα κράτη της ΕΕ που σήμερα προσπαθούν να διαμορφώσουν πιο ανταγωνιστικές οικονομίες και να γεφυρώσουν τις μεγάλες ανισότητες με τον Βορρά.","For example, the financing of networks and infrastructure in the energy, transport, Iosvideoe, etc. sectors. Such initiatives would naturally place them in the so-called ""Alliance of the South"" together with the other EU countries that are currently trying to form more competitive economies and bridge the big disparities with the North.","414",NA
"Με τις χώρες των Δυτικών Βαλκανίων που δεν έχουν ακόμα ενταχθεί στην ΕΕ, οι ελληνικές τράπεζες μπορούν να βοηθήσουν σημαντικά στην ενταξιακή τους διαδικασία και να αξιοποιήσουν το κεφάλαιο τεχνογνωσίας που έχει συσσωρευτεί από την Τράπεζα Ανάπτυξης & Επενδύσεων της Μαύρης Θάλασσας.","With the Western Balkan countries that have not yet joined the EU, Greek banks can significantly assist in their accession process and make use of the capital of expertise accumulated by the Development Bank & Black Sea Investment Bank.","414",NA
"4. Εποπτεία","4. Monitoring","H",NA
"Στο ζήτημα της εποπτείας πιστεύουμε ότι ήλθε ο καιρός οι ελληνικές τράπεζες να αντιμετωπίζονται με παρόμοια θεσμικά εργαλεία όπως και στις υπόλοιπες χώρες της Ευρωζώνης.","On the issue of supervision, we believe that the time has come for Greek banks to be treated with similar institutional tools as in other Eurozone countries.","414",NA
"Όταν ξέσπασε η κρίση χρέους το 2010 και οι ελληνικές τράπεζες έπρεπε να ανακεφαλαιοποιηθούν και να αναδιαρθρωθούν, η τεχνογνωσία που εκόμισε το Ταμείο Χρηματοπιστωτικής Σταθερότητας ήταν σημαντική και κάλυψε την απουσία αντίστοιχων μηχανισμών στην Ευρωζώνη.","When the debt crisis erupted in 2010 and Greek banks had to be recapitalised and restructured, the expertise that the HFSF brought to bear was important and covered the absence of similar mechanisms in the Eurozone.","414",NA
"Έκτοτε όμως έχουν σημειωθεί σημαντικά βήματα στην τραπεζική εποπτεία, τόσο με τον 33Μ όσο και με τις πολιτικές της ΕΚΤ.","Since then, however, important steps have been taken in banking supervision, both with 33M and ECB policies.","414",NA
"Σε τέτοιες συνθήκες, πρέπει σύντομα να διαμορφωθεί μία στρατηγική εξόδου του ΤΧΣ από τον ρόλο εποπτείας των τραπεζών και η τεχνογνωσία να απορροφηθεί από τους άλλους θεσμούς που έχουν πλέον καθιερωθεί.","In such circumstances, a strategy for the exit of the HFSF from the role of bank supervision should soon be formulated and its expertise should be absorbed by the other institutions that are now established.","414",NA
"Το επενδυτικό χαρτοφυλάκιο μπορεί να διατηρηθεί αυτοτελώς ή να υπαχθεί στο Υπουργείο Οικονομικών και σταδιακά να διατεθεί στην αγορά όταν οι συνθήκες το επιτρέψουν.","The investment portfolio can be maintained independently or be placed under the Treasury and gradually placed on the market when conditions permit.","414",NA
"Μαζί με την στρατηγική εξόδου, πρέπει το τραπεζικό σύστημα να απαλλαγεί πλέον από την καχυποψία ή/και την προκατάληψη που οδήγησαν σε αποκλεισμό στελεχών από τις διοικήσεις με κριτήρια που σχετίζονται όχι με την καταλληλότητα τους αλλά την εθνικότητα.","Along with the exit strategy, the banking system must now rid itself of the suspicion and/or prejudice that have led to the exclusion of executives from management positions on the basis of criteria related not to their suitability but to their nationality.","414",NA
"Στις νέες συνθήκες που έχουμε μπροστά μας, το ελληνικό τραπεζικό σύστημα μπορεί να ανταπεξέλθει με επάρκεια αλλά πρέπει να αφεθεί λ να δείξει τις δυνάμεις του.","In the new conditions we are facing, the Greek banking system can cope adequately, but it must be allowed to show its strengths.","414",NA
"5. Κεφαλαιαγορά και Υπερταμείο","5. Capital market and the Super Fund","H",NA
"Μια παράλληλη ζωτική λειτουργία του τραπεζικού συστήματος είναι η ενθάρρυνση των επιχειρήσεων να υιοθετούν σύγχρονα εργαλεία άντλησης κεφαλαίων από την ελληνική και τις διεθνείς αγορές.","A parallel vital function of the banking system is to encourage businesses to adopt modern tools to raise capital from the Greek and international markets.","414",NA
"Η διαδικασία αυτή θα οδηγήσει σε μια ουσιαστική ανάπτυξη της εγχώριας κεφαλαιαγοράς που μετά θα ενισχύσει με νέα κεφάλαια το τραπεζικό σύστημα και τις επιχειρήσεις.","This process will lead to a substantial development of the domestic capital market which will then strengthen the banking system and enterprises with new capital.","414",NA
"Θα ενισχύσει επίσης το κεφαλαιοποιητικό σύστημα επικουρικής ασφάλισης με επιλογές εσωτερικού προσανατολισμού, με αποτέλεσμα την αύξηση των εγχωρίων επενδύσεων αλλά και την αποφυγή διοχέτευσης των κεφαλαίων προς επένδυση στο εξωτερικό.","It will also strengthen the capital-based supplementary insurance system with domestically oriented options, resulting in an increase in domestic investment and avoiding the channelling of capital for investment abroad.","414",NA
"Κρίσιμο ρόλο στην δραστηριοποίηση επενδύσεων και την ανάπτυξη της κεφαλαιαγοράς μπορεί επίσης να παίξει και το λεγόμενο «Υπερταμείο», το οποίο σήμερα κατέχει τόσο τις μετοχές του ΤΧΣ όσο και των υπόλοιπων ΔΕΚΟ, ως απαίτηση σε βάρος της ελληνικής κυβέρνησης μετά το Δημοψήφισμα τον Ιούλιο 2015.","The so-called ""Hyperfund"", which currently owns both the shares of the HFSF and the rest of the PPOs as a claim against the Greek government after the July 2015 referendum, can also play a crucial role in mobilising investment and developing the capital market.","414",NA
"Ο χαρακτήρας του και οι όροι λειτουργίας είναι πρωτοφανείς για μια ευρωπαϊκή οικονομία του 21ου αιώνα και δείχνει την παθογένεια που εξακολουθεί να χαρακτηρίζει κεντρικές οικονομικές δομές στην χώρα μας παρά την τυπική λήξη των Μνημονίων.","Its character and terms of operation are unprecedented for a 21st century European economy and illustrate the pathogenesis that continues to characterise centralised economic structures in our country despite the formal end of the Memoranda.","414",NA
"Πιστεύουμε ότι όπως και για το ΤΧΣ, ανάλογη διαδικασία απεμπλοκής από την ιδιοκτησία και τον έλεγχο των ξένων πιστωτών πρέπει να εφαρμοστεί και στο Υπερταμείο.","We believe that, as with the HFSF, a similar process of disengagement from the ownership and control of foreign creditors should also be applied to the Hyperfund.","414",NA
"Γ ια την διοίκηση του, ισχύουν ακριβώς όσα αναφέρθηκαν πιο πάνω για το καθεστώς επιλογής ξένων στις τράπεζες και είναι πλέον καιρός να εφαρμοστούν επιτέλους ανοικτές αξιοκρατικές διαδικασίες.","For its management, exactly what was mentioned above about the regime for the selection of foreigners in banks applies and it is high time that open meritocratic procedures are finally applied.","414",NA
"Αφού επανέλθει σε εθνικό έλεγχο, το Υπερταμείο πρέπει να εξελιχθεί σε ένα φορέα τριμερούς αποστολής για την χρηματοδότηση μακροχρόνιων επενδύσεων, συστηματικής αποπληρωμής μέρους του δημόσιου χρέους και μελλοντικής στήριξης του ασφαλιστικού συστήματος για την Νέα Γενιά.","Once it is back under national control, the Superfund should evolve into a tripartite mission to finance long-term investment, systematic repayment of part of the public debt and future support for the insurance system for the New Generation.","414",NA
"4. ΕΠΟΠΤΕΙΑ ΑΓΟΡΩΝ ΚΑΙ ΕΠΕΝΔΥΣΕΩΝ","4. MARKET AND INVESTMENT SUPERVISION","H",NA
"Α. ΡΥΘΜΙΣΤΙΚΕΣ ΑΡΧΕΣ","A. REGULATORY AUTHORITIES","H",NA
"Παράλληλα με την ανάπτυξη και τον εκσυγχρονισμό των εργαλείων χρηματοδότησης επενδύσεων, χρειάζεται ένα νέο πλαίσιο εποπτείας και ελέγχου των αγορών.","In parallel with the development and modernisation of investment financing instruments, a new framework for market surveillance and control is needed.","403",NA
"Γ ια την διαμόρφωση μιας καλύτερης, πιο ανθεκτικής και πιο συμμετοχικής οικονομίας, οι επιχειρήσεις έχουν και αυτές την υποχρέωση να είναι υπεύθυνες έναντι του καταναλωτή, συνεπείς έναντι του κράτους και δίκαιες στους εργαζομένους τους.","In order to build a better, more resilient and more inclusive economy, businesses also have an obligation to be responsible to consumers, consistent with the State and fair to their employees.","403",NA
"Το κράτος χρειάζεται να γίνει πιο σύγχρονο και αποτελεσματικό στην εποπτεία και τους ελέγχους που ασκεί, χωρίς εκδικητικότητα και γραφειοκρατία, αλλά με σαφή γνώμονα την διευκόλυνση της επιχειρηματικότητας, την αντιμετώπιση της παραβίασης των εργασιακών και φορολογικών υποχρεώσεων και την προώθηση του ανταγωνισμού.","The state needs to become more modern and effective in its supervision and controls, without vindictiveness and bureaucracy, but with a clear focus on facilitating entrepreneurship, tackling labour and tax violations and promoting competition.","403",NA
"Στην κατεύθυνση αυτή είχαμε ήδη από τις προηγούμενες εκλογές προτείνει τα εξής, τα οποία δυστυχώς εξακολουθούν να είναι απολύτως επίκαιρα και αναγκαία σήμερα:","In this direction, we had already proposed the following since the last elections, which unfortunately are still absolutely relevant and necessary today:","403",NA
"1. Αποτυχίες στην Διακυβέρνηση και την Εποπτεία των Αγορών","1. Failures in the governance and supervision of the markets","H",NA
"Τις προηγούμενες δεκαετίες ιδρύθηκαν στην χώρα μας πολλές νέες ρυθμιστικές αρχές για τον έλεγχο και την εποπτεία των αγορών, την διασφάλιση του ανταγωνισμού και την προστασία των καταναλωτών.","In the past decades, many new regulatory authorities have been established in our country to control and supervise markets, ensure competition and protect consumers.","403",NA
"Η ίδρυση τους υπαγορεύθηκε είτε από ανάλογες οδηγίες και πρακτικές της ΕΕ, είτε από την ανάγκη αντιμετώπισης νέων και πολύπλοκων συνθηκών που διαμορφώθηκαν στις αγορές και τις οποίες το μέχρι τότε θεσμικό πλαίσιο αδυνατούσε να αντιμετωπίσει αποτελεσματικά.","Their establishment was dictated either by similar EU directives and practices, or by the need to address new and complex conditions that have emerged in the markets and which the institutional framework until then was unable to deal with effectively.","403",NA
"Σήμερα οι Ανεξάρτητες Διοικητικές Αρχές (Α.Δ.Α.) στην Ελλάδα ανέρχονται πάνω από 30.","Today there are more than 30 Independent Administrative Authorities (IAs) in Greece.","403",NA
"Ενδεικτικά αναφέρουμε μερικές από αυτές, όπως το Εθνικό Συμβούλιο Ραδιοτηλεόρασης, Εθνική Επιτροπή Τηλεπικοινωνιών και Ταχυδρομείων (ΕΕΤΤ), Επιτροπή Ανταγωνισμού (ΕΑ) και Ρυθμιστική Αρχή Ενέργειας (ΡΑΕ).","Some of them are the National Broadcasting Council, the National Telecommunications and Postal Commission (EETT), the Competition Commission (CC) and the Energy Regulatory Authority (RAE).","403",NA
"Κάποιες θεωρούνται ως ανεξάρτητοι φορείς κατόπιν ειδικών ρυθμίσεων, όπως είναι Επιτροπή Κεφαλαιαγοράς (ΕΚ).","Some are considered as independent bodies under specific arrangements, such as the Securities and Exchange Commission (SEC).","403",NA
"Οι εκάστοτε πρωτοβουλίες ίδρυσης νέων αρχών έστιαζαν κυρίως στον υπό ανάπτυξη τομέα, χωρίς πάντα να λαμβάνεται υπόψη η αλληλεπίδραση με άλλους τομείς.","The initiatives to establish new authorities have focused mainly on the sector under development, without always taking into account the interaction with other sectors.","403",NA
"Μια από τις συνέπειες της αλλεπάλληλης και παράλληλης δημιουργίας Ρυθμιστικών Αρχών σε κάθε μεμονωμένο τομέα αγοράς είναι η συχνή επικάλυψη θεμάτων, η πολυπρόσωπη και δαπανηρή διάρθρωση δεκάδων οργάνων διοίκησης, οι εκτεταμένες απαιτήσεις ανθρώπινων και φυσικών πόρων συχνά για ομοειδή αντικείμενα, και τελικά η δυσκολία απόκτησης ολοκληρωμένης πληροφόρησης σε διατομεακά ζητήματα.","One of the consequences of the successive and parallel creation of Regulatory Authorities in each individual market sector is the frequent duplication of issues, the multi-personal and costly structure of dozens of administrative bodies, the extensive demands on human and physical resources often for similar subjects, and ultimately the difficulty of obtaining comprehensive information on cross-sectoral issues.","403",NA
"Όχι σπάνια, ανακύπτει και σύγκρουση αρμοδιοτήτων και παρεμβάσεων για το ίδιο ζήτημα, ενώ σε άλλες περιπτώσεις παρουσιάζεται αδυναμία αποτελεσματικής παρέμβασης και ελέγχου.","Not infrequently, conflicts of competence and intervention on the same issue arise, while in other cases there is a lack of effective intervention and control.","403",NA
"Είναι χαρακτηριστικές οι αδυναμίες έγκαιρης και ολοκληρωμένης παρέμβασης σε τρεις τουλάχιστον κρίσιμες περιπτώσεις:","The failure to intervene in a timely and comprehensive manner is typical in at least three critical cases:","403",NA
"Παράδειγμα 1: Ρυθμιστική Αρχή Ενέργειας.","Example 1: Energy Regulatory Authority.","H",NA
"Παρά την μακρά εμπειρία στα θέματα τιμολόγησης και εμπορίας ηλεκτρισμού, η ΡΑΕ δεν διείδε εγκαίρως τις ανεξέλεγκτες συνέπειες που θα είχε η λειτουργία του Χρηματιστηρίου Ενέργειας για την διαμόρφωση των τιμών σε όλη την έκταση της ζήτησης, ούτε για την εκτόξευση των υπερκερδών των εταιρειών εμπορίας.","Despite its long experience in electricity pricing and trading, the RAE did not foresee in time the uncontrolled consequences that the operation of the Energy Exchange would have on the price formation across the entire demand spectrum, nor on the surge in excess profits of the trading companies.","403",NA
"Αποτέλεσμα ήταν να υπάρξει μια περίοδος έντονης και αφύσικης ανόδου στις ενεργειακές τιμές που τίναξε στον αέρα τους προϋπολογισμούς των νοικοκυριών και προκάλεσε αλγεινή εντύπωση για τον επερχόμενο πληθωρισμό.","The result was a period of sharp and unnatural rises in energy prices that blew household budgets out of the water and gave rise to alarm about the coming inflation.","403",NA
"Παράδειγμα 2: Ρυθμιστική Αρχή Παιγνίων.","Example 2: Gambling Regulatory Authority.","H",NA
"Τα τελευταία χρόνια και ιδιαίτερα την περίοδο της πανδημίας ο τομέας των στοιχημάτων και των τυχερών παιγνίων γενικότερα γνώρισε τρομακτική επέκταση στην χώρα μας, ιδιαίτερα με την χρήση διαδικτύου.","In recent years, and particularly during the pandemic period, the betting and gambling sector in general has seen a tremendous expansion in our country, especially with the use of the internet.","403",NA
"Το 2021, ο συνολικός κύκλος εργασιών των τυχερών παιχνιδιών (ΤΟΡ) ανήλθε σε 18,7 δισ. ευρώ έναντι 16 δισ. ευρώ το 2020.","In 2021, total gambling turnover (TOR) amounted to €18.7 billion compared to €16 billion in 2020.","403",NA
"Υπερβαίνει δηλαδή πλέον το 10% του ΑΕΠ και διαρκώς επεκτείνεται!","This means that it now exceeds 10% of GDP and is constantly expanding!","403",NA
"Μόνο το 2021 η Επιτροπή Παιγνίων (ΕΕΕΠ)","In 2021 alone, the Gaming Commission (GCC)","403",NA
"προχώρησε στην αδειοδότηση 15 νέων διαδικτυακών παρόχων παιγνίων, ενώ ένα νέο κύμα αναμένεται να προκαλέσει η ίδρυση νέων καζίνο και η επέκταση ήδη υφισταμένων, [ΐ]","proceeded to license 15 new online gaming providers, while a new wave is expected to be triggered by the establishment of new casinos and the expansion of existing ones, [i]","403",NA
"Η δημόσια συζήτηση περιστρέφεται σχεδόν αποκλειστικά γύρω από τις εισπράξεις του κράτους, αφήνοντας εκτός ημερήσιας διάταξης τις ολέθριες μακροχρόνιες συνέπειες που προκαλεί στην κοινωνία ο εθισμός στα τυχερά παιγνίδια και η ανάγκη για αυστηρούς ελέγχους σε όσους συμμετέχουν.","The public debate revolves almost exclusively around the state's revenue, leaving off the agenda the dire long-term consequences that gambling addiction causes to society and the need for strict controls on those who participate.","403",NA
"Παράδειγμα 3: Επιτροπή Κεφαλαιαγοράς.","Example 3: Securities and Exchange Commission.","H",NA
"Τα προβλήματα εταιρικής κατάχρησης εντάθηκαν τα χρόνια της κρίσης, στην διάρκεια της οποίας αρκετές επιχειρήσεις κήρυξαν πτώχευση αφήνοντας απλήρωτους εργαζόμενους, ανεξόφλητα δάνεια και χρέη στο δημόσιο, ενώ οι ιδιοκτήτες τους εξακολουθούσαν να διατηρούν αδικαιολόγητα μεγάλη προσωπική και οικογενειακή περιουσία.","The problems of corporate abuse intensified during the years of the crisis, during which several companies declared bankruptcy, leaving unpaid workers, unpaid loans and debts to the state, while their owners continued to hold unreasonably large personal and family fortunes.","414",NA
"Οι «πτωχευμένοι πλούσιοι» είναι ένα φαινόμενο ευτελισμού των κοινωνικών αξιών, πρόκλησης για τους εργαζόμενους και τους άνεργους, αλλά και αδικίας και δυσφήμησης για τις συνεπείς επιχειρήσεις και την υπεύθυνη επιχειρηματικότητα.","The ""bankrupt rich"" is a phenomenon of trivialisation of social values, a challenge to the working and unemployed, but also an injustice and a discredit to responsible business and responsible entrepreneurship.","414",NA
"Οι περιπτώσεις αυτές προέκυψαν με κακές και δόλιες πρακτικές, είτε τοποθετώντας στην εμφανή διοίκηση αχυρανθρώπους, είτε περνώντας τα ατομικά περιουσιακά τους στοιχεία σε μέλη της οικογένειας (συζύγους, παιδιά) ή σε τραστ του εξωτερικού και οϊϊβΙίογθ.","These cases have arisen through bad and fraudulent practices, either by placing straw men in the apparent management, or by passing on their individual assets to family members (spouses, children) or to foreign trusts and overseas trusts.","414",NA
"Αυτές οι καταδολιευτικές μεταβιβάσεις μπορούν με τα σημερινά τεχνικά μέσα και την διακρατική δικαστική συνεργασία να εντοπιστούν πολύ πιο εύκολα από πριν.","These abusive transfers can, with today's technical means and transnational judicial cooperation, be detected much more easily than before.","414",NA
"Η Πολιτεία οφείλει να κινηθεί έγκαιρα και αποτελεσματικά για να τις ακυρώσει και να αποδώσει τα οφειλώμενα στους εργαζόμενους και τα δημόσια ταμεία.","The State must act in a timely and effective manner to cancel them and pay back what is owed to workers and public funds.","414",NA
"Μόνο με αυστηρό καταλογισμό ευθυνών και κατάσχεση των δολίως διαφυγόντων περιουσιακών στοιχείων μπορεί να θεμελιωθεί ένα υπεύθυνο εταιρικό πλαίσιο που είναι αξιόπιστο και ελκυστικό για νέες πρωτοβουλίες και επενδύσεις.","Only through strict accountability and the confiscation of fraudulent assets can a responsible corporate framework be established that is credible and attractive for new initiatives and investments.","414",NA
"Παράδειγμα 4; Αποτυχία ρυθμιστικών αρχών στην διασφάλιση δημοσίων αγαθών","Example 4? Failure of regulators to safeguard public goods","H",NA
"Ενώ από την ίδρυση τους στην Ελλάδα οι Ρυθμιστικές Αρχές έχουν ως αποστολή να μεριμνούν για την εύρυθμη λειτουργία των αγορών ώστε να διασφαλίζεται είτε η απρόσκοπτη παραγωγή, παροχή και προμήθεια βασικών δημοσίων αγαθών είτε η αίσθηση αποτελεσματικότητας και ασφάλειας στην κοινωνία, εντούτοις πολλές φορές δεν υπήρξε έγκαιρος σχεδιασμός ή προληπτική δράση για την επίτευξη αυτών των στόχων - όπως έδειξαν και τα παραπάνω παραδείγματα.","While since their establishment in Greece, the Regulatory Authorities have been tasked with ensuring the proper functioning of markets to ensure either the uninterrupted production, provision and supply of essential public goods or a sense of efficiency and security in society, however, there has often been no timely planning or proactive action to achieve these objectives - as the above examples have shown.","403",NA
"Αγαθά όπως το νερό, η ενέργεια, οι μεταφορές εμφανίζουν αρκετά δείγματα αναποτελεσματικής λειτουργίας είτε εξαιτίας του ανεξέλεγκτου ιδιοκτησιακού καθεστώτος που δεν κρίνει καθοριστική την επαρκή παροχή τους είτε λόγω παρεμπόδισης της χρήσης τους από το ευρύ κοινό.","Goods such as water, energy, transport show several examples of inefficient operation either because of uncontrolled ownership that does not consider their adequate provision to be decisive or because the general public is prevented from using them.","403",NA
"2. Συντονισμός/Αξιολόγηση Ρυθμιστικών Αρχών","2. Coordination/evaluation of regulatory authorities","H",NA
"Τα τελευταία χρόνια γίνεται προσπάθεια αξιολόγησης όλων των ΑΔΑ, παγκοσμίως, και ιδιαίτερα εκείνων που αφορούν πιο άμεσα στην οικονομική δραστηριότητα όπως είναι οι παρακάτω: ΕΑ, ΕΕΤΤ, ΡΑΕ και η ΕΚ.","In recent years, there has been an effort to evaluate all regulatory authorities, worldwide, and particularly those that relate more directly to economic activity such as the following: EA, EETT, RAE and the EC.","403",NA
"Βασική αναφορά της προσπάθειας αυτής αποτελεί το εγχειρίδιο της Παγκόσμιας Τράπεζας που εκθέτει τα περιεχόμενα και τη σημασία της αξιολόγησης των ρυθμιστικών αρχών.","A key reference for this effort is the World Bank's handbook which sets out the contents and importance of the evaluation of regulators.","403",NA
"Τα κύρια ερωτήματα που αφορούν την αξιολόγηση των ΑΔΑ είναι αν εκπληρώνονται αποτελεσματικά οι δεσμεύσεις και οι στόχοι των ΑΔΑ και αν οι δραστηριότητές τους έχουν θετικά αποτελέσματα στην κοινωνία και οικονομία, από πλευράς κόστους και οφέλους.","The main questions related to the evaluation of RSAs are whether the commitments and objectives of the RSAs are being effectively fulfilled and whether their activities are having a positive impact on society and the economy in terms of costs and benefits.","403",NA
"Επίσης, σκοπός της αξιολόγησης είναι να αναδείξει πιθανά εμπόδια και δυσλειτουργίες στην εκπλήρωση των στόχων των ΑΔΑ.","The purpose of the evaluation is also to highlight potential obstacles and malfunctions in the fulfilment of the objectives of the DRAs.","403",NA
"Η αξιολόγηση των ΑΔΑ μπορεί να πραγματοποιηθεί από Ομάδα εξωτερικών εμπειρογνωμόνων, που θα προτείνει το Ελληνικό κοινοβούλιο με επαυξημένη πλειοψηφία.","The evaluation of the SDGs may be carried out by a Group of external experts, proposed by the Greek Parliament by an increased majority.","403",NA
"Η Ομάδα αυτή θα θέσει τις αρχές και την μεθοδολογία αξιολόγησης, και θα καθορίσει τα ποιοτικά και ποσοτικά κριτήρια της αξιολόγησης.","This group will set out the principles and methodology of the evaluation, and define the qualitative and quantitative criteria for the evaluation.","403",NA
"Στο τέλος της αξιολόγησης, θα παραδώσει στην Ελληνική Βουλή την έκθεσή, τεκμηριώνοντας τα πορίσματα της έρευνας.","At the end of the evaluation, it will deliver a report to the Greek Parliament, documenting the findings of the investigation.","403",NA
"Πριν από την εξωτερική αξιολόγηση, κάθε μια από τις ΑΔΑ θα μπορούσε να προβεί σε εσωτερική αξιολόγηση ακολουθώντας την μεθοδολογία αξιολόγησης που θα προταθεί από το πάνελ εμπειρογνωμόνων.","Prior to the external evaluation, each of the SAIs could carry out an internal evaluation following the evaluation methodology proposed by the expert panel.","403",NA
"Γ ια τους λόγους αυτούς χρειάζεται να διαμορφώσουμε ένα πλαίσιο καλύτερου συντονισμού μεταξύ της Επιτροπής Ανταγωνισμού και των ρυθμιστικών αρχών σε επιμέρους αγορές, όπως στους τομείς Ενέργειας, Τηλεπικοινωνιών, Επιβατηγών Μεταφορών, Παιγνίων, Νερού, και άλλων υπηρεσιών.","For these reasons we need to establish a framework for better coordination between the Competition Commission and regulators in individual markets, such as in the areas of Energy, Telecommunications, Passenger Transport, Gaming, Water, and other services.","403",NA
"Ο συντονισμός έχει στόχο την ολοκληρωμένη διαχείριση εταιρικών θεμάτων, την αντιμετώπιση νέων αναγκών, όπως το Ηλεκτρονικό Εμπόριο και το δικτυακό επιχειρείν και η εξοικονόμηση κόστους διοικητικής λειτουργίας.","Coordination is aimed at the integrated management of corporate issues, addressing new needs such as e-commerce and network business and saving administrative costs.","403",NA
"Επιπλέον θα διασφαλίζει την επαρκή και προσιτή παροχή κρίσιμων δημόσιων αγαθών στους πολίτες, και θα αποτρέπει την επικράτηση ιδιωτικών μονοπωλιακών συμφερόντων στην παραγωγή και διαχείριση τους.","It will also ensure the adequate and affordable provision of critical public goods to citizens, and prevent private monopolistic interests from prevailing in their production and management.","403",NA
"Γ ια την απόκτηση μεγαλύτερου κύρους, προτείνουμε την ανάθεση στην Προεδρία της Δημοκρατίας της αρμοδιότητας να ορίζει τους προέδρους των Ανώτατων Δικαστηρίων και των Ανεξάρτητων Αρχών, ύστερα από υπόδειξη υποψηφίων από τη συμπολίτευση και την αντιπολίτευση στη Βουλή.","In order to gain greater prestige, we propose that the Presidency of the Republic be given the power to appoint the presidents of the Supreme Courts and the Independent Authorities, following the nomination of candidates by the opposition and the coalition in Parliament.","403",NA
"Στο ίδιο πλαίσιο στηρίζουμε την ενεργοποίηση και ενίσχυση του θεσμού του Ελληνικού Συμβουλίου Εταιρικής Διακυβέρνησης (ΕΣΕΔ), που λειτουργεί υπό την αιγίδα του ΧΑΑ και του ΣΕΒ και το οποίο μπορεί να διαδραματίσει σημαντικό ρόλο στην υιοθέτηση βέλτιστων διεθνών πρακτικών εταιρικής διακυβέρνησης για εισηγμένες και μικρο-μεσαίες εταιρείες.","In the same context, we support the activation and strengthening of the institution of the Greek Corporate Governance Council (GCCG), which operates under the auspices of the CSE and SEV and which can play an important role in the adoption of best international corporate governance practices for listed and small and medium-sized companies.","403",NA
"Επίσης την ενίσχυση της ανεξαρτησίας των διοικητικών οργάνων της Επιτροπής Κεφαλαιαγοράς με διακριτούς ρόλους εποπτεύοντος- εποπτευόμενου, όπως, για παράδειγμα, την μη-συμμετοχή εττοτττευομένων φορέων στο ΔΣ της ΕΚ.","Also the strengthening of the independence of the governing bodies of the Securities and Exchange Commission with distinct roles of supervisor-supervised, such as, for example, the non-participation of listed entities in the Board of the EC.","403",NA
"Οι ρυθμιστικές αρχές οφείλουν να δημοσιεύουν ετήσιο απολογισμό δράσης, με τεκμηρίωση των παρεμβάσεων τους και εκτίμηση των συνεπειών που είχαν στην κατεύθυνση περαιτέρω ανάπτυξης και προώθησης του ανταγωνισμού στην ελληνική οικονομία.","Regulators are required to publish an annual report on their actions, documenting their interventions and assessing their impact on further development and promotion of competition in the Greek economy.","403",NA
"Οι απολογισμοί των ρυθμιστικών αρχών περιέχουν επίσης και σύγκριση επιδόσεων με αντίστοιχους ευρωπαϊκούς θεσμούς, ώστε να διευκολύνεται και να παρακολουθείται η υιοθέτηση βέλτιστων πρακτικών από την χώρα μας.","The reports of the regulatory authorities also include a performance comparison with corresponding European institutions, in order to facilitate and monitor the adoption of best practices by our country.","403",NA
"3. Συντονισμός/Αξιολόγηση ελεγκτικών κλιμακίων αγορών","3. Co-ordination/evaluation of market scales of scrutiny","H",NA
"Σήμερα υπάρχουν επίσης πολλές δημόσιες Υπηρεσίες και Επιθεωρήσεις, οι οποίες ελέγχουν την συμμόρφωση των επιχειρήσεων και των πολιτών στις οικονομικές και εργασιακές υποχρεώσεις τους, με στόχο την αντιμετώπιση παραβατικών φαινομένων, όπως φοροδιαφυγή, δασμο-αποφυγή, λαθρεμπόριο, μαύρη εργασία, εισφοροδιαφυγή, κλπ. Για την αντιμετώπιση και τον περιορισμό της οικονομικής και εργασιακής παραβατικότητας χρειάζεται μια νέα διάρθρωση των δημοσίων υπηρεσιών και ένας καλύτερος συντονισμός των ελέγχων και του καταλογισμού αδικημάτων.","Today there are also many public services and Inspectorates, which control the compliance of businesses and citizens with their financial and labour obligations, with the aim of tackling delinquent phenomena such as tax evasion, duty evasion, smuggling, undeclared work, tax evasion, etc. In order to tackle and reduce economic and labour delinquency, a new structure of public services and better coordination of controls and prosecution of offences are needed.","403",NA
"Προτείνουμε να διαμορφωθεί ένα νέο πλαίσιο συντονισμού και κοινής δράσης που περιλαμβάνει το ΣΔΟΕ, τα Κλιμάκια Ελέγχου Διακίνησης και Αποθήκευσης Καυσίμων και μετρολογίας (ΚΕΔΑΚ), το Σώμα Επιθεώρησης Εργασίας, καθώς φυσικά και την Οικονομική Αστυνομία με ενισχυμένες αρμοδιότητες ελέγχου και καταλογισμού φοροδιαφυγής, λαθρεμπορίου και εισφοροδιαφυγής.","We propose to form a new framework for coordination and joint action that includes the State Tax Inspectorate, the Fuel Circulation and Storage and Metrology Control Groups (KEDAK), the Labour Inspectorate and, of course, the Financial Police with enhanced powers to control and prosecute tax evasion, smuggling and tax evasion.","403",NA
"Οι ελεγκτικές αρχές οφείλουν να δημοσιεύουν ετήσιο απολογισμό δράσης, με τεκμηρίωση των παρεμβάσεων τους και εκτίμηση των αποτελεσμάτων που είχαν στην κατεύθυνση αντιμετώπισης παραβατικών πρακτικών στην ελληνική οικονομία.","The audit authorities are required to publish an annual report on their actions, documenting their interventions and assessing the results they have had in tackling illegal practices in the Greek economy.","403",NA
"Οι απολογισμοί των ελεγκτικών αρχών περιέχουν επίσης και σύγκριση επιδόσεων με αντίστοιχους ευρωπαϊκούς θεσμούς, ώστε να διευκολύνεται και να παρακολουθείται η υιοθέτηση βέλτιστων πρακτικών.","The reports of the audit authorities also include a comparison of performance with similar European institutions in order to facilitate and monitor the adoption of best practices.","403",NA
"Β. ΚΑΝΟΝΕΣ ΓΙΑ ΤΑ ΙΔΙΩΤΙΚΑ ΕΠΕΝΔΥΤΙΚΑ ΚΕΦΑΛΑΙΑ (Private Equity Funds, ΡΕF).","Β. RULES FOR PRIVATE EQUITY FUNDS (PEFs).","H",NA
"Τα τελευταία χρόνια παρατηρείται και στην Ελλάδα μια μαζική έλευση Ξένων Ιδιωτικών Επενδυτικών Κεφαλαίων (ΞΙΕΚ, ή Ρηνθίθ Εςυϊΐγ Ρυηάδ, ΡΕΡ), τα οποία τοποθετούνται είτε στην αγορά ακινήτων είτε σε τράπεζες και ελληνικές επιχειρήσεις.","In recent years, Greece has witnessed a massive influx of Foreign Private Investment Funds (FIIFs, or Reynthith Esuyiyiyi Ryad, REFs), which are invested either in the real estate market or in banks and Greek companies.","403",NA
"Συνήθως η προέλευση και η ιδιοκτησιακή ταυτότητα των ΞΙΕΚ είναι άγνωστη, όπως επίσης και η φορολογική τους έδρα.","Usually the origin and ownership of FVCs is unknown, as is their tax residence.","403",NA
"Στόχος τους είναι η απόκτηση εγχώριας περιουσίας σε κατοικίες ή τουριστικά ακίνητα, η οποία μάλιστα σε πολλές περιπτώσεις συνδυάζεται με την αυτόματη απόκτηση ελληνικού διαβατηρίου (η λεγάμενη «Χρυσή Βίζα»).","Their aim is to acquire domestic property in residential or tourist real estate, which in many cases is combined with the automatic acquisition of a Greek passport (the so-called ""Golden Visa"").","403",NA
"Για αρκετούς αναλυτές, η υποδοχή αυτών των επενδύσεων αποτελεί μια σημαντική ευκαιρία τόσο για την ενίσχυση των ρυθμών ανάπτυξης και την εισροή κεφαλαίων όσο και συνολικά για την διεθνοποίηση και αναβάθμιση της εθνικής οικονομίας - χωρίς να εξετάζεται επαρκώς η προέλευση και η παραμονή των κεφαλαίων στην χώρα μας.","For many analysts, the reception of these investments represents an important opportunity both for boosting growth rates and capital inflows and overall for the internationalisation and upgrading of the national economy - without adequately examining the origin and residence of the funds in our country.","403",NA
"Σε πολλές περιπτώσεις όμως στοχεύουν στην αναδιάρθρωση των επιχειρήσεων και την γρήγορη δημιουργία υπεραξίας, την οποία μετά σπεύδουν να ρευστοποιήσουν και να απέλθουν από την ελληνική οικονομική σφαίρα - κάτι που συχνά παραβλέπεται.","In many cases, however, they aim to restructure businesses and quickly create goodwill, which they then rush to liquidate and exit the Greek economic sphere - something that is often overlooked.","403",NA
"Παρόμοιες ανησυχητικές πρακτικές είχαν αναπτυχθεί χωρίς κανόνες και περιορισμούς και σε άλλες ευρωπαϊκές χώρες.","Similar worrying practices had developed without rules and restrictions in other European countries.","403",NA
"Πρόσφατα όμως άρχισε να διαμορφώνεται μια ανησυχία για τις ανεξέλεγκτες πρακτικές των ΞΙΕΚ, την τάση τους να αποχωρούν αιφνιδιαστικά από τις αγορές στην πρώτη εκδήλωση μιας αναταραχής, καθώς και για την προσπάθεια διείσδυσης τους σε εθνικά ευαίσθητους τομείς όπως οι τηλεπικοινωνίες, η αμυντική βιομηχανία, υγεία, επισιτισμός, μέσα ενημέρωσης, κλπ.","Recently, however, a concern has begun to emerge about the unregulated practices of FDIs, their tendency to exit markets suddenly at the first sign of turmoil, and their attempts to penetrate nationally sensitive sectors such as telecommunications, defence, health, food, media, etc.","403",NA
"Για παράδειγμα:","For example:","403",NA
"Στην Ισπανία, το 2020 δημοσιεύτηκαν δύο Βασιλικά Διατάγματα που τροποποίησαν την νομοθεσία για ξένες άμεσες επενδύσεις (ΡοΓθϊςη θΐΓοεΐ Ιηνθδΐπίθηί, ΡΘΙ) με στόχο να προστατεύσουν τις ισπανικές εταιρείες από ευκαιριακές εξαγορές, σε μια περίοδο πτώσης της αξίας τους λόγω της πανδημίας.","In Spain, two Royal Decrees were published in 2020 that amended the Foreign Direct Investment legislation (RoGhisis thiGoei IinthiPiti, RTI) in order to protect Spanish companies from opportunistic acquisitions during a period of falling value due to the pandemic.","403",NA
"Ταυτόχρονα ανεστάλη το καθεστώς απελευθέρωσης σε στρατηγικούς τομείς, όπως η δημόσια ασφάλεια και υγεία.","At the same time, the liberalisation regime in strategic sectors such as public security and health was suspended.","403",NA
"Στην Ιταλία δημοσιεύτηκε ο νόμος ""Golden Power” για τον έλεγχο των ξένων επενδύσεων που απαγόρευε την διείσδυση κινεζικών συμφερόντων στις τηλεπικοινωνίες και τους τομείς της Άμυνας και Εθνικής Ασφάλειας.","In Italy, the 'Golden Power' law for the control of foreign investment was published, which prohibited the penetration of Chinese interests in the telecommunications, defence and national security sectors.","403",NA
"Όμως το 2020 ισχυροποιήθηκε ακόμη περισσότερο και περιέλαβε και άλλους τομείς όπως ενέργεια, σημαντικές υποδομές, φυσικοί πόροι κλπ. Μάλιστα η δύναμη ελέγχου και παρέμβασης του Ιταλικού κράτους μπορεί να αφορά ακόμα και “ευρωπαϊκές ξένες επενδύσεις” και όχι μόνο περιπτώσεις","But in 2020 it was further strengthened to include other sectors such as energy, major infrastructure, natural resources, etc. Indeed, the power of control and intervention of the Italian state can even concern ""European foreign investments"" and not only cases of","403",NA
"Κίνας ή άλλων χωρών εκτός ΕΕ.","China or other non-EU countries.","403",NA
"Στις χώρες της Κεντρικής Ευρώπης, μια πρόσφατη μελέτη εντόπισε ότι - μετά την πανδημία - σε όλες σχεδόν (με εξαίρεση την Πολωνία και την Τσεχία που διατηρούν ένα πιο χαλαρό καθεστώς) θεσπίστηκαν αυστηρότεροι κανόνες για τις ξένες επενδύσεις και εξαγορές (από χώρες εκτός ΕΕ), ιδιαίτερα όσον αφορά βασικές υποδομές, θέματα εθνικής ασφάλειας, φυσικούς πόρους και ιδιαίτερα το νερό, όπως επίσης και σε επενδύσεις υψηλής τεχνολογίας.","In the Central European countries, a recent study found that - after the pandemic - almost all of them (with the exception of Poland and the Czech Republic which maintain a more relaxed regime) have introduced stricter rules for foreign investments and acquisitions (from non-EU countries), especially regarding key infrastructure, national security issues, natural resources, especially water, as well as high-tech investments.","403",NA
"Κάποιες χώρες όπως Λιθουανία και Ουγγαρία επέβαλαν κανόνες και απαγορεύσεις και σε επενδύσεις που έχουν να κάνουν με ηλεκτρισμό και φυσικό αέριο.","Some countries such as Lithuania and Hungary have also imposed rules and bans on investments related to electricity and gas.","403",NA
"Σταδιακά έχει αρχίσει να διαμορφώνεται ένα καθεστώς ελέγχου και για τις αγορές ακινήτων σε χώρες της ΕΕ από ξένα επενδυτικά κεφάλαια.","A control regime has gradually begun to emerge for real estate purchases in EU countries by foreign investment funds.","403",NA
"Για παράδειγμα στην Αυστρία οι αγορές ακινήτων υπόκεινται σε έλεγχο από τοπικές-περιφερειακές αρχές ως προς τη σκοπιμότητα - αναγκαιότητα της αγοράς και αν επηρρεάζουν κοινωνικά και πολιτισμικά την περιοχή στην οποία θέλουν να αγοράσουν.","In Austria, for example, real estate purchases are subject to scrutiny by local-regional authorities as to the feasibility - necessity of the purchase and whether they have a social and cultural impact on the area in which they want to buy.","403",NA
"Στο Βέλγιο υπόκεινται σε έλεγχο από την αρχή για το Ξέπλυμα Χρήματος, ενώ στην Δανία εφαρμόζεται ένα πολύ αυστηρό πλαίσιο, το οποίο η χώρα έχει εξασφαλίσει ως εξαίρεση από την Συνθήκη Προσχώρησης της στην ΕΕ.","In Belgium they are subject to scrutiny by the Money Laundering Authority, while Denmark applies a very strict framework, which the country has secured as an exemption from its EU Accession Treaty.","403",NA
"Ο μη-Δανός αγοραστής (ακόμα και προερχόμενος από άλλη χώρα της ΕΕ) ελέγχεται διεξοδικά για το τι θέλει να κάνει με το ακίνητο, οικογενειακή κατάσταση, ποινικό μητρώο κλπ. Ανάλογη εξαίρεση μέσω της Συνθήκης Προσχώρησης έχει πετύχει και η Μάλτα, όπου απαγορεύεται η απόκτηση εξοχικής κατοικίας από μη-μόνιμους κατοίκους.","The non-Danish buyer (even coming from another EU country) is thoroughly checked on what they want to do with the property, marital status, criminal record etc. A similar exemption through the Accession Treaty has been achieved by Malta, where the acquisition of holiday homes by non-permanent residents is prohibited.","403",NA
"Σε άλλες χώρες, οι έλεγχοι επικεντρώνονται κυρίως σε φορολογικά θέματα ή στην τήρηση των διακρατικών συμφωνιών.","In other countries, checks are mainly focused on tax issues or compliance with international agreements.","403",NA
"Ορισμένες πάντως - όπως δυστυχώς και η Κύπρος - παραμένουν ξέφραγο αμπέλι. ..","However, some - such as Cyprus, unfortunately - remain a closed vineyard. ..","403",NA
"Στην Ελλάδα, η άφιξη των ΞΙΕΚ όχι μόνο δεν αντιμετωπίστηκε με περιοριστικούς κανόνες, αλλά καλωσορίστηκε ως ένα υποκατάστατο εισροής επενδυτικών κεφαλαίων κατά την περίοδο των Μνημονίων που η οικονομία μας χαρακτηριζόταν από μεγάλη έλλειψη ρευστότητας.","In Greece, the arrival of FDI was not only not met with restrictive rules, but was welcomed as a substitute for an inflow of investment capital during the period of the Memoranda when our economy was characterised by a severe lack of liquidity.","403",NA
"Την ίδια περίοδο, η χορήγηση της Χρυσής Βίζας σε ποικιλώνυμους επενδυτές από το εξωτερικό υιοθετήθηκε και εκθειάστηκε από τις διάφορες κυβερνήσεις ως ένα μέσο προσέλκυσης κεφαλαίων και τόνωσης της καθημαγμένης αγοράς ακινήτων.","During the same period, the granting of the Golden Visa to a variety of foreign investors was adopted and praised by various governments as a means of attracting capital and stimulating the stagnant property market.","403",NA
"Πλην όμως οι πολιτικές αυτές εφαρμόστηκαν άκριτα, χωρίς παρακολούθηση των εισροών κεφαλαίων και κυρίως χωρίς καμμία αξιολόγηση των επιπτώσεων που είχαν στις ελληνικές επιχειρήσεις και την ακίνητη περιουσία.","However, these policies were implemented uncritically, without monitoring capital inflows and, above all, without any assessment of their impact on Greek businesses and real estate.","403",NA
"Μέσα στο διεθνοποιημένο περιβάλλον ολιγοπωλιακών τακτικών αλλά και των πολλαπλών γεωπολιτικών κρίσεων, εμπεριέχονται κίνδυνοι τους οποίους οφείλει η ελληνική πολιτεία να προβλέψει και να ρυθμίσει πριν υποστούμε μη-αναστρέψιμες βλάβες στον τρόπο λειτουργίας της οικονομίας και στην διαχείριση της ακίνητης περιουσίας του κράτους και των ιδιωτών.","In the internationalised environment of oligopolistic tactics and multiple geopolitical crises, there are risks involved which the Greek state must anticipate and regulate before we suffer irreversible damage to the way the economy operates and to the management of state and private property.","409",NA
"Σήμερα η ελληνική οικονομία αντιμετωπίζει ένα διπλό κίνδυνο:","Today the Greek economy faces a double danger:","403",NA
"Πρώτος κίνδυνος που έχει ήδη διαπιστωθεί σε μεγάλη έκταση είναι η απόκτηση μεγάλης ακίνητης περιουσίας από άγνωστους επενδυτές τρίτων χωρών, με άδηλες προθέσεις αξιοποίησης της και αυθαίρετης μελλοντικής μεταβίβασης σε άλλους ιδιοκτήτες.","The first risk, which has already been identified on a large scale, is the acquisition of large real estate assets by unknown third-country investors with undisclosed intentions to exploit them and arbitrarily transfer them to other owners in the future.","403",NA
"Σε πολλές περιπτώσεις, η υπερ-συγκέντρωση ιδιοκτησίας μπορεί να επηρρεάσει τον χαρακτήρα εξέλιξης μιας τουριστικής περιοχής ή να αλλοιώσει σκόπιμα την σύνθεση του πληθυσμού σε περιοχές εθνικής ευαισθησίας (όπως για παράδειγμα στην Θράκη).","In many cases, over-concentration of property can affect the character of the development of a tourist area or deliberately alter the composition of the population in areas of national sensitivity (such as Thrace).","403",NA
"Δεύτερος κίνδυνος είναι ότι σε περιπτώσεις εξαγοράς επιχειρήσεων, ενδέχεται να επηρεαστεί η βιωσιμότητα των επενδύσεων από την «βιασύνη» κλειδώματος υπεραξίας και η εγχώρια εταιρεία να βρεθεί αύριο αδύναμη να αντιμετωπίσει νέες τεχνολογικές προκλήσεις.","A second risk is that in the case of acquisitions, the viability of investments may be affected by the 'rush' to lock in goodwill and the domestic company may find itself tomorrow unable to face new technological challenges.","403",NA
"Η υψηλή πιθανότητα αιφνίδιας εξόδου από μία αγορά που επιδεικνύουν οι ΞΙΕΚ για να κεφαλαιοποιήσουν το βραχυχρόνιο κέρδος, κάνει επίσης την πορεία των ελληνικών επιχειρήσεων πιο ευάλωτη στον κίνδυνο εξωτερικών διαταραχών.","The high probability of a sudden exit from a market, demonstrated by FDIs to capitalise on short-term gains, also makes the performance of Greek firms more vulnerable to the risk of external shocks.","403",NA
"Ήδη, με αφορμή την ενεργειακή κρίση, πολλά ΞΙΕΚ άρχισαν να αποχωρούν από την ελληνική αγορά.","Already, in the wake of the energy crisis, many FIIs have started to exit the Greek market.","403",NA
"Το ΠΑΣΟΚ - Κίνημα Αλλαγής πιστεύει ότι η οικονομική δραστηριότητα και ο πλούτος που δημιουργείται στην χώρα ωφελούνται μεν από τις σοβαρές ξένες επενδύσεις και τις διεθνείς συνεργασίες γιατί κομίζουν κεφάλαια και τεχνογνωσία, όχι όμως όταν αυτές γίνονται είτε εκτός πλαισίου ΕΕ είτε κερδοσκοπικά και σε βαθμό ανεξέλεγκτο που εξαφανίζει την γηγενή συμμετοχή στις επιχειρήσεις, τις τράπεζες και την κατοικία.","PASOK - Movement for Change believes that economic activity and the wealth created in the country benefit from serious foreign investment and international cooperation because it provides capital and know-how, but not when it is done either outside the EU framework or speculatively and to an uncontrolled degree that eliminates indigenous participation in businesses, banks and housing.","305.1",NA
"Για να αντιμετωπιστούν φαινόμενα μαζικών εξαγορών ακινήτων και επιχειρήσεων που αναπτύχθηκαν κατά τη διάρκεια των ετών της οικονομικής κρίσης αλλά και του έντονου ενδιαφέροντος που συνεχίζει να παρατηρείται από επενδυτικά ίυηάδ προερχόμενα κυρίως από τις αναδυόμενες αγορές της Ανατολής και άλλες χώρες εκτός ΕΕ, προτείνεται η ενίσχυση των κανόνων διαφάνειας και η πρόβλεψη προστασίας της εγχώριας ακίνητης περιουσίας από τον κινδύνους της μαζικής αφελληνοποίησης.","In order to counteract the phenomena of massive property and business takeovers that have developed during the years of the economic crisis and the strong interest that continues to be shown by investment funds, mainly from the emerging markets of the East and other non-EU countries, it is proposed that transparency rules be strengthened and that provision be made for the protection of domestic real estate from the risks of mass de-marketisation.","403",NA
"Με λίγα λόγια πιστεύουμε ότι «η οικονομία της Ελλάδας πρέπει να λειτουργεί μεν σε ένα πλαίσιο ευρωπαϊκών κανόνων αλλά με ισχυρή εθνική συμμετοχή και πρωτοβουλίες», οι οποίες διασφαλίζουν αφενός μεν την βιώσιμη ανάπτυξη χωρίς υπερκορεσμό και καταστροφή του περιβάλλοντος, αφετέρου την εγχώρια συμμετοχή στην δημιουργία και συσσώρευση της ελληνικής οικονομίας.","In short, we believe that ""Greece's economy should operate within a framework of European rules but with strong national participation and initiatives"", which ensure on the one hand sustainable growth without over-saturation and destruction of the environment, and on the other hand domestic participation in the creation and accumulation of the Greek economy.","403",NA
"Προς την κατεύθυνση αυτή προτείνουμε μια σειρά μέτρων που θα βοηθήσουν στην καλύτερη εξισορρόπηση μεταξύ ξένων και εγχώριων κεφαλαίων και την αποτροπή ενός γενικευμένου αφελληνισμού της ελληνικής οικονομίας και περιουσίας.","To this end, we propose a series of measures that will help to achieve a better balance between foreign and domestic capital and prevent a generalised desegregation of the Greek economy and property.","403",NA
"Συγκεκριμένα:","Specifically:","403",NA
"(α) Άμεση και πλήρης κατάργηση του υποτελούς καθεστώτος της Χρυσής Βίζας σε όλες τις περιοχές της χώρας και για οποιοδήποτε ποσόν εξαγοράς κατοικίας.","(a) Immediate and complete abolition of the subordinate Golden Visa regime in all regions of the country and for any amount of residence purchase.","403",NA
"Σε περιπτώσεις που έχει χορηγηθεί για συγκεκριμένη χρονική περίοδο, παύει να ισχύει στην λήξη της και δεν αντικαθίσταται.","In cases where it has been granted for a specific period of time, it shall cease to be valid at its expiry and shall not be replaced.","403",NA
"(β) Η απόκτηση ακίνητης περιουσίας (κατοικιών, τουριστικών επιχειρήσεων, κλπ) υπόκειται σε έλεγχο σκοπιμότητας για την διαπίστωση της ανθεκτικότητας, βιωσιμότητας, και μη-αλλοίωσης κρίσιμων πολιτισμικών, γεωμορφικών και οικιστικών χαρακτηριστικών.","(b) The acquisition of real estate (residential properties, tourism businesses, etc.) is subject to a feasibility check to determine the durability, viability, and non-alteration of critical cultural, geomorphic and settlement features.","403",NA
"Νόμος θα καθορίζει το μέγιστο επιτρεπόμενο ποσοστό απόκτησης ακίνητης περιουσίας σε μία περιοχή από αγοραστές ξένης υπηκοότητας εκτός ΕΕ, μετά από εξειδικευμένες μελέτες της Περιφέρειας και των αρμοδίων τοπικών αρχών.","A law will set the maximum permissible rate of acquisition of real estate in a region by non-EU foreign buyers, after specialised studies by the Region and the relevant local authorities.","403",NA
"(γ) Χρειάζεται επικαιροποίηση του νομοθετικού πλαισίου ώστε να περιέχει προβλέψεις και κανόνες έναντι των μαζικών εξαγορών και να προστατεύει τους κανόνες του υγιούς ανταγωνισμού.","(c) The legislative framework needs to be updated to include provisions and rules against mass acquisitions and to protect the rules of healthy competition.","403",NA
"(δ) Απαγορεύεται επί μία δεκαετία η εξαγορά από ΞΙΕΚ ελληνικών επιχειρήσεων που δραστηριοποιούνται στους τομείς Υγείας, Ενέργειας, Ασφάλειας και Άμυνας ή και σε άλλους που θα θεωρηθούν στρατηγικής σημασίας σε μια κρίσιμη συγκυρία.","(d) The acquisition by FDIs of Greek companies operating in the Health, Energy, Security and Defence sectors or in other sectors considered to be of strategic importance at a critical juncture is prohibited for a period of ten years.","403",NA
"Συνεργασίες και συνέργειες μπορεί να προβλέπονται μεταξύ χωρών της ΕΕ είτε μέσω διμερών συμφωνιών.","Cooperation and synergies can be envisaged between EU countries or through bilateral agreements.","403",NA
"(ε) Υποστηρίζουμε την βιωσιμότητα των χιλιάδων εγχώριων επιχειρήσεων που αποτελούν έναν από τους σημαντικότερους παράγοντες αιμοδοσίας της εθνικής οικονομίας και κυρίως ενίσχυσης της απασχόλησης και προώθησης των εγχώριων προϊόντων και υπηρεσιών.","(e) We support the viability of the thousands of domestic enterprises that are one of the most important blood pumping factors of the national economy and, above all, boosting employment and promoting domestic products and services.","403",NA
"Η πολιτική αυτή, όχι μόνο δεν αποτελεί εμπόδιο στην επιχειρηματικότητα, αλλά δημιουργεί πιο υγιείς προϋποθέσεις και πιο ελκυστικές συνθήκες για ουσιαστικές και μακροπρόθεσμες επενδύσεις σε μια εθνική οικονομία που στηρίζεται σε σταθερές βάσεις και εκπέμπει περισσότερη επενδυτική σιγουριά και αποδοτικότητα.","This policy not only does not constitute an obstacle to entrepreneurship, but creates healthier conditions and more attractive conditions for substantial and long-term investment in a national economy that is based on a solid foundation and radiates greater investment confidence and profitability.","403",NA
"5. ΤΟ ΒΟΥΝΟ ΤΟΥ ΙΔΙΩΤΙΚΟΥ ΧΡΕΟΥΣ","5. THE MOUNTAIN OF PRIVATE DEBT","H",NA
"Μετά την οικονομική κρίση του 2008 το πρόβλημα του Ιδιωτικού Χρέους άρχισε να μεγαλώνει, να γίνεται επιβαρυντικό για κάθε οικονομία και δυστυχώς πήρε μια νέα διάσταση λόγω της κρίσης της πανδημίας αλλά και λόγω του πολέμου το πρόβλημα διογκώθηκε για τις επιχειρήσεις.","After the financial crisis of 2008 the problem of Private Debt started to grow, becoming a burden for every economy and unfortunately it took a new dimension due to the pandemic crisis and also due to the war the problem became bigger for businesses.","408",NA
"Προγραμματικός στόχος του ΠΑΣΟΚ - ΚΙΝΑΛ είναι να βοηθηθούν αυτοί που πραγματικά έχουν ανάγκη, να προστατευθούν περιουσιακά στοιχεία των συνεπών οφειλετών και ιδιαίτερα η πρώτη κατοικία αλλά και δοθεί ο αναγκαίος κεφαλαιακός χρόνος και χώρος στις επιχειρήσεις για να ανταπεξέλθουν.","The programmatic goal of PASOK - KINAL is to help those who are really in need, to protect the assets of the consistent debtors and especially the first home, but also to give the necessary capital time and space to businesses to cope.","408",NA
"5.1 Η κατάσταση σήμερα","5.1 The current situation","H",NA
"Σε παγκόσμιο επίπεδο η αύξηση του ιδιωτικού χρέους των επιχειρήσεων και των νοικοκυριών επιδεινώθηκε την περίοδο της πανδημίας.","Globally, the growth in private corporate and household debt worsened during the pandemic period.","408",NA
"Στην Ελλάδα στις αρχές της δεκαετίας του 2000 ήταν περίπου στο 50% του ΑΕΠ, 2011 - 2012 κορυφώθηκε κατόπιν υπήρξε μια μικρή μείωση και σήμερα βρίσκεται στα επίπεδα του 2016, πάνω από το 100% του ΑΕΠ της χώρας.","In Greece in the early 2000s it was around 50% of GDP, 2011 - 2012 it peaked then there was a slight decline and today it is at 2016 levels, over 100% of the country's GDP.","408",NA
"Σε απόλυτους αριθμούς, για το οικονομικά ασθενέστερο 50% η Ελλάδα διολισθαίνει από το 5.5% πλούτου τη δεκαετία του 2000 στο -1.8% χρέος το 2021.","In absolute terms, for the economically weakest 50% Greece slides from 5.5% wealth in the 2000s to -1.8% debt in 2021.","408",NA
"Δηλαδή, το οικονομικά ασθενέστερο 50% των ελληνικών νοικοκυριών έχει σήμερα περισσότερο χρέος από ό,τι πλούτο.","That is, the economically weakest 50% of Greek households currently have more debt than wealth.","408",NA
"Ο τραπεζικός τομέας είναι εκτεθειμένος στο ιδιωτικό χρέος σε πολύ μεγάλο βαθμό.","The banking sector is exposed to private debt to a very large extent.","408",NA
"Το Ελληνικό ιδιωτικό χρέος ανήλθε σε 221 δισ ευρώ το 2021 και αυξημένο σημαντικά από τα 202 δισ ευρώ το 2019.","Greek private debt stood at €221 billion in 2021, up significantly from €202 billion in 2019.","408",NA
"Τα μη εξυπηρετούμενα δάνεια παραμένουν το 2021 σημαντικά υψηλότερα του μέσου των χωρών της ΕΕ(12,8% ως ποσοστό του συνόλου των δανείων έναντι μόλις 2,1% στην ΕΕ).","Non-performing loans remain in 2021 significantly higher than the EU average (12.8% as a percentage of total loans compared to only 2.1% in the EU).","408",NA
"Συνολικά το ιδιωτικό χρέος υπερβαίνει τα 260 δισ ευρώ, το τελευταίο τρίμηνο του 2021.","Total private debt exceeds EUR 260 billion in the last quarter of 2021.","408",NA
"Οι απλήρωτες οφειλές προς Εφορία και ΕΦΚΑ ήταν 4,5 δις ευρώ ενώ σύμφωνα με εκτιμήσεις της Τράπεζας της Ελλάδος τα νέα κόκκινα δάνεια ετησίως θα κυμαίνονται μεταξύ 4 - 6 δις ευρώ.","The unpaid debts to the tax authorities and the National Social Security Fund were 4.5 billion euros, while according to estimates by the Bank of Greece, new red loans per year will range between 4 and 6 billion euros.","408",NA
"Αυτή τη στιγμή είναι πάνω από 1 εκ. τα κόκκινα δάνεια, είναι πάνω από 4 εκ. όσοι χρωστούν στην εφορία και πάνω από 2,3 εκ. όλοι όσοι χρωστούν στον ΕΦΚΑ.","At the moment there are more than 1 million red loans, there are more than 4 million people who owe the tax office and more than 2.3 million people who owe the EFKA.","408",NA
"Παρ’ όλες τις δηλώσεις της κυβέρνησης για ρύθμιση και μείωση των κόκκινων δανείων από τα τελευταία στοιχεία βλέπουμε ότι πάνω από το 50% των ρυθμίσεων ξα να κοκκινίζουν σε διάστημα 3 έως 6 μηνών.","Despite all the government's statements about regulating and reducing red loans from the latest data we see that more than 50% of the regulations are going red within 3 to 6 months.","408",NA
"Κόκκινα δάνεια είναι το 40% των στεγαστικών δανείων, 32% των επιχειρηματικών έκτων οποίων το 55% αφορά πολύ μικρές επιχειρήσεις.","Red loans are 40% of mortgages, 32% of business loans of which 55% are micro enterprises.","408",NA
"Ούτε με το πρόγραμμα Γέφυρα, ούτε με το νέο πτωχευτικό κώδικα η κυβέρνηση της ΝΔ κατάφερε να ρυθμίσει μη εξυπηρετούμενα δάνεια και να καταστήσει ένα ουσιαστικό εξωδικαστικό μηχανισμό ρύθμισης οφειλών αντίστοιχα.","Neither with the Bridge programme nor with the new bankruptcy code has the New Democracy government managed to regulate non-performing loans and make a substantial out-of-court debt settlement mechanism correspondingly.","408",NA
"Δεν έχει γίνει ακόμα η σύσταση του φορέα που εξήγγειλε η κυβέρνηση για την προστασία της πρώτης κατοικίας και όταν συσταθεί οι δικαιούχοι θα είναι περίπου, μόνο 3.500!","The body announced by the government for the protection of the first home has not yet been set up and when it is set up the beneficiaries will be approximately, only 3,500!","401",NA
"Οι αναγκαίες πολιτικές οφείλουν να κινηθούν στην κατεύθυνση αντιμετώπισης των βασικών αιτιών σώρευσης του προβλήματος που είναι κυρίως","The necessary policies should move towards addressing the root causes of the accumulation of the problem, which are mainly","408",NA
"α) οι στρατηγικοί κακοπληρωτές (περίπου 20% του συνόλου, οι οποίο δεν καταβάλουν πληρωμές ούτε όταν ρυθμίζεται σε μικρότερες δόσεις η οφειλή τους) καιβ) η οικονομική αδυναμία πληρωμής (80% του συνόλου) λόγω έλλειψης ρευστότητας.","a) strategic defaulters (about 20% of the total, who do not make payments even when their debt is settled in smaller instalments) and b) financial inability to pay (80% of the total) due to lack of liquidity.","408",NA
"5.2 Οι κοινοβουλευτικές παρεμβάσεις του ΠΑΣΟΚ - ΚΙΝΑΛ","5.2 The parliamentary interventions of PASOK - KINAL","H",NA
"Με δεδομένη και την αποτυχία του εξωδικαστικού μηχανισμού του Πτωχευτικού Κώδικα που ψήφισε η Κυβέρνηση της ΝΔ και την απειλή για δεκάδες χιλιάδες πλειστηριασμούς από τα ΐυηάδ, κάνουμε μια σειρά από προτάσεις όπως οι εξής.","Given the failure of the out-of-court mechanism of the Bankruptcy Code passed by the ND Government and the threat of tens of thousands of auctions by the Iyad, we make a number of proposals such as the following.","305.1",NA
"Προστατεύεται πλήρως η Α' κατοικία των δανειοληπτών που αποδεδειγμένα αδυνατούν\ια πληρώσουν τις οφειλές τους.","The first home of borrowers who are demonstrably unable to pay their debts is fully protected.","504",NA
"Δίδεται δικαίωμα προσφοράς για την αγορά του δανείου στον δανειολήπτη, πριν πωληθεί στα ίυηάε.","The borrower is given the right to offer to purchase the loan before it is sold to the Iyyaye.","408",NA
"Καθορίζεται η δυνατότητα με δικαστική απόφαση χαμηλότερων δόσεων για την εξόφληση δανείων, και ορίζεται σταθερό και χαμηλό επιτόκιο για τις ρυθμίσεις.","The possibility of lower instalments for loan repayments is established by court order, and a fixed and low interest rate is set for the arrangements.","408",NA
"Για τους συνεπείς αλλά στην τρέχουσα συγκυρία οικονομικά αδύναμους δανειολήπτες, προβλέπεται η επιδότηση από το δημόσιο των δόσεων της αποπληρωμής για συγκεκριμένη χρονική περίοδο.","For punctual but in the current economic situation financially weak borrowers, a subsidy from the state for the repayment instalments for a certain period of time is provided.","408",NA
"Κατοχυρώνεται η προστασία της αγροτικής ακίνητης περιουσίας","Protection of rural real estate is strengthened","703.1",NA
"Παράλληλα θα προωθήσουμε την σύσταση των εξής φορέων για την διαρκή παρακολούθηση και αξιολόγηση του προβλήματος των υπερχρεωμένων νοικοκυριών και επιχειρήσεων:","At the same time, we will promote the establishment of the following bodies for the continuous monitoring and evaluation of the problem of indebted households and businesses","404",NA
"1. Σύσταση Υπηρεσίας Πιστοληπτικής Αξιολόγησης","1. Establishment of a Credit Evaluation Service","404",NA
"2. Σύσταση Φορέα Απόκτησης και Εκμίσθωσης Ακινήτων για Ευάλωτα και Υπερχρεωμένα Νοικοκυριά (περίπου 100.000).",". Establishment of a Property Acquisition and Leasing Agency for Vulnerable and Over-indebted Households (approximately 100,000).","404",NA
"ΜΕΡΟΣ V Για μια σύγχρονη Ελλάδα","PART V For a modern Greece","H",NA
"1. ΜΕΤΑΡΡΥΘΜΙΣΕΙΣ ΣΤΟ ΠΟΛΙΤΙΚΟ ΣΥΣΤΗΜΑ","1. REFORMS IN THE POLITICAL SYSTEM","H",NA
"1.1 Γιατί χρειάζονται αλλαγές","1.1 Why changes are needed","H",NA
"Έχοντας δεχθεί απανωτά κύματα οικονομικής ύφεσης την περίοδο 2009-2019 στην διάρκεια της οποίας το ΑΕΠ μειώθηκε σχεδόν κατά 24% και η κοινωνική συνοχή κλονίστηκε σοβαρά κοινωνική συνοχή, η Γ' Ελληνική Δημοκρατία αποδείχθηκε ανθεκτική στις βασικές πολιτικές λειτουργίες της και τις στρατηγικές επιλογές ένταξης στην ΕΕ και την Ευρωζώνη.","Having suffered repeated waves of economic recession in the period 2009-2019 during which GDP fell by almost 24% and social cohesion was severely shaken, the Third Hellenic Republic proved resilient to its core political functions and strategic choices of EU and Eurozone membership.","202.1",NA
"Ωστόσο η παρατεταμένη οικονομική και πολιτική κρίση ανέδειξαν τα σοβαρά «υποκείμενα νοσήματα» της που διαβρώνουν την αποτελεσματικότητα της.","However, the prolonged economic and political crisis highlighted its serious ""underlying diseases"" that eroded its effectiveness.","202.1",NA
"Οι συνταγματικοί, κοινοβουλευτικοί και διοικητικοί θεσμοί μπορεί να προσομοιάζουν με τους αντίστοιχους θεσμούς πολύ πιο ώριμων δημοκρατιών, ωστόσο οι περισσότεροι απέχουν σημαντικά από τις επιδόσεις των τελευταίων.","Constitutional, parliamentary and administrative institutions may resemble those of much more mature democracies, but most of them are far from the performance of the latter.","202.3",NA
"Η αποτελεσματικότητα των θεσμών στην Ελλάδα έδειξε κατά μέσο όρο μία μικρή τάση σύγκλισης με τις πιο ανεπτυγμένες οικονομίες, μετά το 2006 μπήκε όμως σε μια πορεία έντονης απόκλισης.","The effectiveness of institutions in Greece has shown on average a slight trend towards convergence with more developed economies, but after 2006 it entered a path of sharp divergence.","202.1",NA
"Τα τελευταία χρόνια η αποτελεσματικότητα των θεσμών στην Ελλάδα απομακρύνεται ακόμα και από τον μέσο όρο των νεότερων χωρών της Ευρωζώνης, πολλώ δε μάλλον με τον αρχικό της πυρήνα.","In recent years, institutional effectiveness in Greece has been drifting away even from the average of the newer euro area countries, let alone from its original core.","202.1",NA
"Το πελατειακό κράτος και ο παρασιτικός κρατικοδίαιτος καπιταλισμός δεν ηττήθηκαν αλλά προσάρμοσαν τη δομή τους και τη λειτουργία τους στις νέες μικρότερες οικονομικές κλίμακες, παρά τις προσπάθειες να γίνουν ορισμένες μεταρρυθμίσεις που θα τις έκαναν λιγότερο πελατειακές.","The client state and parasitic state capitalism were not defeated but adapted their structure and functioning to the new smaller economic scales, despite attempts to make certain reforms that would make them less clientelistic.","304",NA
"Αν και στην διάρκεια των Μνημονίων, αρκετές πολιτικές εφαρμόστηκαν στο όνομα της βελτίωσης των θεσμών, στην πραγματικότητα οι επιδόσεις των τελευταίων χειροτέρευσαν κατά πολύ, όπως δείχνουν οι σχετικοί διεθνείς δείκτες.","Although during the Memoranda, several policies were implemented in the name of improving institutions, in reality the performance of the latter deteriorated greatly, as the relevant international indicators show.","202.1",NA
"Η Ελλάδα κατατάχθηκε 5η από το τέλος ανάμεσα στις 27 χώρες της Ευρωπαϊκής Ένωσης αλλά και ανάμεσα στις 37 χώρες του ΟΟΣΑ για το 2021 βάσει του τελευταίου «Δείκτη Αντίληψης για τη Διαφθορά» που εξέδωσε η Διεθνής Διαφάνεια, ενώ η βαθμολογία της την κατατάσσει μαζί με τα 2/3 των αξιολογούμενων χωρών με βαθμό κάτω από 50 (σε κλίμακα από 0 έως 100) που υποδηλώνει ότι έχουν σοβαρό πρόβλημα διαφθοράς.","Greece was ranked 5th from the bottom among the 27 countries of the European Union and among the 37 OECD countries for 2021 based on the latest ""Corruption Perceptions Index"" published by Transparency International, while its score ranks it along with 2/3 of the assessed countries with a score below 50 (on a scale from 0 to 100) indicating that they have a serious corruption problem.","304",NA
"Κατατάχθηκε βάσει του τελευταίου «Δείκτη Ελευθερίας του Τύπου» που δημοσίευσαν το 2021 οι «Δημοσιογράφοι χωρίς Σύνορα» τρίτη από το τέλος ανάμεσα στις χώρες της ΕΕ υποχωρώντας, σε ένα χρόνο κατά 5 θέσεις, στην 70η θέση στην παγκόσμια κατάταξη.","It was ranked by the latest ""Press Freedom Index"" published in 2021 by Reporters Without Borders third from the bottom among EU countries, dropping, in one year by 5 places, to 70th place in the global ranking.","304",NA
"Η χώρα είναι συστηματικά ουραγός στην την ταχύτητα είναι ουραγός στην απονομή της παραμένει πολύ αργή συγκριτικά με τα ευρωπαϊκά δεδομένα όπως καταδεικνύεται από τις ετήσιες εκθέσεις «Ευ ϋυεΐίοβ δοοΓθόοθΓά» της Κομισιόν, που αξιολογούν την κατάσταση των δικαστικών συστημάτων κάθε χώρας της ΕΕ.","The country is consistently lagging behind in speed is lagging behind in the award of remains very slow compared to European standards as demonstrated by the annual reports ""Eu ueyev dogoGothGa"" of the Commission, which assess the state of the judicial systems of each EU country.","202.1",NA
"Επιπλέον η ειδική έκθεση του Παγκόσμιου Οικονομικού Φόρουμ στα τέλη του 2020 περιέγραψε έντεκα προτεραιότητες για τη βιώσιμη μετάβαση στη μετά Οονΐά-19 εποχή και επέλεξε να υπολογίσει στοχευμένα την επίδοση 37 χωρών στα πεδία αυτά στο «θεσμικό» πεδίο της «διασφάλισης ισχυρών κυβερνητικών αρχών και μακροχρόνιου οράματος για τους δημόσιους θεσμούς και κτισίματος εμπιστοσύνης των πολιτών» κατετάγη 32η από τις 37 χώρες και 19η από τις 20 αξιολογούμενες ευρωπαϊκές χώρες.","In addition, the World Economic Forum's special report in late 2020 outlined eleven priorities for a sustainable transition to the post-One-19 era and chose to target 37 countries' performance in these areas in the ""institutional"" area of ""ensuring strong government authorities and a long-term vision for public institutions and building citizens' trust"" ranked 32nd out of 37 countries and 19th out of 20 European countries assessed.","305.3",NA
"Εάν κάποιος συγκρίνει τις κατατάξεις των χωρών βάσει του δείκτη ανθρώπινης ανάπτυξης του ΟΗΕ και του δείκτη ανταγωνιστικότητας του Παγκόσμιου Οικονομικού Φόρουμ, με τους προαναφερόμενους «θεσμικούς» δείκτες θα διαπιστώσει ότι κάποιες χώρες καταλαμβάνουν σταθερά τις υψηλότερες θέσεις σε όλες τις κατατάξεις.","If one compares the rankings of countries on the basis of the UN Human Development Index and the World Economic Forum's Competitiveness Index with the above-mentioned 'institutional' indicators, one will see that some countries consistently occupy the highest positions in all rankings.","202.1",NA
"Είναι λοιπόν προφανές ότι οι ώριμες δημοκρατίες καταφέρνουν να εξασφαλίσουν υψηλότερα επίπεδα εισοδήματος, περισσότερες ευκαιρίες επιτυχίας και καλύτερο βιοτικό επίπεδο για τους πολίτες τους.","It is therefore obvious that mature democracies manage to ensure higher levels of income, more opportunities for success and a better standard of living for their citizens.","202.1",NA
"Αντιθέτως σε χώρες που οι δημοκρατικοί θεσμοί είναι ανίσχυροι τους υποκαθιστούν μηχανισμοί συναλλαγής ανάμεσα στην πολιτική εξουσία, την οικονομική εξουσία και τους πολίτες.","On the contrary, in countries where democratic institutions are weak, they are replaced by mechanisms of exchange between political power, economic power and citizens.","202.1",NA
"Συνεπώς η ενδυνάμωση των δημοκρατικών θεσμών εκτός από τη βελτίωση τη ευρωστίας της δημοκρατίας έχει ευδιάκριτο οικονομικό αποτύπωμα στην οικονομική αποτελεσματικότητα και το βιοτικό επίπεδο των πολιτών.","Therefore, in addition to improving the robustness of democracy, the strengthening of democratic institutions has a discernible economic impact on economic efficiency and the living standards of citizens.","304",NA
"Στην Ελλάδα οι κυριότερες και οι πιο σημαντικές δημοκρατικές τομές της έχουν την υπογραφή του ΠΑΣΟΚ.","In Greece, the main and most important democratic changes have been signed by PASOK.","305.1",NA
"ΑΣΕΠ, Εθνική Σχολή Δημόσιας Διοίκησης και Αυτοδιοίκησης, ΚΕΠ, Γενική Γραμματεία Πληροφοριακών Συστημάτων, Συνήγορος του Πολίτη, Αρχή Προστασίας Προσωπικών Δεδομένων, Αρχή Διασφάλισης του Απορρήτου των Επικοινωνιών, ΕΣΡ και η Επιτροπή Ανταγωνισμού (ως πραγματικά Ανεξάρτητη Αρχή), είναι οι μεταρρυθμίσεις που συνέβαλαν στην αναβάθμιση της Δημοκρατίας μας και στην υποχώρηση του πελατειακού κράτους.","The ASEP, the National School of Public Administration and Local Government, the CCP, the General Secretariat of Information Systems, the Ombudsman, the Data Protection Authority, the Communications Privacy Authority, the FCC and the Competition Commission (as a truly Independent Authority) are the reforms that have contributed to the upgrading of our democracy and the retreat of the client state.","305.1",NA
"Επιπλέον η Διαύγεια, η Δημόσια Διαβούλευση, η απογραφή των Δημοσίων υπαλλήλων, η ανεξάρτητη ΕΛΣΤΑΤ, η Ενιαία Ανεξάρτητη Αρχή Δημοσίων Συμβάσεων (και το Κεντρικό Ηλεκτρονικό Μητρώο Δημοσίων Συμβάσεων), ο ΕΟΠΠΥ, η ηλεκτρονική συνταγογράφηση, οι Εισαγγελείς διαφθοράς και οικονομικού εγκλήματος, η άρση του τραπεζικού απορρήτου, την Αρχή για την καταπολέμηση του «μαύρου χρήματος» που θεσμοθετήθηκαν παρά το γεγονός ότι η Κυβέρνηση του ΠΑΣΟΚ διαχειριζόταν το ναυάγιο το οποίο οδήγησε την ελληνική οικονομία η Κυβέρνηση της ΝΔ το 2009 αποτέλεσαν ένα κύμα μεταρρυθμίσεων που εκσυγχρόνισαν περαιτέρω το κράτος.","In addition, Transparency, Public Consultation, the Census of Public Employees, the independent ELSTAT, the Single Independent Public Procurement Authority (and the Central Electronic Register of Public Procurement), the National Health Insurance Fund, e-prescription, corruption and financial crime prosecutors, the lifting of banking secrecy, the Authority for the fight against ""black money"" which were established despite the fact that the PASOK government was managing the shipwreck into which the Greek economy had been led by the ND government in 2009, constituted a wave of reforms that further modernized the state.","305.1",NA
"Ωστόσο οι ουσιαστικές μεταρρυθμίσεις υποχώρησαν μαζί με το ΠΑΣΟΚ.","However, substantial reforms retreated along with PASOK.","305.1",NA
"Τις διαδέχθηκαν ένας συνεχής εκφυλισμός τόσο από τη Νέα Δημοκρατία όσο και από τον ΣΥΡΙΖΑ με την απαξίωση των νομοθετικών διαδικασιών, την επανακομματικοποίηση της δημόσιας διοίκησης, διορισμούς μετακλητών σε θέσεις ευθύνης, την «κανονικοποίηση» των απευθείας αναθέσεων έργων και των κατά παρέκκλιση προσλήψεων, με την προσπάθεια ποδηγέτησης της πολυφωνίας στα ΜΜΕ και της Δικαιοσύνης.","They were followed by a continuous degeneration by both New Democracy and SYRIZA with the devaluation of legislative procedures, the re-partisanship of the public administration, appointments of post-graduates to positions of responsibility, the 'normalisation' of direct project awards and derogatory recruitment, and the attempt to drive pluralism in the media and the judiciary.","305.1",NA
"Η εφαρμογή του Συντάγματος χώλαινε ήδη από το 1975 επειδή δεν μπόρεσε να εμποδίσει το πολιτικό σύστημα να ενδώσει τελικά στην ασφυκτική πίεση που ασκήθηκε πάνω του για πελατειακές παροχές.","The application of the Constitution was already being pushed aside in 1975 because it failed to prevent the political system from finally giving in to the suffocating pressure on it for patronage.","203",NA
"Αν και υπήρξαν περίοδοι αντίστασης και ανάσχεσης, τις περισσότερες φορές υπονομεύτηκαν και τελικά υπερκεράστηκαν από το επόμενο κύμα.","Although there were periods of resistance and containment, they were most often undermined and eventually overwhelmed by the next wave.","203",NA
"Έτσι - για παράδειγμα - το κράτος, δεν μπόρεσε να λειτουργήσει ως σταθερό ανάχωμα στις συνεχώς διογκούμενες αξιώσεις για αποδοχές αναντίστοιχες προς τις επιδόσεις κάθε κατηγορίας αλλά και τις δυνατότητες της οικονομίας, για αθέμιτα προνόμια και για εκδουλεύσεις που παραβίαζαν τα όρια της νομιμότητας.","Thus - for example - the state was unable to act as a stable barrier to the ever-increasing demands for salaries disproportionate to the performance of each category and to the potential of the economy, for unfair privileges and for exploitation that violated the limits of legality.","303",NA
"Το ρουσφέτι εξελίχθηκε σε διαφθορά, που γρήγορα εξαπλώθηκε από την εκτελεστική εξουσία ως την έσχατη υπηρεσία είτε του κεντρικού κράτους είτε της αποκεντρωμένης διοίκησης.","The bribe developed into corruption, which quickly spread from the executive to the very last service of either the central state or the decentralised administration.","304",NA
"Όταν, μετά τους Ολυμπιακούς Αγώνες, ο ορίζοντας άρχισε να σκοτεινιάζει, το κράτος όχι μόνο δεν περιόρισε παρωχημένες λειτηυηνίερ κηι ηδικαιηλάνητεο πηηηχέρ.","When, after the Olympics, the horizon began to darken, the state not only did not curtail obsolete operations, but it also did not reduce the number of outdated services.","304",NA
"όχι υόνο δεν κατάηνηπε άχρηστους οργανισμούς, αλλά αντίθετα τους διεύρυνε για να «εναποθέτει» σχολάζον ή εφεδρικό πολιτικό προσωπικό.","not only did he not only abolish useless organisations, but on the contrary he enlarged them in order to ""deposit"" school or reserve political staff.","304",NA
"Παράλληλα, με την ανέλεγκτη διάθεση δημόσιων υπαλλήλων στα κόμματα, κομματικοποίησε ακόμη περισσότερο την δημόσια διοίκηση.","At the same time, by making civil servants available to the parties without control, it further partisanised the civil service.","304",NA
"Το σύστημα των «επαγγελματιών κομματικών στελεχών με δαπάνες του Δημοσίου» ενισχύθηκε με την ίδρυση νέων πολυπρόσωπων οργάνων, και αδικαιολόγητες παροχές προς τους ενδιαφερομένους.","The system of ""professional party cadres at public expense"" was strengthened by the establishment of new multi-member bodies, and unjustified benefits to the interested parties.","304",NA
"Από την άλλη, κοινό χαρακτηριστικό και των παρατάξεων που κυβέρνησαν τη χώρα από την Μεταπολίτευση, υπήρξε μια διάχυτη αίσθηση αλαζονείας και έλλειψης λογοδοσίας της εξουσίας προς τους πολίτες.","On the other hand, common to all the factions that have ruled the country since the post-independence period, there has been a pervasive sense of arrogance and lack of accountability of power to the citizens.","304",NA
"Παρά την παραπομπή σε δίκη ορισμένων μεγάλων και επώνυμων στελεχών, πολλές υποθέσεις αγνοήθηκαν και τελικά κλόνισαν την εμπιστοσύνη του κόσμου απέναντι στους πολιτικούς θεσμούς.","Despite the indictment of some big and well-known officials, many cases were ignored and eventually shook people's confidence in political institutions.","304",NA
"Η κρίση των θεσμών όχι μόνο δεν διορθώθηκε αλλά αντιθέτως κορυφώθηκε στην διάρκεια των Μνημονίων και σήμερα το καθήκον βελτίωσης της θεσμικής λειτουργίας του κράτους προβάλλει πιο απαραίτητο από ποτέ.","The crisis of the institutions was not only not corrected but on the contrary, it culminated during the Memoranda and today the task of improving the institutional functioning of the state is more necessary than ever.","202.1",NA
"Το μεγάλο δίδαγμα της δημοσιονομικής κρίσης του 2009-2010 και της απαξίωσης του πολιτικού συστήματος της χώρας που αυτή προκάλεσε ήταν διπλό: αφενός μεν η έλλειψη αποτελεσματικών ελέγχων στη διαχείριση του δημόσιου χρήματος η οποία προκάλεσε τον δημοσιονομικό εκτροχιασμό·","The great lesson of the fiscal crisis of 2009-2010 and the devaluation of the country's political system that it caused was twofold: on the one hand, the lack of effective controls in the management of public money that caused the fiscal derailment;","408",NA
"και αφετέρου η συμπεριφορά των κυβερνώντων ως ενός περίκλειστου συστήματος αναπαραγωγής προνομίων το οποίο βρίσκεται σε αποκοπή από τις πραγματικές ανάγκες των ευρύτερων λαϊκών στρωμάτων και τα μακροχρόνια συμφέροντα της χώρας.","and on the other hand, the behaviour of the rulers as an enclosed system of privilege reproduction that is out of touch with the real needs of the broader popular strata and the long-term interests of the country.","202.1",NA
"Σε ορισμένες από αυτές τις παθογένειες προσπαθούν να απαντήσουν οι προτάσεις που ακολουθούν, αρκετές από τις οποίες μπορούν να ξεκινήσουν από αύριο, αφού δεν χρειάζεται να αναθεωρηθεί το Σύνταγμα για να πραγματοποιηθούν:","Some of these pathologies are attempted to be addressed in the proposals that follow, many of which can be started tomorrow, since the Constitution does not need to be revised in order to be implemented:","203",NA
"1.2 Προτάσεις για Ευθύνη, λογοδοσία, διαφάνεια","1.2 Proposals for Responsibility, Accountability, Transparency","H",NA
"1. Ποινική ευθύνη υπουργών: προκειμένου να εξομοιωθούν οι διαδικασίες διερεύνησης και παραπομπής όσων υπουργών παραβιάζουν τον νόμο με αυτούς που ισχύουν για τους κοινούς πολίτες,θα γίνει μεταφορά της αρμοδιότητας της Βουλήςστην Εισαγγελία του Αρείου Πάγου για παραπομπή στο Ειδικό Δικαστήριο.","1. Criminal liability of ministers: in order to equate the procedures for investigating and impeaching ministers who break the law with those applicable to ordinary citizens, there will be a transfer of the competence of the Parliament to the Prosecutor's Office of the Supreme Court for referral to the Special Court.","605.1",NA
"2. Χρηματοδότηση: τροποποίηση του ισχύοντος νόμου για τη χρηματοδότηση των κομμάτων, με στόχο την μεγαλύτερη δυνατή διαφάνεια και λογοδοσία.","2. funding: amendment of the current law on the funding of political parties, with a view to ensuring greater transparency and accountability.","202.1",NA
"Δημοσίευση όλων των οικονομικών αποφάσεων στην Διαύγεια.","Publication of all financial decisions on Transparency.","202.1",NA
"Αλλαγή, ταυτόχρονα, των ρυθμίσεων για το πόθεν έσχες και τα οικονομικά των πολιτικών, με καθιέρωση ανεξάρτητων ελέγχων και διαφάνειας στην τήρηση των βιβλίων τους.","At the same time, change the regulations on the financial affairs of politicians, introducing independent audits and transparency in the keeping of their accounts.","202.1",NA
"Πρώτο βήμα: η αλλαγή της σύνθεσης της ειδικής επιτροπής του άρθρου 29§2 του Συντάγματος ώστε την πλειοψηφία να αποτελούν ανώτατοι δικαστές και επέκταση της αρμοδιότητάς της και στις εκλογές των ΟΤΑ.","First step: changing the composition of the special committee of article 29§2 of the Constitution so that the majority of the committee consists of supreme judges and extending its competence to the elections of local authorities.","202.1",NA
"3. Αποδέσμευση της συνταξιοδότησης των πολιτικών από την βουλευτική, την υπουργική ή την «αυτοδιοικητική» ιδιότητα.","3. Decoupling the retirement of politicians from their parliamentary, ministerial or ""self-governing"" status.","202.1",NA
"Με άλλα λόγια, κάλυψη των πολιτικών προσώπων από τον ασφαλιστικό τους φορέα, στον οποίο θα εξακολουθούν να καταβάλλουν τις κανονικές εισφορές και για όσο χρόνο ασκούν πολιτικά καθήκοντα.","In other words, politicians would be covered by their insurance institution, to which they would continue to pay their normal contributions for as long as they hold political office.","202.1",NA
"4. Σε συνεργασία με την Βουλή, επανεξέταση του καθεστώτος αποσπάσεων δημόσιων υπαλλήλων και υπαλλήλων ΝΠΔΔ στους βουλευτές και τα κόμματα.","4. In cooperation with the Parliament, review the status of secondments of civil servants and employees of NPAs to MPs and political parties.","202.1",NA
"Περιορισμός του αριθμού των μετακλητών στα πολιτικά γραφεία των υπουργών.","Limit the number of secondees in the political offices of ministers.","303",NA
"5. Επανεξέταση και αξιολόγηση του ασυμβιβάστου για τους βουλευτές που είναι ταυτόχρονα και ελεύθεροι επαγγελματίες, όπως π.χ. οι δικηγόροι, στους οποίους πρέπει να απαγορευθεί να παρίστανται σε δικαστήρια που εδρεύουν στην εκλογική τους περιφέρεια.","5. Review and evaluation of the immunity for MPs who are also freelance professionals, such as lawyers, who should be prohibited from attending courts located in their constituency.","202.1",NA
"Ανάλογες προβλέψεις θα γίνουν και για άλλες επαγγελματικές δραστηριότητες που εμπλέκονται με ζητήματα βουλευτικής δεοντολογίας, καθώς και με υποθέσεις της περιφέρειας των βουλευτών.","Similar provisions will be made for other professional activities involved in matters of parliamentary ethics, as well as in the affairs of Members' constituencies.","202.1",NA
"6. Ενίσχυση των ελεγκτικών αρμοδιοτήτων της Βουλής, ιδίως σε επίπεδο Διαρκών Επιτροπών και δυνατότητα συστάσεως εξωκοινοβουλευτικών Εξεταστικών Επιτροπών, υπό την προεδρία ανεξάρτητων προσωπικοτήτων.","6. Strengthening of the control powers of the Parliament, especially at the level of Standing Committees and the possibility of setting up extra-parliamentary Committees of Inquiry, chaired by independent personalities.","202.1",NA
"Ταυτόχρονα η ίδια η Βουλή πρέπει να υιοθετήσει μέτρα με στόχο την μεγαλύτερη δυνατή διαφάνεια και λογοδοσία.","At the same time, the Parliament itself must adopt measures aimed at the greatest possible transparency and accountability.","202.1",NA
"Δημοσίευση όλων των οικονομικών αποφάσεων στην Διαύγεια.","Publication of all financial decisions on Transparency.","202.1",NA
"3.1 Αποτελεσματικότερο κράτος","3.1 A more efficient state","H",NA
"7. Χρονοδιάγραμμα για ενίσχυση και σταδιακή αποκατάσταση του κράτους πρόνοιας, με σεβασμό του δικαιώματος του καθένα να ζει αξιοπρεπώς.","7. A timetable for strengthening and gradually restoring the welfare state, respecting the right of everyone to live in dignity.","504",NA
"Μέτρα για άμεση και κατ’ απόλυτη προτεραιότητα ανακούφιση των νεόπτωχων.","Measures for the immediate and priority relief of the newly unemployed.","503",NA
"8. Ενιαία αντιμετώπιση Τύπου και Ραδιοτηλεόρασης, με ταυτόχρονη καθιέρωση κανόνων για αντιμετώπιση των ΐ8ΐ<θ ηβννε στο διαδίκτυο.","8. Unified treatment of the Press and Broadcasting, while establishing rules for dealing with the Internet.","502",NA
"9. Περιορισμός (τουλάχιστον κατά το 1/3) των μελών των ΔΣ σεΝΠΔΔ και ΝΠΙΔ.","9. Limitation (at least by 1/3) of board members in NPAs and NPIs","303",NA
"10. Κατάργηση των διορισμένων Συμβουλίων στις ΔΕΚΟ, τα Νοσοκομεία και τους λοιπούς οργανισμούς και άσκηση της διοίκησής από στελέχη προερχόμενα τόσο από την ίδια την διοικητική ιεραρχία τους όσο και εξωτερικούς που προσλαμβάνονται με ανοιχτό διαγωνισμό.",". 10. Abolition of appointed Boards in PPOs, Hospitals and other organizations and exercise of management by executives coming from both from their own administrative hierarchy and external ones recruited through open competition.","303",NA
"Με ανοιχτό διαγωνισμό επιλέγεται και ο Διευθύνων Σύμβουλος.","The Chief Executive shall also be selected by open competition.","303",NA
"11. Κατάργηση των διορισμένων Συμβουλίων στις ΔΕΚΟ, τα Νοσοκομεία και τους λοιπούς οργανισμούς και άσκηση της διοίκησής από στελέχη προερχόμενα τόσο από την ίδια την διοικητική ιεραρχία τους όσο και εξωτερικούς που προσλαμβάνονται με ανοιχτό διαγωνισμό.","11. Abolition of appointed Boards of Directors in the public utilities, hospitals and other organisations and management by executives from within the administrative hierarchy and by external candidates recruited by open competition.","303",NA
"Με ανοιχτό διαγωνισμό επιλέγεται και ο Διευθύνων Σύμβουλος.","The CEO is also selected through an open competition.","303",NA
"12. Κατάργηση των διορισμένων Συμβουλίων στις ΔΕΚΟ, τα Νοσοκομεία και τους λοιπούς οργανισμούς και άσκηση της διοίκησής από στελέχη προερχόμενα τόσο από την ίδια την διοικητική ιεραρχία τους όσο και εξωτερικούς που προσλαμβάνονται με ανοιχτό διαγωνισμό.","12. Abolition of appointed Boards of Directors in public utilities, hospitals and other organisations and management by executives from within their own administrative hierarchy as well as by external candidates recruited through open competition.","303",NA
"Με ανοιχτό διαγωνισμό επιλέγεται και ο Διευθύνων Σύμβουλος.","The CEO is also selected through an open competition.","303",NA
"13. Πριν από κάθε σχετική νομοθετική πρωτοβουλία, ανοίγουμε οργανωμένο δημόσιο διάλογο, όπως για τα δικαιώματα του παιδιού, για τις γυναικοκτονίες, για το προσφυγικό/μεταναστευτικό, για τη ΛΟΑΤΚΙ Κοινότητα, την αξιοπρέπεια και τα δικαιώματα των ατόμων τρίτης ηλικίας, τους Ρομά, τα Άτομα με Αναπηρία, οι εξαρτήσεις που λαμβάνουν νέες διαστάσεις εθισμών με τις σύγχρονες τεχνολογίες.","13. Before any legislative initiative, we open an organized public dialogue, such as on the rights of the child, on femicide, on the refugee/immigration issue, on the LGBTI community, on the dignity and rights of the elderly, the Roma, the disabled, the addictions that take on new dimensions of addictions with modern technologies.","202.1",NA
"14. Πριν από κάθε σχετική νομοθετική πρωτοβουλία, ανοίγουμε οργανωμένο δημόσιο διάλογο, όπως για τα δικαιώματα του παιδιού, για τις γυναικοκτονίες, για το προσφυγικό/μεταναστευτικό, για τη /\υΑΐ κι κοινότητα, την αξιοπρέπεια και τα οικαιωματα των ατόμων τρίτης ηλικίας, τους Ρομά, τα Άτομα με Αναπηρία, οι εξαρτήσεις που λαμβάνουν νέες διαστάσεις εθισμών με τις σύγχρονες τεχνολογίες.","14. Prior to any relevant legislative initiative, we open an organised public debate, such as on children's rights, on femicide, on refugee/immigration issues, on the /uai ki community, on the dignity and rights of older people, the Roma, the disabled, the addictions that take on new addictive dimensions with modern technologies.","202.1",NA
"2. ΝΕΟΙ ΘΕΣΜΟΙ ΑΠΕΝΑΝΤΙ ΣΤΟ ΠΕΛΑΤΕΙΑΚΟ ΚΡΑΤΟΣ","2. NEW INSTITUTIONS IN THE FACE OF THE CLIENT STATE","H",NA
"Η παράταξη μας φιλοδοξεί η επιστροφή της στην διακυβέρνηση της χώρας να συνδεθεί με ένα ακόμα μεγάλο κύμα δημοκρατικών μεταρρυθμίσεων που θα αλλάξουν το κράτος.","Our party aspires to link its return to governing the country with another major wave of democratic reforms that will change the state.","202.1",NA
"Χαρακτηριστικές είναι οι εξής: 1. Μια νέα Διαύγεια θα βελτιώσει τη διαφάνεια και τη λογοδοσία της δημόσιας διοίκησης ρίχνοντας άπλετο φως σε όλες τις λειτουργίες της διοίκησης και όχι μόνο στις δημοσιοποιημένες πράξεις της και θα επεκταθεί σε κάθε δραστηριότητα στην οποία καταλήγει δημόσιο χρήμα ή δημόσια περιουσία.","The following are typical: 1. A new Transparency will improve the transparency and accountability of the public administration by shedding light on all functions of the administration, not only on its publicised acts, and will extend to any activity involving public money or public property.","202.1",NA
"2. Το ΑΣΕΠ θα αποκτήσει κεντρικό του ρόλου στον πλήρη εκσυγχρονισμό του συστήματος προσλήψεων στο Δημόσιο Τομέα και οι αδιάβλητες και αξιοκρατικές διαδικασίες θα γίνουν ο απόλυτος κανόνας.","2. The ACPC will be given a central role in the complete modernisation of the public sector recruitment system and impartial and merit-based procedures will become the absolute norm.","303",NA
"Στο πλαίσιο αυτό το ΑΣΕΠ θα ενισχυθεί με δύο νέες αρμοδιότητες:","In this context, the ACPC will be reinforced with two new responsibilities:","304",NA
"Παρεμπόδιση και καταπολέμηση της οικογενειοκρατίας σε όλα τα επίπεδα δημόσιας διοίκησης και διαχείρισης.","Preventing and combating family rule at all levels of public administration and management.","304",NA
"Οι συντεχνιακές πρωτοβουλίες (είτε ανοιχτές είτε στα μουλωχτά) για την επιλογή παιδιών και συγγενών υπηρετούντων λειτουργών στον ίδιο κλάδο θα απαγορευτούν δραστικά, όπως και κάθε δίαυλος επηρεασμού των αποφάσεων προσλήψεων μέσω πολιτικών, κομματικών ή συνδικαλιστικών μηχανισμών.","Guild initiatives (whether open or covert) to select children and relatives of serving officials in the same branch will be drastically prohibited, as will any channel for influencing recruitment decisions through political, party or trade union mechanisms.","304",NA
"Ιδιαίτερη αυστηρότητα θα επιδειχθεί στην στελέχωση των πανεπιστημιακών σχολών, όπου ο νεποτισμός και οι προσλήψεις συγγενών ήταν πάντα σε έξαρση, αφήνοντας εκτός ιδρυμάτων άξιους υποψήφιους.","Particular rigour will be shown in the staffing of university faculties, where nepotism and recruitment of relatives has always been rampant, leaving deserving candidates out of the institutions.","304",NA
"Διασφάλιση διαφανών και αξιοκρατικών διαδικασιών στην αξιολόγηση και επιλογή προαγωγών στην Δημόσια Διοίκηση.","Ensure transparent and meritocratic procedures in the evaluation and selection of promotions in the Public Administration.","304",NA
"Γ ια την δημόσια λογοδοσία θα συντάσσεται Ετήσια Έκθεση που θα αξιολογεί τις ακολουθούμενες διαδικασίες.","For public accountability, an Annual Report will be prepared to evaluate the procedures followed.","303",NA
"3. O πλήρης εκσυγχρονισμός του προγραμματισμού, της εκτέλεσης και της δημοσιότητας όλων των δημόσιων συμβάσεων και των στοιχείων των αναδοχών θα αποτελέσει πρώτιστη προτεραιότητα μιας αναβαθμισμένης Εθνικής Αρχής Δημόσιων Συμβάσεων.","3. The full modernisation of the planning, execution and publicity of all public contracts and contractor information will be a top priority of an upgraded National Public Procurement Authority.","303",NA
"4. Η νομοθετική διαδικασία θα εκσυγχρονιστεί και θα αναβαθμιστεί με ένα πιο διαδραστικό δημόσιο διάλογο με τους πολίτες και τους κοινωνικούς εταίρους γύρω τόσο από την πρωτογενή όσο και τη δευτερογενή νομοθεσία.","4. The legislative process will be modernised and upgraded with a more interactive public dialogue with citizens and social partners around both primary and secondary legislation.","303",NA
"Οι τροπολογίες θα περιοριστούν πλέον μόνο στον Συνταγματικά προβλεπόμενο ρόλο τους.","Amendments will now be limited to their constitutionally prescribed role.","303",NA
"5. Η αναβάθμιση της Δικαιοσύνης δεν θα περιοριστεί πλέον μόνο στα ψηφιακά εργαλεία αλλά σε συνεργασία με το δικαστικό σώμα θα προωθηθεί και η αναγκαία αναδιοργάνωση και θεσμική ενίσχυση και θωράκιση της.","5. The upgrading of the judiciary will no longer be limited to digital tools but, in cooperation with the judiciary, the necessary reorganization and institutional strengthening and shielding will be promoted.","303",NA
"6. Τα ψηφιακά εργαλεία δεν θα περιορίζονται σε ηλεκτρονικές βεβαιώσεις και πιστοποιητικά.","6. Digital tools will not be limited to electronic certificates and attestations.","303",NA
"Όλος ο Δημόσιος Τομέας θα μετατραπεί σε μια μεγάλη πηγή ανοικτών δεδομένων που θα διευκολύνουν τη ζωή και τις αποφάσεις και τη δραστηριότητα νοικοκυριών και επιχειρήσεων και πρωτίστως τον έλεγχο της εξουσίας από τους πολίτες και από το ΜΜΕ.","The entire public sector will be transformed into a large source of open data that will facilitate the life and decisions and activity of households and businesses and, above all, the control of power by citizens and the media.","303",NA
"Το ΠΑΣΟΚ έχει αδιαμφισβήτητα ιστορικά εχέγγυα ότι μπορεί να πετύχει τις μεγάλες δημοκρατικές τομές και σύντομα θα τα μετουσιώσει ξανά σε δημιουργική μεταρρυθμιστική δράση.","PASOK has unquestionable historical guarantees that it can achieve the great democratic breakthroughs and will soon translate them again into creative reform action.","305.1",NA
"3. ΤΟ ΨΗΦΙΑΚΟ ΟΡΑΜΑ","3. THE DIGITAL VISION","H",NA
"3.1 Το σχέδιο για την ψηφιακή Ελλάδα","3.1 The Digital Greece project","H",NA
"Το ΠΑΣΟΚ Κίνημα Αλλαγής προτείνει ένα ολοκληρωμένο σχέδιο για τη δίκαιη ψηφιακή μετάβαση της χώρας μας.","The PASOK Movement for Change proposes a comprehensive plan for the just digital transition of our country.","411",NA
"Βασίζεται σε συγκεκριμένες δράσεις, προδιαγράφει το πλαίσιο και τις αρχές για μια ολοκληρωμένη και συνεκτική ψηφιακή πολιτική, η οποία ενδυναμώνει τους πολίτες, τη δημοκρατία και απελευθερώνει δημιουργικές δυνάμεις του τόπου μας για την υποστήριξη του ψηφιακού μετασχηματισμού της κοινωνίας και της οικονομίας.","Based on concrete actions, it sets out the framework and principles for a comprehensive and coherent digital policy that empowers citizens, democracy and unleashes the creative forces of our country to support the digital transformation of society and the economy.","411",NA
"Το Σχέδιο “Ψηφιακή Ελλάδα” υπερβαίνει τη διάσταση της ψηφιακής διακυβέρνησης και αποτελεί προϊόν συλλογικής επεξεργασίας και διαβούλευσης με τους πολίτες, στελέχη φορέων του δημόσιου και του ιδιωτικού τομέα, την ερευνητική και ακαδημαϊκή κοινότητα.","The ""Digital Greece"" Plan goes beyond the digital governance dimension and is the product of collective elaboration and consultation with citizens, public and private sector stakeholders, the research and academic community.","411",NA
"Το σχέδιο μας αξιοποιεί την συσσωρευμένη θετική εμπειρία από σημαντικές μεταρρυθμίσεις του προοδευτικού μας χώρου, όπως τα ΚΕΠ, η ΔΙΑΥΓΕΙΑ, η Ηλεκτρονική Συνταγογράφηση, οι Ηλεκτρονικές Προμήθειες με Διαφάνεια, η διαβούλευση, η διαφανής επιλογή στελεχών του δημοσίου καθώς και τις υποδομές που σήμεραχρησιμοποιούμε ως πλατφόρμες για βασικές ψηφιακές υπηρεσίες.","Our plan builds on the accumulated positive experience from important reforms of our progressive sector, such as the KEPs, the DIASYGEIA, e-Prescription, e-Procurement with Transparency, consultation, transparent selection of public officials and the infrastructure we currently use as platforms for basic digital services.","411",NA
"Μέσα από την υλοποίηση του ολοκληρωμένου σχεδίου μας βάζουμε τα θεμέλια μιας δίκαιης ψηφιακής μετάβασης που θα ωφελεί όλους.","Through the implementation of our comprehensive plan we are laying the foundations for a just digital transition that benefits everyone.","411",NA
"Το αναλυτικό πρόγραμμα “Ψηφιακή Ελλάδα"" είναι διαθέσιμο για διαβούλευση και σχολιασμό στην πλατφόρμα διαλόγου του ΠΑΣΟΚ - Κινήματος Αλλαγής άίςμΐθΐΒΟΟίθΐγ.ςιπ με στόχο το διαρκή εμπλουτισμό και την επικαιροποίηση του, ώστε να αποτελέσει ένα χρήσιμο και δυναμικό εργαλείο, πυξίδα για την ψηφιακή μετάβαση της κοινωνίας και της οικονομίας.","The detailed programme ""Digital Greece"" is available for consultation and commentary on the PASOK - Change Movement dialogue platform with the aim of continuously enriching and updating it so that it becomes a useful and dynamic tool, a compass for the digital transition of society and the economy.","411",NA
"Το σχέδιο μας είναι ευθυγραμμισμένο σε επίπεδο δράσεων και με το όραμα της Ευρωπαϊκής Επιτροπής για την Ψηφιακή Δεκαετία εστιάζοντας σε τέσσερις βασικούς τομείς: Δεξιότητες, Κυβέρνηση, Υποδομές και Επιχειρήσεις.","Our plan is aligned in terms of actions and with the European Commission's vision for the Digital Decade by focusing on four key areas: Skills, Government, Infrastructure and Business.","411",NA
"Κύριοι στόχοι που πρέπει να πετύχουμε άμεσα:","Key objectives to be achieved immediately:","H",NA
"Κοινωνία χωρίς ανισότητες και ψηφιακό χάσμα","A society without inequalities and digital divide","503",NA
"Πληθυσμό με ψηφιακό εγγραμματισμό και ψηφιακούς επαγγελματίες υψηλής ειδίκευσης","A digitally literate population and highly skilled digital professionals","411",NA
"Ασφαλείς και βιώσιμες ψηφιακές υποδομές","Secure and sustainable digital infrastructure","411",NA
"Ψηφιακός μετασχηματισμός των επιχειρήσεων","Digital transformation of businesses","411",NA
"Ψηφιοποίηση των δημόσιων υπηρεσιών και παροχή πραγματικών ηλεκτρονικών υπηρεσιών με βάση τις διαφορετικές ανάγκες των πολιτών και των επιχειρήσεων","Digitisation of public services and delivery of real e-services based on the diverse needs of citizens and businesses","411",NA
"Εκδημοκρατισμός των νέων αναδυόμενων τεχνολογιών με ισότιμη πρόσβαση από όλους","Democratisation of new emerging technologies with equitable access for all","411",NA
"Βασικές προτεραιότητες:","Key priorities:","H",NA
"Ασφαλείς και βιώσιμες ψηφιακές υποδομές - Ψηφιοποίηση δημόσιων υποδομών και δικτύων (Μεταφορές - Νερό - ενέργεια) και διάθεση ανοικτών δεδομένων για τον δημόσιο έλεγχο και την εποπτεία του","Secure and sustainable digital infrastructure - Digitisation of public infrastructure and networks (Transport - Water - Energy) and making open data available for public control and supervision","411",NA
"Εθνική πολιτική για τις ψηφιακές δεξιότητες","National policy on digital skills","411",NA
"Ψηφιακός μετασχηματισμός του πρωτογενούς τομέα","Digital transformation of the primary sector","703.1",NA
"Στοχευμένες παρεμβάσεις για τη δημόσια διοίκηση, την εκπαίδευση, την ενέργεια και το περιβάλλον, τον τουρισμό, την αγροδιατροφή, τις έξυπνες πόλεις και για την μείωση του κόστους πρόσβασης στο διαδίκτυο, καθώς και την ευρυζωνικότητα.","Targeted interventions for public administration, education, energy and environment, tourism, agri-food, smart cities and for reducing the cost of internet access, as well as broadband.","411",NA
"Επέκταση και θωράκιση της ΔΙΑΥΓΕΙΑΣ, Ανοικτή δημόσια διοίκηση - οριζόντια ο πολίτης να είναι ενήμερος για κάθε αίτημα του στο οημοσιο","Expansion and shielding of the DIGITALITY, Open Public Administration - horizontally the citizen is aware of every request in the public domain","303",NA
"Ενδυνάμωση της δημοκρατίας, της συμμετοχικότητας, προώθηση της διαφάνειας και της λογοδοσίας","Strengthening democracy, inclusiveness, promoting transparency and accountability","202.1",NA
"Εκδημοκρατισμός των νέων αναδυόμενων τεχνολογιών με ισότιμη πρόσβαση από όλους.","Democratisation of new emerging technologies with equal access for all.","202.1",NA
"Απλοποίηση διαδικασιών και ψηφιοποίηση των δημόσιων υπηρεσιών και παροχή πραγματικών ηλεκτρονικών υπηρεσιών με βάση τις διαφορετικές ανάγκες των πολιτών και των επιχειρήσεων.","Simplification of procedures and digitisation of public services and provision of real e-services based on the different needs of citizens and businesses.","303",NA
"Πρόσβαση των πολιτών και των επιχειρήσεων χωρίς κόστος σε δεδομένα και σε υποδομές μετά την ολοκλήρωσή τους.","Cost-free access for citizens and businesses to data and infrastructure after their completion.","303",NA
"Ανοικτή διάθεση δημόσιας πληροφορίας και παροχή δημόσιων ανωνυμοποιημένων ανοιχτών δεδομένων από φορείς και υπηρεσίες.","Open access to public information and the provision of public anonymised open data by institutions and services.","303",NA
"Ισότιμη συμμετοχή εταιρειών πληροφορικής και αξιοποίηση του ανθρώπινου δυναμικού της χώρας μας.","Equal participation of IT companies and use of our human resources.","303",NA
"Ενίσχυση της εξωστρέφειας (βλ. Καλές πρακτικές ηη3ΐΊ<Θίρΐ30θ στο ςον.υΚ).","Strengthening extroversion (see good practices in the EU).","303",NA
"Επένδυση σε ανοιχτά πρότυπα και ανοιχτές τεχνολογίες, που καθιστούν το δημόσιο κύριο και ιδιοκτήτη των εφαρμογών χωρίς εξαρτήσεις και νέα “ψηφιακά διόδια”.","Investing in open standards and open technologies, making the public sector the master and owner of applications without dependencies and new ""digital tolls"".","303",NA
"Αντιμετώπιση περιστατικών κυβερνοεπιθέσεων στο πεδίο.","Addressing incidents of cyber-attacks in the field.","303",NA
"Υποστήριξη της τοπικής ανάπτυξης και της τοπικής επιχειρηματικότητας με βασικούς μοχλούς τις ψηφιακές υποδομές και την τεχνολογία, την αποδοτική και διαφανή αξιοποίηση χρηματοδοτικών εργαλείων.","Supporting local development and local entrepreneurship with digital infrastructure and technology as key drivers, efficient and transparent use of financial instruments.","411",NA
"Το ΕΣΠΑ, το ταμείο Ανάκαμψης, το Π.Α.Α και οι Εθνικοί Πόροι είναι πολύτιμοι και μια μοναδική ευκαιρία για άλμα στο μέλλον, για μια δίκαιη ψηφιακή μετάβαση.","The NSRF, the Recovery Fund, the RDF and National Resources are valuable and a unique opportunity to leap into the future, for a just digital transition.","303",NA
"Τα βασικά δομικά συστατικά του συνολικού σχεδίου περιλαμβάνουν:","The key building blocks of the comprehensive plan include:","H",NA
"Την αντίληψη για περιβάλλον στην Ευρώπη και τον Κόσμο και τις στρατηγικές κατευθύνσεις της χώρας μας, π.χ με βάση το δείκτη ΘΕδΙ η χώρα μας πρέπει να κάνει άλματα, όχι για να προσεγγίσει την πρώτη θέση, αλλά για να ανέβει από τις τελευταίες θέσεις και να βρεθεί μόλις στον μέσο όρο των άλλων χωρών της ΕΕ.","The perception of environment in Europe and the World and the strategic directions of our country, e.g. based on the THEDI indicator our country has to make leaps, not to approach the first place, but to rise from the last places and to be just at the average of other EU countries.","411",NA
"Τις αρχές για τη δίκαιη ψηφιακή μετάβαση η οποία βασίζεται στην κατάκτηση της αξίας και των αποτελεσμάτων της τεχνολογίας από την κοινωνία και την οικονομία, στην ανάπτυξη ψηφιακών δεξιοτήτων, την προώθηση της συμμετοχικότητας, των ανοικτών τεχνολογιών και της ενδυνάμωσης του ανθρώπινου κεφαλαίου της χώρας μας που παράγει τεχνολογία και μπορεί να την εξάγει σε άλλες αγορές.","The principles for a just digital transition which is based on society and the economy capturing the value and results of technology, developing digital skills, promoting inclusiveness, open technologies and empowering our country's human capital that produces technology and can export it to other markets.","411",NA
"Ένα Πλαίσιο ανοικτής διαβούλευσης με τους πολίτες, τις εταιρείες, την ερευνητική και ακαδημαϊκή κοινότητα και το οικοσύστημα καινοτομίας της χώρα μας, για την υλοποίηση ψηφιακών δράσεων με προτεραιότητα το δημόσιο συμφέρον και την ψηφιοποίηση δημόσιων υποδομών και δικτύων","A Framework for open consultation with citizens, companies, the research and academic community and our country's innovation ecosystem, for the implementation of digital actions prioritising the public interest and the digitisation of public infrastructure and networks","411",NA
"Την Αποτελεσματική Ψηφιακή Μετάβαση του Δημόσιου Τομέα με παρεμβάσεις όπως την αποτελεσματική στελέχωση των δημόσιων υπηρεσιών με επαγγελματίες υψηλής εξειδίκευσης, την υποστήριξη των στελεχών της δημόσιας διοίκησης, την άμεση αναβάθμιση πληροφοριακών υποδομών όπως το ςον.ςΓ, ώστε να παρέχει προσωποποιημένες υπηρεσίες στους πολίτες και τις επιχειρήσεις, τα ανοικτά δεδομένα και την αποδοτική υλοποίηση ψηφιακών υπηρεσιών σε τομείς της οικονομίας και της κοινωνίας αξιοποιώντας αναδυόμενες τεχνολογίες, την λειτουργία των δημόσιων υποδομών ως ανοιχτή πλατφόρμα για την ανάπτυξη υπηρεσιών αξίας για την κοινωνία και την αναβάθμιση των ΚΕΠ.","The Effective Digital Transition of the Public Sector with interventions such as the effective staffing of public services with highly qualified professionals, the support of public administration staff, the immediate upgrading of information infrastructures such as sson.sG, in order to provide personalized services to citizens and businesses, open data and the efficient implementation of digital services in sectors of the economy and society using emerging technologies, the operation of public infrastructures as open and efficient public services, the use of emerging technologies, the use of public services in the public sector, the use of open data and the efficient implementation of digital services in sectors of the economy and society.","303",NA
"Την ενδυνάμωση της δημοκρατίας, της συμμετοχικότητας και την προώθηση της διαφάνειας και της λογοδοσίας μέσα από παρεμβάσεις όπως την ενίσχυση και επέκταση του θεσμού του προγράμματος ΔΙΑΥΓΕΙΑ, της διεύρυνσης λειτουργίας ηλεκτρονικής διαβούλευσης για νομοσχέδια και αποφάσεις της διοίκησης, της παρουσίασης ανοικτών δεδομένων για οικονομικά στοιχεία και δαπάνες, για όλους τους φορείς και επιχειρήσεις που διαχειρίζονται δημόσιους πόρους και της αξιολόγησης του κυβερνητικού έργου μέσα από το διαδίκτυο.","Strengthening democracy, inclusiveness and promoting transparency and accountability through interventions such as the strengthening and expansion of the institution of the DIYΓEIA programme, the expansion of the electronic consultation function for bills and decisions of the administration, the presentation of open data on financial data and expenditures for all institutions and enterprises managing public resources and the evaluation of government work through the internet.","202.1",NA
"Την υποστήριξη της τοπικής ανάπτυξης και της τοπικής επιχειρηματικότητας με βασικούς μοχλούς τις ψηφιακές υποδομές και την τεχνολογία,","Supporting local development and local entrepreneurship with digital infrastructure and technology as key drivers,","411",NA
"την αποδοτική και διαφανή αξιοποίηση χρηματοδοτικών εργαλείων για δράσεις έξυπνων πόλεων (εηηθΓΐ οΐΐίθδ) που αναβαθμίζουν την ποιότητα ζωής στη καθημερινή λειτουργία των ΟΤΑ,","the efficient and transparent use of financial instruments for smart city actions (e.i.e. smart cities) that enhance the quality of life in the daily operations of local authorities,","303",NA
"το πράσινο και στο περιβάλλον, την έξυπνη μετακίνηση, την ανακύκλωση μέσω ψηφιακών εργαλείων και την υποστήριξη τοπικών εταιρειών τεχνολογίας στους δήμους μας,","green and environmental issues, smart mobility, recycling through digital tools and supporting local technology companies in our municipalities,","416.2",NA
"με έμφαση στην ανάπτυξη δεξιοτήτων σε τοπικό επίπεδο","with a focus on skills development at local level","411",NA
"και την ενίσχυση της συμμετοχικότητας.","and enhancing participation in the","202.1",NA
"Τη στήριξη της Ψηφιακής και Νεοφυούς επιχειρηματικότητας με ίσες ευκαιρίες πρόσβασης σε γνώση και χρηματοδοτικά εργαλεία,","Supporting Digital and Start-up Entrepreneurship with equal access to knowledge and financial tools,","402",NA
"καθώς και την υποστήριξη της εξωστρέφειας των υφιστάμενων ελληνικών επιχειρήσεων,","as well as supporting the extroversion of existing Greek businesses,","402",NA
"διευκολύνοντας τον ψηφιακό μετασχηματισμό τους ώστε να μπορούν να εισέλθουν ευκολότερα σε αγορές του εξωτερικού, μέσω της ψηφιοποίησης των πωλήσεων, των ενεργειών προώθησης, κοκ,","facilitating their digital transformation so that they can more easily enter foreign markets, through the digitization of sales, promotional activities, etc.,","402",NA
"και τη δημιουργία Ελληνικού Οικοσυστήματος τεχνολογίας και καινοτομίας που μπορεί να υποστηρίξει τον ψηφιακό μετασχηματισμό της χώρας μας.","and the creation of a Greek Technology and Innovation Ecosystem that can support the digital transformation of our country.","411",NA
"Τη Συνεργασία με το ανθρώπινο δυναμικό της χώρας μας, τις είθΓΐυρ επιχειρήσεις, την ερευνητική και ακαδημαϊκή κοινότητα για την άμεση αξιοποίηση καινοτόμων πρακτικών και αποτελεσμάτων σε μια σειρά προκλήσεων της κοινωνίας και της οικονομίας σε όλους τους τομείς πολιτικής:","Collaborating with our country's human resources, businesses, research and academic community to directly exploit innovative practices and results in a number of challenges of society and the economy in all policy areas:","404",NA
"Υγεία, εκπαίδευση, αγροδιατροφή, ενέργεια, περιβάλλον, ακρίβεια κ.ά.","Health, education, agri-food, energy, environment, precision, etc.","404",NA
"Τον σχεδίασμά ψηφιακών παρεμβάσεων με διαφάνεια και αποδοτικότητα, ώστε η αγορά προμηθειών τεχνολογίας και υλοποίησης ψηφιακών δημόσιων υποδομών να είναι ανοιχτή σε προμηθευτές όλων των μεγεθών, και όχι μόνο σε μεγάλες εταιρείες τεχνολογίας.","Designing digital interventions in a transparent and cost-effective way, so that the market for technology procurement and implementation of digital public infrastructure is open to suppliers of all sizes, not just large technology companies.","411",NA
"Την ισότιμη πρόσβαση στις ευκαιρίες των ευρυζωνικών δικτύων, τις επενδύσεις για τις οπτικές ίνες και την ευρυζωνικότητα στις πόλεις σε ένα μοντέλο που να βάζει στο κέντρο το δημόσιο συμφέρον και την εξυπηρέτηση των επιχειρήσεων και του πολίτη.","Equal access to broadband network opportunities, investment in fibre and broadband in cities in a model that puts the public interest and the service of businesses and citizens at the centre.","411",NA
"Καθολική ανάπτυξη ευρυζωνικών υπηρεσιών νέας γενιάς για όλους τους δημόσιους φορείς και όλα τα εμπορικά και βιοτεχνικά-βιομηχανικά κέντρα της χώρας και σε συνεργασία με τους Δήμους ακολουθώντας πετυχημένα ευρωπαϊκά μοντέλα όπως το WIFI4EU.","Universal deployment of next-generation broadband services for all public bodies and all commercial and craft-industrial centres in the country and in cooperation with municipalities following successful European models such as WIFI4EU.","411",NA
"ΨΗΦΙΑΚΕΣ ΔΕΞΙΟΤΗΤΕΣ ΚΑΙ ΑΠΑΣΧΟΛΗΣΗ","DIGITAL SKILLS AND EMPLOYMENT","H",NA
"Θέλουμε να δούμε την ψηφιακή εποχή να δημιουργεί ευκαιρίες απασχόλησης στον τομέα της τεχνολογίας και σε όλους τους κλάδους της οικονομίας.","We want to see the digital age create employment opportunities in the technology sector and across all sectors of the economy.","404",NA
"Οι ψηφιακές δεξιότητες έχουν νόημα μόνο όταν αποτελούν μέρος ενός ενιαίου και συνεκτικού εκπαιδευτικού προγράμματος σε όλες τις βαθμίδες της εκπαίδευσης και της δια βίου μάθησης, ταν υποστηρίζονται από μια ολοκληρωμένη στρατηγική διάθεσης ανοικτού εκπαιδευτικού περιεχομένου.","Digital skills are only meaningful when they are part of an integrated and coherent educational programme at all levels of education and lifelong learning, supported by an integrated strategy for the delivery of open educational content.","411",NA
"Οι ψηφιακές δεξιότητες επηοεάζουν τη λειτουονία του Δηυόσιου και Ιδιωτικού τομέα και πρέπει να συνοδεύονται από ένα εθνικό πρόγραμμα ανάπτυξης ανοικτών τεχνολογιών που μπορεί να συνδράμει το σύνολο της οικονομίας και ταυτόχρονα να ενισχύσει την απασχόληση των νέων επιστημόνων στην ίδια τους τη χώρα μέσα από την εξωστρεφή, βιώσιμη έρευνα και επιχειρηματικότητα.","Digital skills are an integral part of the public and private sector's work and must be accompanied by a national programme for the development of open technologies that can support the whole economy and at the same time boost the employment of young scientists in their own country through outward-looking, sustainable research and entrepreneurship.","411",NA
"Μέσα από το σχέδιο μας επιδιώκουμε να ανθίσει η ψηφιακή οικονομία, να ωφεληθούν οι μικρές και μεσαίες επιχειρήσεις, η επιχειρηματικότητα και η καινοτομία.","Through our plan we seek to make the digital economy flourish, benefit small and medium-sized enterprises, entrepreneurship and innovation.","402",NA
"Να αυξηθούν οι ηλεκτρονικές συναλλαγές και το ηλεκτρονικό εμπόριο.","Increase e-commerce and e-trade.","414",NA
"Θέλουμε να ενισχύσουμε τις απαραίτητες δομές στα Πανεπιστήμια, στα Ερευνητικά κέντρα και τις Τοπικές κοινωνίες ώστε να γίνουν φυτώρια ανάπτυξης και καινοτόμου επιχειρηματικότητας.","We want to strengthen the necessary structures in universities, research centres and local communities to become breeding grounds for growth and innovative entrepreneurship.","506",NA
"Εθνική Πολιτική για τις Ψηφιακές Δεξιότητες.","National Digital Skills Policy.","H",NA
"Θα επιταχυνθεί και θα διαδοθεί περισσότερο η κατανόηση των ψηφιακών μέσων πράγμα απαραίτητο για το μέλλον μας.","It will accelerate and further spread the understanding of digital media which is essential for our future.","404",NA
"Είναι ανάγκη να διαμορφωθεί εθνική στρατηγική για τις ψηφιακές δεξιότητες σε συνεργασία με τα πανεπιστήμια και την τεχνική εκπαίδευση, η οποία να είναι αποδεκτή, ει δυνατόν, από όλες τις πολιτικές δυνάμεις.","There is a need to formulate a national strategy for digital skills in cooperation with universities and technical education, which is acceptable, if possible, to all political forces.","404",NA
"Διαφορετικά, θα συνεχίσουμε να σπαταλάμε εθνικούς και κοινοτικούς πόρους χωρίς τα αναγκαία αποτελέσματα.","Otherwise, we will continue to waste national and Community resources without the necessary results.","404",NA
"Στη χώρα μας είναι σημαντικό να υπάρχει, κατ’ αρχήν, διαδραστικό εκπαιδευτικό υλικό στα ελληνικά και αγγλικά και σε οπτικοακουστική μορφή σε ψηφιακό αποθετήριο, ενότητες για ελεύθερη χρήση στο Διαδίκτυο από όλους που θα παράγεται με ανοιχτά πρότυπα και ανοιχτό λογισμικό.","In our country it is important that, in principle, there should be interactive educational material in Greek and English and in audiovisual form in a digital repository, modules for free use on the Internet by everyone, produced using open standards and open software.","506",NA
"Η στρατηγική θα πρέπει να βασίζεται σε εθνικές έρευνες δεξιοτήτων με περιοδικό χαρακτήρα εστιασμένες τόσο στη μελλοντική ζήτηση επαγγελματικών δεξιοτήτων όσο κι στις ανάγκες των πολιτών για δεξιότητες πρόσβασης σε ψηφιακές υπηρεσίες.","The strategy should be based on national skills surveys of a periodic nature focusing both on the future demand for vocational skills and on citizens' needs for skills to access digital services.","411",NA
"ΨΗΦΙΑΚΟΣ ΔΗΜΟΣΙΟΣ ΤΟΜΕΑΣ: Για την εξυπηρέτηση των πολιτών και των επιχειρήσεων - καταλύτης της ψηφιακής μετάβασης της κοινωνίας και της οικονομίας","DIGITAL PUBLIC SECTOR: To serve citizens and businesses - catalyst for the digital transition of society and the economy","303",NA
"Ο ψηφιακός μετασχηματισμός της δημόσιας διοίκησης πρέπει να έχει στο επίκεντρο την εξυπηρέτηση των πολιτών και των επιχειρήσεων, την ενδυνάμωση του πολίτη, την ενίσχυση των θεσμών και της εμπιστοσύνης στη δημόσια διοίκηση.","The digital transformation of public administration should focus on serving citizens and businesses, empowering citizens, strengthening institutions and confidence in public administration.","303",NA
"Η δράση της ψηφιακής μετάβασης του δημόσιου τομέα πρέπει να πραγματοποιείται με ανοιχτές διαδικασίες, να ενισχύει τη διαφάνεια και τη λογοδοσία.","The digital transformation of the public sector must be carried out through open processes, enhancing transparency and accountability.","303",NA
"Σε αντίθετη περίπτωση πραγματοποιείται η ψηφιοποίηση της γραφειοκρατίας με εντελώς αντίθετο αποτέλεσμα.","Otherwise, the digitisation of bureaucracy is taking place with the complete opposite effect.","303",NA
"Ο ψηφιακός μετασχηματισμός της δημόσιας διοίκησης θα είναι ημιτελής αν δεν συνδυαστεί με παρεμβάσεις στην εκπαίδευση, τη συμμετοχή των πολιτών και την ενίσχυση της διαφάνειας και λογοδοσίας καθώς και την υποστήριξη ανοικτών προτύπων και διαδικασιών για την υλοποίηση ψηφιακών υποδομών με ίσες ευκαιρίες.","The digital transformation of public administration will be incomplete if it is not combined with interventions in education, citizen participation and enhancing transparency and accountability, as well as support for open standards and processes for the implementation of digital infrastructure with equal opportunities.","303",NA
"Βασικές Δράσεις:","Key Actions:","H",NA
"1. Χρειάζεται να διασφαλίσουμε ότι τα στελέχη της δημόσιας διοίκησης έχουν όλα τα εφόδια και λειτουργούν σε ένα υγιές και αποδοτικό περιβάλλον: Ψηφιακά εργαλεία συνεργασίας, διαχείρισης της διοικητικής γνώσης, διαδικασίες, και εκπαίδευση.","1. We need to ensure that civil servants are fully equipped and operate in a healthy and efficient environment: digital collaboration tools, administrative knowledge management, processes, and training.","303",NA
"Χρειάζεται ενίσχυση του Εθνικού Κέντρου Δημόσιας Διοίκησης για την κλιμάκωση εκπαιδευτικών δράσεων και την παραγωγή ανοικτού απλοποιημένου εκπαιδευτικού περιεχομένου για την ανάπτυξη ψηφιακών δεξιοτήτων.","We need to strengthen the National Centre for Public Administration to scale up training activities and produce open, simplified educational content to develop digital skills.","303",NA
"Χρειάζεται μια ανοικτή και αποδοτική διαχείριση του ανθρώπινου δυναμικού του δημοσίου τομέα μέσα από την αναβάθμιση του υφιστάμενου συστήματος για τη διαχείριση του ανθρώπινου δυναμικού και τη διάθεση εκπαιδευτικού περιεχομένου σε ολους.","An open and efficient management of human resources in the public sector is needed through upgrading the existing system for human resources management and making educational content available to all.","303",NA
"Είναι αναγκαία η επιμόρφωση και κατάρτιση των δημοσίων υπαλλήλων στο αντικείμενο της ψηφιακής διακυβέρνησης και διαμόρφωση ψηφιακής κουλτούρας.","There is a need to educate and train civil servants in the field of digital governance and to develop a digital culture.","303",NA
"2. Χρειάζεται Άμεση αναβάθμιση της κεντρικής διαδικτυακής πύλης 9ον.","2. there is a need for immediate upgrading of the central web portal 9on.","303",NA
"ξ]Γ σε μια πλατφόρμα η οποία θα παρέχει προσωποποιημένες υπηρεσίες για κάθε διαφορετική ανάγκη πολίτη και επιχείρηση.","x]C to a platform that will provide personalised services for every different need of citizens and businesses.","303",NA
"Η πλατφόρμα του ςρν.ςΐΓ πρέπει να λειτουργεί σε όρους του 2022 και να επιτρέπει μέσα από ανοικτά πρότυπα την απλοποίηση των διαδικασιών του δημόσιου και του ιδιωτικά τομέα.","The SBS platform should operate in 2022 terms and allow through open standards the simplification of public and private sector processes.","303",NA
"Το ςρν.ςΐΓ θα πρέπει να μετασχηματιστεί από απλός κατάλογος υπηρεσιών σε μια υποδομή που εξασφαλίζει στους πολίτες παροχή υπηρεσιών με διαφάνεια και πληροφόρηση και εξατομίκευση.","The SGI should be transformed from a simple catalogue of services into an infrastructure that ensures that citizens are provided with transparent, informed and personalised services.","303",NA
"Οι πολίτες δεν θα πρέπει να υποβάλουν ξανά και ξανά στοιχεία που το κράτος γνωρίζει.","Citizens should not have to submit over and over again data that the state is aware of.","303",NA
"Παράλληλα θα επιτρέπει στη δημόσια διοίκηση την παρακολούθηση των διαδικασιών.","At the same time it will allow the public administration to monitor procedures.","303",NA
"3. Υλοποίησης δράσης δοεϊοΙ.ςον για την διαφανή και εύκολη πρόσβαση του πολίτη σε δικαιώματα, κοινωνικές παροχές και δυνατότητες με αυτόματο και προσωποποιημένο τρόπο με βάση τις ανάγκες του.","3. Implementation of a dojoI.sion action for transparent and easy access of citizens to rights, social benefits and opportunities in an automatic and personalized way based on their needs.","303",NA
"Το Κράτος οφείλει να είναι προετοιμασμένο για κάθε διαφορετική ανάγκη αξιοποιώντας προς το συμφέρον των πολιτών τα δεδομένα που διαθέτει, και όχι να ζητά συνεχώς από τον πολίτη να τεκμηριώνει πράγματα που ήδη το κράτος γνωρίζει!","The State must be prepared for every different need by making use of the data available in the interests of the citizens, and not by constantly asking the citizen to document things that the State already knows!","303",NA
"Σε αυτό το σημείο θα πρέπει να προβλεφθεί και η ασφαλής διαλειτουργικότητα και συνεργασία με πρωτοβουλίες σε όλα τα επίπεδα της δημόσιας διοίκησης π.χ δήμοι και με δράσεις του ιδιωτικού τομέα.","At this point, secure interoperability and cooperation with initiatives at all levels of public administration, e.g. municipalities and private sector actions, should also be provided for.","303",NA
"4. ΔΙΑΥΓΕΙΑ 2.0 - Ενίσχυση και Ενδυνάμωση του προγράμματος ΔΙΑΥΓΕΙΑ που υλοποίησε το ΠΑΣΟΚ το 2010.","4. DIYΓEIA 2.0 - Strengthening and empowering the DIYΓEIA programme implemented by PASOK in 2010.","303",NA
"Διάθεση απλών εργαλείων αναζητήσεων και οπτικοποίησης δεδομένων για τους πολίτες.","Provision of simple data search and visualisation tools for citizens.","303",NA
"Το Πρόγραμμα ΔΙΑΥΓΕΙΑ μπορεί να υποστηρίξει ανοικτές και διαφανείς διαδικασίες διοίκησης.","The DIAGIA programme can support open and transparent administrative processes.","303",NA
"Η αξιοποίηση των δεδομένων του προγράμματος ΔΙΑΥΓΕΙΑ μπορεί να βοηθήσει τη διαμόρφωση πολιτικών εξοικονόμησης κόστους και την απλοποίηση των διαδικασιών όπως για παράδειγμα από την εφαρμογή αλγορίθμων Τεχνητής Νοημοσύνης στις 50 εκ. Διοικητικές αποφάσεις και πράξεις που έχουν αναρτηθεί.","The use of the data of the DIASYEIA programme can help formulate cost-saving policies and simplify procedures, for example by applying AI algorithms to the 50 million administrative decisions and acts posted.","303",NA
"5. Ενισχύουμε τη συμμετοχικότητα και την διαφάνεια.","5. Strengthen inclusiveness and transparency.","202.1",NA
"Αξιολόγηση από τα στελέχη της δημόσιας διοίκησης και τους πολίτες των έργων και δράσεων ψηφιακής μετάβασης, πριν την δέσμευση οικονομικών πόρων.","Evaluation by public administration officials and citizens of digital switchover projects and actions before committing financial resources.","303",NA
"6. Ανοικτο Μητρώο παρόχων υλοποίησης ψηφιακών υπηρεσιών αξιοποιώντας τις βασικές υποδομές του 9°ν·9Γ (π.χ μηχανισμών 13ΧΪ8 κλπ).","6. Open Registry of providers implementing digital services utilizing the key infrastructures of 9°n-9C (e.g. 13XI8 mechanisms, etc.).","303",NA
"Πρέπει να υπάρχει η δυνατότητα με ασφάλεια να χρησιμοποιούνται οι διαδικασίες π.χ υπεύθυνων δηλώσεων κ.α για την υλοποίηση υπηρεσιών σε τομείς της οικονομίας και της κοινωνίας και με την αξιοποίηση μηχανισμών συγκατάθεσης από τους πολίτες με απλό και ασφαλή τρόπο.","It must be possible to safely use the procedures e.g. responsible declarations etc. for the implementation of services in sectors of the economy and society and by using consent mechanisms by citizens in a simple and secure way.","303",NA
"7. Ανοικτή Δημόσια Διοίκηση.","7. Open Public Administration.","303",NA
"Ο Πολίτης και επιχείρηση για κάθε συναλλαγή με το δημόσιο θα πρέπει να είναι ενήμεροι για το ποια υπηρεσία και σε τι στάδιο βρίσκεται οποιοδήποτε αίτημα.","Citizen and business for any transaction with the public should be aware of which service and what stage any request is at.","303",NA
"Μέσα από τη διάθεση ανωνυμοποιημένων στατιστικών δεδομένων μπορούμε να υποστηρίζουμε άμεσα υποστελεχωμένες υπηρεσίες ή να προλαμβάνουμε καταστάσεις στρεβλής λειτουργίας, μέσω της διαφάνειας, προστατεύοντας τον πολίτη και τον δημόσιο υπάλληλο.","Through the availability of anonymised statistical data we can directly support understaffed services or prevent situations of malfunctioning through transparency, protecting the citizen and the civil servant.","303",NA
"8. Ανάπτυξη και εκσυγχρονισμός της τηλεπικοινωνιακής υποδομής του Δημόσιου Τομέα.","8. Develop and modernise the telecommunications infrastructure of the public sector.","303",NA
"Δημιουργία ευέλικτων και αποκεντρωμένων μοντέλων βάσει ενιαίων προτύπων για τη μέγιστη δυνατή εκμετάλλευση των παρεχόμενων τηλεπικοινωνιακών υπηρεσιών από την αγορά.","Create flexible and decentralised models based on uniform standards to maximise the market's use of the telecommunications services provided.","303",NA
"Μετασχηματισμός του ΣΥΖΕΥΞΙΣ σε εικονικό δίκτυο της δημόσιας διοίκησης επικεντρωμένο στην ασφάλεια και ανεξάρτητο από την τηλεπικοινωνιακή υπηρεσία.","Transformation of SYZEYXIS into a virtual network of the public administration focused on security and independent of the telecommunications service.","303",NA
"(Δίκτυο Δημόσιου Τομέα).","(Public Sector Network).","303",NA
"Χρήσιμο σε αυτή την περίπτωση θα ήταν και η αξιοποίηση μηχανισμών ανοικτών οίουά πΐ3ΐΊ<θΐρΐ30θ3 για την συνεχή αναβάθμιση των υπηρεσιών συνεργασίας, διαχείρισης γνώσης κ.α τα οποία θα έχουν πρόσβαση τα στελέχη της δημόσιας διοίκησης.","Useful in this case would also be the use of mechanisms of open OIOs pΐ3ΐΐ<θΐρΐ30θ3 for the continuous upgrading of collaboration services, knowledge management, etc. to which public administration executives would have access.","303",NA
"Ο Δημόσιος Τομέας πρέπει να πληρώνει τιμές αγοράς και όχι να υπερχρεώνεται για υπηρεσίες που δεν χρησιμοποιεί.","The public sector should pay market prices and not overcharge for services it does not use.","303",NA
"9. Ενιαίο ψηφιακό μητρώο πολιτών.","9. A single digital register of citizens.","303",NA
"Εφαρμογή ενιαίου κεντρικού συστήματος για τη διαχείριση του μητρώου των πολιτών.","Implement a single centralised system to manage the register of citizens.","303",NA
"Συμμόρφωση με τον νέο ευρωπαϊκό κανονισμό για υπηρεσίες ταυτοποίησης και εμπιστοσύνης για την εφαρμογή ενιαίου μοντέλου πρόσβασης σε ψηφιακές υπηρεσίες του δημοσίου (θΙΘΑδ) και διασύνδεση με άλλες δράσεις π.χ Εθνικό Μητρώο Επικοινωνίας (ΕΜΕπ) μέσα από τη διάθεση μηχανισμών διαλειτουργικότητας για τον ιδιωτικό τομέα με στόχο την απλοποίηση διαδικασιών και τη μείωση του κόστους.","Compliance with the new European regulation on identification and trust services to implement a single model of access to digital public services (i.e., iItHad) and interconnection with other actions e.g. National Communication Registry (NCR) through the provision of interoperability mechanisms for the private sector to simplify procedures and reduce costs.","303",NA
"10. Διασφάλιση της βιωσιμότητας και της αποτελεσματικότητας για κεντρικές υποδομές π.χ ΟΟν ΕΒΡ, ΟΒΜ με την υιοθέτηση ανοικτών τεχνολογιών, τη μείωση κόστους για το δημόσιο τομέα, και τη διαλειτουργικότητα με τρίτα συστήματα της δημόσιας διοίκησης για την αυτοματοποίηση διάθεσης στοιχείων.","10. Ensure sustainability and efficiency for centralized infrastructures e.g. OON EBP, OMB by adopting open technologies, reducing costs for the public sector, and interoperability with third party public administration systems to automate data provision.","303",NA
"11. Νέοι “Ψηφιακοί δρόμοι” - υλοποίηση δημόσιων υποδομών με διαφάνεια και αποδοτικότητα.","11. New ""Digital Roads"" - implementation of public infrastructure with transparency and efficiency.","303",NA
"Για παράδειγμα το ϋΐςμΐθΙ Μ3Γΐ<θΐρΐ30θ στο ςρν.ΙΙΚ έχει αλλάξει τον τρόπο με τον οποίο ο δημόσιος τομέας αγοράζει ΙΤ και ψηφιακές υπηρεσίες.","For example, the M3Γΐ<θΐρΐ30θ іѕμΐθ in sрn.ΙΙΚ has changed the way the public sector buys IT and digital services.","303",NA
"Ανοίγοντας την αγορά προμηθειών σε προμηθευτές όλων των μεγεθών, σε εταιρίες 5ΐ3Γΐυρ3 κοκ και όχι μόνο σε μεγάλες εταιρείες τεχνολογίας, οδήγησε σε αυξημένο ανταγωνισμό, χαμηλότερες τιμές και πιο εξειδικευμένους και τοπικούς προμηθευτές που συμβάλλουν στην ανάπτυξη εγχώριας τεχνογνωσίας, τοπικής ανάπτυξης και εξωστρέφειας.","By opening up the procurement market to suppliers of all sizes, 5ΐ3Γΐρ3 coke companies and not just large technology companies, it has led to increased competition, lower prices and more specialised and local suppliers that contribute to the development of domestic expertise, local development and outward investment.","303",NA
"12. Ανάπτυξη δεξιοτήτων στη δημόσια διοίκηση για την ευθυγράμμιση με το περιβάλλον της τέταρτης βιομηχανικής επανάστασης (ϊηάυβΐιγ 4.0), τις σχετικές τάσεις και τις αναδυόμενες τεχνολογίες σε μια σειρά θεμάτων που αφορούν το ΡΡΑ και την αυτοματοποίηση διαδικασιών (Βοβοίΐο Ριόοθ33 Αυΐοιτΐ3ΐίοη), Τεχνητή Νοημοσύνη, βΙοοΙ<οή8ΐη, ΑΡΛ/Ρ. Απαραίτητη δράση προς αυτή την κατεύθυνση είναι η συστηματοποίηση της συνεργασίας με το ελληνικό ανθρώπινο κεφάλαιο, το οικοσύστημα των 3ΐ8Γΐυρ εταιρειών για την μεταφορά τεχνολογίας από άλλους τομείς στη δημόσια διοίκηση.","12. Skills development in public administration to align with the fourth industrial revolution environment (i.e., i.e., i.e., i.e., 4.0), related trends and emerging technologies in a range of topics related to RPA and process automation (Vovoiio Riooth33 Aviiotii3iiiiiii), Artificial Intelligence, bIooi<oei8iii, ARL/P. Necessary action in this direction is the systematisation of cooperation with Greek human capital, the ecosystem of 3I8Yir companies for the transfer of technology from other sectors to the public administration.","303",NA
"13. Διάθεση ανοικτών (μη προσωπικών) δεδομένων ορβη άθΐθ.","13. Making open (non-personal) data available to the public.","303",NA
"Τα δεδομένα τα έχει πληρώσει ο φορολογούμενος και πρέπει να είναι ανοικτά και προσβάσιμα στους πολίτες για το δημόσιο έλεγχο και την ανάπτυξη οικοσυστήματος ψηφιακής οικονομίας.","Data is paid for by the taxpayer and should be open and accessible to citizens for public scrutiny and the development of a digital economy ecosystem.","303",NA
"Τα ανοικτά (μη προσωπικά, δηλαδή στατιστικά, γεωγραφικά κ.α) δεδομένα του δημόσιου τομέα είναι κεντρική πολιτική επιλογή της Ε.Ε. Είναι το καύσιμο της ψηφιακής οικονομίας και θα πρέπει να προωθηθούν σε όλους τους τομείς της οικονομίας όπως ο τουρισμός, ο πολιτισμός και το περιβάλλον.","Open (non-personal, i.e. statistical, geographic, etc.) public sector data is a central policy choice of the EU. It is the fuel of the digital economy and should be promoted in all sectors of the economy such as tourism, culture and the environment.","303",NA
"Εκτός από την προώθηση της διαφάνειας, θα απελευθερωθούν σημαντικές δημιουργικές δυνάμεις ελλήνων μηχανικών που έχουν ιδέες για το πώς μπορούν τα πράγματα να γίνουν καλύτερα!","In addition to promoting transparency, it will unleash significant creative forces of Greek engineers who have ideas on how things can be done better!","303",NA
"Θα πρέπει να δοθεί επίσης έμφαση στη διάθεση δεδομένων συλλογής τιμών από το κράτος π.χβ-ΙοΙθηβΙοΙϊδ.ςον.ςΓ για τα βασικά αγαθά, ενέργεια, τηλεπικοινωνίες, τιμές καυσίμων (μέσα από τον ανασχεδιασμό του απαρχαιωμένου ΐυθΙρποθ.ς|Γ) με στόχο την καλύτερη ενημέρωση των πολιτών από εφαρμογές σύγκρισης τιμών και την διαφανή λειτουργία της αγοράς προς το συμφέρον του καταναλωτή.","Emphasis should also be placed on the availability of price collection data by the state e.g.i.e.-IOTHIBIOD.SON.S.G for basic goods, energy, telecommunications, fuel prices (through the redesign of the outdated Iythirpoth.S|G) in order to better inform citizens through price comparison applications and the transparent operation of the market in the interest of the consumer.","303",NA
"Επιμέρους κατευθύνσεις","Specific guidelines","H",NA
"Συμμετοχικά Εργαστήρια καινοτομίας ςονΐοοή σε συνεργασία με τους φορείς, πολίτες και στελέχη της δημόσιας διοίκησης μέσα από το ΕΚΔΔ - Σύσταση μονάδων καινοτομίας σε επίπεδο Υπουργείου.","Participatory Innovation Workshops in cooperation with stakeholders, citizens and public administration officials through the NIS - Establishment of innovation units at Ministry level.","303",NA
"Εφάπαξ καταχώρηση δεδομένων σε συστήματα του δημοσίου κατά την αλληλεπίδοαση υε τους ώοοείς της δηυόσιας διοίκησης και έλεγχος των δεδομένων από τον πολίτη.","One-off data entry into public systems during interaction with public administration and control of data by the citizen.","303",NA
"Να ξέρει ποια στοιχεία αποθηκεύονται στα δημόσια πληροφοριακά συστήματα και πώς αξιοποιούνται.","Know what data is stored in public information systems and how it is used.","303",NA
"Πράσινη διακυβέρνηση, με την αξιοποίηση των ΤΠΕ για τη διευκόλυνση της μετάβασης, περιλαμβανομένων των δημόσιων οργανισμών, προς μια ενεργειακά αποδοτική οικονομία με χαμηλές εκπομπές άνθρακα.","Green governance, using ICT to facilitate the transition, including for public organisations, towards an energy-efficient and low-carbon economy.","303",NA
"Ύπαρξη ηλεκτρονικών αντί φυσικών αρχείων, προώθηση ανοικτών συνεργατικών εφαρμογών - ρΐΌ]©οΐ πΊ8η09θπΐθηί.","Existence of electronic rather than physical records, promoting open collaborative applications - rIo]©oi pI8i09thpIthpIthi.","303",NA
"Διαχείριση των προσωπικών πληροφοριών και της μεταφοράς τους σε τρίτους.","Management of personal information and its transfer to third parties.","303",NA
"Επιτυχής εφαρμογή του ΟθηθΓθΙ Θ3ΐ3 ΡΐΌΐοοΐΐοη Ρθ9υΐ3ΐίοη (ΟΘΡΡ) και διασφάλιση του δικαιώματος του πολίτη να γνωρίζει τα δεδομένα που συλλέγουν τα δημόσια πληροφοριακά συστήματα.","Successful implementation of the OTHR and ensuring the right of citizens to know the data collected by public information systems.","303",NA
"Κάθε υπηρεσία, εφαρμογή ή υπολογιστικό σύστημα που αναπτύσσεται με δημόσιο χρήμα, θα πρέπει υποχρεωτικά να αποδίδεται στο δημόσιο και τους πολίτες που το πλήρωσαν, με άδεια ελεύθερης χρήσης και τροποποίησης του κώδικα, και πλήρη τεκμηρίωση, ώστε να είναι δυνατή η επαναχρησιμοποίησή του.","Any service, application or computer system developed with public money should be compulsorily returned to the public and the citizens who paid for it, with a licence to freely use and modify the code, and full documentation to enable its reuse.","303",NA
"Χρήση καινοτόμων τεχνολογιών (π.χ. όΙοοΚοήβΐη) για την ενίσχυση της δημοκρατίας, της διαφάνειας και της συμμετοχικότητας.","Use of innovative technologies (e.g. online) to enhance democracy, transparency and inclusiveness.","303",NA
"ΕΝΔΥΝΑΜΩΣΗ ΤΗΣ ΔΗΜΟΚΡΑΤΙΑΣ : Προώθηση της συμμετοχικής διακυβέρνησης, της διαφάνειας και της λογοδοσίας.","ENRICHING DEMOCRACY: Promoting participatory governance, transparency and accountability.","202.1",NA
"Μέσα από τη δραστηριότητα του ΠΑΣΟΚ - Κινήματος Αλλαγής βάζουμε το πλαίσιο της ενεργής συμμετοχής των πολιτών","Through the activity of PASOK - Movement for Change we set the framework for active citizen participation","305.1",NA
"Να διαμορφώσουμε ένα ανοικτό, δυναμικό σύστημα διακυβέρνησης, το οποίο έχει ως πρωταρχικό του στόχο την επανατοποθέτηση των σχέσεων κυβέρνησης και πολιτών.","To shape an open, dynamic system of governance, which has as its primary objective the repositioning of the relationship between government and citizens.","303",NA
"Ένα σύστημα συμμετοχικής διακυβέρνησης που βασίζεται στη συμμετοχή, τη διαφάνεια, τη λογοδοσία και την ανοικτότητα σε ολόκληρο το σύστημα διακυβέρνησης: κυβέρνηση, δημόσια διοίκηση αλλά και ιδιωτικός τομέας.","A system of participatory governance based on participation, transparency, accountability and openness across the entire system of governance: government, public administration and the private sector.","202.1",NA
"Ένα τέτοιο σύστημα διακυβέρνησης προτείνει λύσεις σε προκλήσεις τόσο ιδεολογικές όσο και καθημερινές, πρακτικές, όπως η λειτουργία του πολιτικού συστήματος και των δημοσίων υπηρεσιών, οι εργασιακές σχέσεις, η διαχείριση των κοινών πόρων και ο τρόπος λήψης αποφάσεων σε πολλαπλά επίπεδα.","Such a system of governance proposes solutions to challenges, both ideological and everyday, practices such as the functioning of the political system and public services, labour relations, the management of common resources and the way decisions are taken at multiple levels.","303",NA
"Πρωτοβουλίες για την ενίσχυση της συμμετοχικής διακυβέρνησης","Initiatives to strengthen participatory governance","H",NA
"1. Υποχρεωτική ένταξη στη ΔΙΑΥΓΕΙΑ, κάθε φορέα και εταιρείας που διαχειρίζεται δημόσιους πόρους (Ενέργεια, Περιβάλλον, Υποδομές κ.α).","1. Mandatory inclusion in the public domain of every body and company managing public resources (Energy, Environment, Infrastructure, etc.).","303",NA
"2. Υποχρεωτική ηλεκτρονική ανάρτηση των οικονομικών των κομμάτων στην ΔΙΑΥΓΕΙΑ.","2. Mandatory electronic posting of the parties' finances on the DIAΓEIA.","303",NA
"3. Ενίσχυση της ηλεκτρονικής διαβούλευσης.","3. Strengthening of electronic consultation.","303",NA
"Υποχρεωτική διαβούλευση και υποχρεωτική αναφορά για την συμμετοχή και τις προτάσεις των πολιτών και των φορέων.","Mandatory consultation and mandatory reporting on the participation and proposals of citizens and stakeholders.","303",NA
"Ποια σχόλια λαμβάνονται υπόψη και ποια όχι και για ποιο λόγο.","Which comments are taken into account and which are not and why.","303",NA
"Πραγματική λογοδοσία για τις δυναμικές ανάγκες και τις προτάσεις της κοινωνίας","Real accountability for the dynamic needs and proposals of society","303",NA
"4. Παρουσίαση των οικονομικών και αναλυτικών στοιχείων εκτέλεσης του προϋπολογισμού σε πραγματικό χρόνο (γθθΙ ΐίπΐθ οηΐΐηθ).","4. Presentation of financial and analytical data on budget execution in real time (gθθΙ ΐπΐθ oηΐΐΐθ)","303",NA
"5. Αύξηση της συμμετοχής πολιτών στις διαδικασίες διαμόρφωσης πολιτικών.","5. Increased citizen participation in policy-making processes.","202.1",NA
"Μέσω της εφαρμογής λύσεων ΤΠΕ και με εξασφάλιση αποτελεσματικών και διαφανών διαδικασιών, οι πολίτες συμμετέχουν σε διαβουλεύσεις σχετικά με τη δημόσια πολιτική, σε συζητήσεις και σε διαδικασίες χάραξης πολιτικής και στελέχωσης θέσεων ευθύνης.","Through the implementation of ICT solutions and by ensuring efficient and transparent procedures, citizens are involved in public policy consultations, debates and policy-making and staffing processes.","202.1",NA
"6. Χρειάζεται να καταστεί κύριος στόχος η απλούστευση και ο εξορθολογισμός των πολυπληθών κανόνων δικαίου της χώρας μέσω της ευρύτατης υιοθέτησης πρακτικών Καλής Νομοθέτησης.","6. Simplification and rationalisation of the country's voluminous legal rules through the widespread adoption of Good Lawmaking practices needs to become a key objective.","303",NA
"Το σημερινό σύστημα συμβάλει αρνητικά και αυτό στις μεγάλες καθυστερήσεις του συστήματος απονομής Δικαιοσύνης της χώρας μας.","The present system also contributes negatively to the long delays in the administration of justice in our country.","303",NA
"Η φιλική πρόσβαση στο σύνολο της νομοθεσίας μαζί με την χρήση πρακτικών ευρείας διαβούλευσης καθώς και κανόνων δομημένης σύνταξης πριν και κατά τη διαδικασία νομοθέτησης θα συμβάλλουν θετικά στην ενίσχυση του ουσιαστικού δημοκρατικού διαλόγου όσο, στην παραγωγή ευκρινέστερων διατάξεων και στην κωδικοποίηση της νομοθεσίας στην πηγή τους.","Friendly access to all legislation, together with the use of broad consultation practices and structured drafting rules before and during the legislative process, will contribute positively to strengthening effective democratic dialogue, producing clearer provisions and codifying legislation at source.","303",NA
"7. Σύστημα .αξιολόγησης και ελέγχου του Κυβερνητικού έργου από τους πολίτες.","7. A system of evaluation and control of the Government's work by citizens.","202.1",NA
"Προτείνουμε την αξιοποίηση της υπάρχουσας εμπειρίας σε εθνικό και ευρωπαϊκό επίπεδο με στόχο τη Λειτουργία συστήματος παρακολούθησης, όιαφανειας και συντονισμού του κυβερνητικού έργου.","We propose the use of existing experience at national and European level with the aim of operating a system of monitoring, transparency and coordination of government work.","202.1",NA
"Το σύστημα πρέπει να ενημερώνεται υποχρεωτικά από όλους τους φορείς του δημοσίου τομέα και να παρέχει ανοιχτά δεδομένα, ώστε να αποτελεί το μέσο που θα βοηθήσει στην έγκαιρη αντιμετώπιση των όποιων δυσκολιών προκύπτουν στην υλοποίηση του κυβερνητικού προγράμματος.","The system should be compulsorily updated by all public sector bodies and provide open data, so that it can be the instrument that will help to address in a timely manner any difficulties that arise in the implementation of the government program.","303",NA
"ΟΙ ΠΟΛΙΤΕΣ, ΟΙ ΤΟΠΙΚΕΣ ΚΟΙΝΩΝΙΕΣ ΚΑΙ ΟΙ ΔΗΜΟΙ ΠΡΩΤΑΓΩΝΙΣΤΕΣ ΣΕ ΜΙΑ ΕΞΥΠΝΗ - ΑΝΟΙΚΤΗ - ΔΗΜΙΟΥΡΓΙΚΗ ΠΟΛΗ","CITIZENS, LOCAL COMMUNITIES AND MUNICIPALITIES AS PROTAGONISTS IN A SMART - OPEN - CREATIVE CITY","H",NA
"Μια πόλη είναι έξυπνη όταν περιλαμβάνει όλους τους ενδιαφερομένους στη διαδικασία λειτουργίας της και βασίζεται στην ανταλλαγή γνώσεων και τη συνεργασία σε όλα τα επίπεδα της κοινωνίας και τοπικής οικονομίας, ο μοντέλο ανάπτυξης των έξυπνων πόλεων οφείλει να βρει καινοτόμες λύσεις για τα προβλήματα που υφίστανται.","A city is smart when it involves all stakeholders in its functioning process and is based on knowledge sharing and cooperation at all levels of society and local economy, the smart city development model must find innovative solutions to the problems that exist.","411",NA
"Εκτός από τις τεχνολογικές παρεμβάσεις στις πόλεις που ζούμε - οι οποίες θα πρέπει να πραγματοποιούνται με την χρήση ανοικτών προτύπων - χρειάζονται στοχευμένα προγράμματα σε πολίτες χαμηλού εισοδήματος και εκπαίδευσης σε χρήσιμες εφαρμογές.","In addition to technological interventions in the cities we live in - which should be carried out using open standards - targeted programmes for low-income citizens and training in useful applications are needed.","411",NA
"Μέσα από το σχέδιο μας προτείνεται η λειτουργία συμμετοχικών εργαλείων και πρακτικών (ηλ.","Through our project we propose the operation of participatory tools and practices (e.g.","411",NA
"Διαβουλεύσεις, τοπικά δημοψηφίσματα, συμμετοχικός προϋπολογισμός) τα οποία θα δώσουν ρόλο και λόγο στους πολίτες για θέματα που αφορούν την καθημερινή τους ζωή.","Consultations, local referendums, participatory budgeting) that will give citizens a role and a voice in issues that affect their daily lives.","411",NA
"Υλοποίηση σχεδίων τοπικών κοινωνιών για την ενίσχυση των ψηφιακών δεξιοτήτων των πολιτών με:","Implementation of local community projects to enhance citizens' digital skills through:","411",NA
"1. Συστήματα διάγνωσης, αναφορές αξιολόγησης και αποτύπωσης της υπάρχουσας κατάστασης του ψηφιακού χάσματος,","1. Diagnostic systems, assessment reports and mapping of the current state of the digital divide;","411",NA
"2. Πρόσβαση σε υποδομές, διαδίκτυο, υπηρεσίες, εργαλεία και εγκαταστάσεις με ενίσχυση του δημοτικού δικτύου ευρυζωνικότητας (οπτικές ίνες, ασύρματο δίκτυο), παροχή συσκευών και διαδικτύου σε τοπικά κέντρα παροχής υπηρεσιών και","2. Access to infrastructure, internet, services, tools and facilities by strengthening the municipal broadband network (fibre optics, wireless network), provision of devices and internet to local service centres; and","411",NA
"3. Ανάπτυξη δεξιοτήτων.","3. Skills development.","411",NA
"ΕΥΚΑΙΡΙΕΣ ΣΤΟ ΑΝΘΡΩΠΙΝΟ ΔΥΝΑΜΙΚΟ ΤΗΣ ΧΩΡΑΣ ΜΑΣ ΝΑ ΕΧΕΙ ΡΟΛΟ ΣΤΗΝ ΨΗΦΙΑΚΗ ΜΕΤΑΒΑΣΗ - Η ΧΩΡΑ ΜΑΣ ΕΝΑΣ ΔΙΕΘΝΗΣ ΤΕΧΝΟΛΟΓΙΚΟΣ ΚΟΜΒΟΣ","OPPORTUNITIES FOR OUR HUMAN RESOURCES TO PLAY A ROLE IN THE DIGITAL TRANSITION - OUR COUNTRY AN INTERNATIONAL TECHNOLOGY HUB","H",NA
"Μέσα από το σχέδιο μας δίνουμε ευκαιρίες στο δημιουργικό ανθρώπινο κεφάλαιο της χώρας μας για ανάπτυξη καινοτόμων λύσεων που βρίσκουν άμεση εφαρμογή στον δημόσιο και ιδιωτικό τομέα.","Through our plan, we are providing opportunities for our country's creative human capital to develop innovative solutions that find immediate application in the public and private sectors.","411",NA
"Ενισχύουμε το οικοσύστημα καινοτομίας και επιχειρηματικότητας ενεργοποιώντας φορείς και στελέχη για την από κοινού ανάπτυξη καινοτόμων λύσεων, μέσα από στοχευμένες δράσεις, δομές και παρεμβάσεις, όπως είναι τα εργαστήρια καινοτομίας, μαραθώνιοι καινοτομίας και δράσεις όυείησεε 300θΙθΓ3Ϊίθη.","We strengthen the innovation and entrepreneurship ecosystem by enabling institutions and executives to jointly develop innovative solutions, through targeted actions, structures and interventions such as innovation workshops, innovation marathons and 300θθΙθΓ3Ϊίθη actions.","402",NA
"Με τέτοιες ενέργειες κινητοποιείται το δημιουργικό ανθρώπινο κεφάλαιο του οικοσυστήματος καινοτομίας, ενισχύεται η δημιουργία και η νεανική επιχειρηματικότητα, καθώς και οι συνεργασίες, αξιοποιείται η εμπειρία και η τεχνογνωσία των στελεχών των φορέων και προωθείται η καινοτομία.","Such actions mobilise the creative human capital of the innovation ecosystem, foster creativity and youth entrepreneurship as well as partnerships, harness the experience and know-how of stakeholders and promote innovation.","402",NA
"Επιπλέον, οι ενέργειες ανοιχτής καινοτομίας συμβάλλουν ώστε να αντιμετωπιστεί το φαινόμενο “όΓ3ίη άΓ3ίη” και να μένουν οι νέοι επιστήμονες και επιχειρηματίες μας στη χώρα μας ενώ προωθούνται τα ανοικτά δημόσια δεδομένα (οροη ά3ΐ3) τα οποία αποτελούν βασικό συστατικό της ψηφιακής οικονομίας.","In addition, open innovation actions help to address the phenomenon of ""oG3ii aG3ii"" and keep our young scientists and entrepreneurs in our country while promoting open public data (oroi aG3ii3) which is a key component of the digital economy.","411",NA
"Μέσα από στοχευμένες παρεμβάσεις κινητοποίησης του ανθρώπινου δυναμικού, τις 5ΐ3Γί υρ επιχειρήσεις και την ερευνητική και ακαδημαϊκή κοινότητα βάζουμε τις βάσεις ώστε η χώρα μας να αποτελέσει ένας διεθνής κόμβος καινοτομίας και τεχνολογίας με εξωστρεφή προσανατολισμό.","Through targeted interventions to mobilise human resources, businesses and the research and academic community, we are laying the foundations for our country to become an international hub of innovation and technology with an outward-looking orientation.","411",NA
"Ενδεικτικές δράσεις:","Indicative actions:","H",NA
"Λειτουργική αξιοποίηση ερευνητικών αποτελεσμάτων - Ανοικτά Ερευνητικά αποτελέσματα για τη διάδοση της γνώσης, τη μείωση των ανισοτήτων και την αντιμετώπιση προκλήσεων.","Operational exploitation of research results - Open Research Results for the dissemination of knowledge, reducing inequalities and addressing challenges.","411",NA
"Επιπλέον:","In addition:","H",NA
"Διοργάνωση δράσεων π.χ επιταχυντών και δομών καινοτομίας για την υποστήριξη του οικοσυστήματος καινοτομίας σε τομείς της οικονομίας και ανάδειξη καινοτόμων λύσεων.","Organisation of actions e.g. accelerators and innovation structures to support the innovation ecosystem in sectors of the economy and to highlight innovative solutions.","411",NA
"Ενθάρρυνση ουσιαστικών επενδύσεων στον χώρο της τεχνολογίας","Encourage substantial investments in the technology sector","411",NA
"Διαφανές πλαίσιο λειτουργίας χρηματοδοτικών εργαλείων - ίυηάε τα οποία υποστηρίζονται με δημόσιους πόρους","Transparent framework for the operation of financial instruments - i.e. those supported with public funds","411",NA
"Δείκτες εξωστρέφειας χρηματοδοτούμενων επιχειρήσεων στον χώρο της τεχνολογίας","Indicators of extroversion of funded enterprises in the technology sector","411",NA
"Πλατφόρμες διάδοσης και αξιοποίησης καλών πρακτικών","Platforms for the dissemination and exploitation of good practices","411",NA
"Ανάπτυξη συνεργασιών και αναβάθμιση ΕηΐβφΠδθ Ογθθοθ για την οργανωμένη και μεθοδική προσέγγιση ξένων άμεσων επενδύσεων στην Ελλάδα και προώθηση της εξωστρέφειας εταιρειών τεχνολογίας και τεχνολογικών ερευνητικών αποτελεσμάτων","Development of partnerships and upgrading of EivfPdth Ogthothoth for the organised and methodical approach of foreign direct investment in Greece and promotion of the extroversion of technology companies and technological research results","402",NA
"ΠΑΡΕΜΒΑΣΕΙΣ ΣΕ ΤΟΜΕΙΣ ΠΟΛΙΤΙΚΗΣ","INTERVENTIONS IN POLICY AREAS","H",NA
"Στην Εκπαίδευση:","Education","506",NA
"Βασική Εκπαίδευση:","Basic Training:","506",NA
"Χρειάζεται επιτάχυνση και ορθολογικός σχεδιασμός του ψηφιακού μετασχηματισμού της εκπαίδευσης, με παράλληλη διασφάλιση του δικαιώματος του παιδιού στην φυσική επικοινωνία με τους διδάσκοντες και συμμαθητές του και στον ελεύθερο χρόνο.","The digital transformation of education needs to be accelerated and rationally planned, while ensuring the child's right to physical communication with teachers and classmates and in their free time.","506",NA
"Αξιοποίηση της τεχνολογίας για την ταχεία ανεύρεση πηγών πληροφοριών και για την ανάπτυξη βιωματικής μάθησης.","Using technology to rapidly find information sources and to develop experiential learning.","506",NA
"Καταπολέμηση της υπερφόρτωσης των μαθητών με τακτικές αναφορές των διδασκόντων.","Combating student overload with regular teacher reports.","506",NA
"Οι πρακτικές για τα μαθήματα SΤΕΜ [Science, Technology, Engineering, Mathematics] που είναι αναγκαία για την απόκτηση βασικών επαγγελματικών δεξιοτήτων μπορούν και πρέπει να διασφαλίζουν την ισότιμη πρόσβαση στη μάθηση και την κοινωνία της πληροφορίας και γνώσης εφόσον βασίζονται σε ελεύθερο και ανοικτό περιεχόμενο, προσβάσιμο από όλους τους μαθητές και τους γονείς, χωρίς περιορισμούς.","Practices for STEM [Science, Technology, Engineering, Mathematics] subjects necessary for the acquisition of basic vocational skills can and should ensure equal access to learning and to the information and knowledge society as long as they are based on free and open content, accessible to all students and parents, without restrictions.","506",NA
"Στον Τουρισμό: Ανάπτυξη προγραμμάτων για την παραγωγή ψηφιακών παιχνιδιών (ΟηΙίηο και πιοόΐΐθ ςβπηίηςι) στο πλαίσιο των δημιουργικών βιομηχανιών Online kai mobile gaming), που περιλαμβάνουν επίσης την κινηματογραφική παραγωγή, τις οπτικοακουστικές και ψηφιακές τέχνες, την αρχιτεκτονική, το άθδΐςη, τη μουσική, τη διαφήμιση κ.α.","Tourism: Development of programmes for the production of digital games (Oeio and pioiiith sveiiiii) in the context of the creative industries Online kai mobile gaming), also including film production, audiovisual and digital arts, architecture, architecture, art, music, advertising, etc.","408",NA
"Διάθεση ανοικτού πολιτιστικού περιεχομένου και ανοικτών δεδομένων για την ανάπτυξη υπηρεσιών εικονικής ξενάγησης με την χρήση πολλαπλών μέσων, υπηρεσίες μέσω κινητών συσκευών με χρήση επαυξημένης πραγματικότητας (Creative industries) για χώρους του Πολιτισμού, Αθλητισμού και Τουρισμού σε συνεργασία με το οικοσύστημα καινοτομίας, τεχνολογίας και έρευνας της χώρας μας.Ιδιαίτερη έμφαση θα πρέπει να δοθεί στην βελτίωση της εκπαίδευσης και της κατάρτισης των εργαζομένων του τουρισμού σχετικά με την αξιοποίηση των νέων τεχνολογιών και την αποτελεσματική εφαρμογή τους στην καθημερινότητα.","Provision of open cultural content and open data for the development of virtual tour services using multiple media, services via mobile devices using augmented reality (Creative industries) for culture, sports and tourism venues in cooperation with the innovation, technology and research ecosystem of our country.Particular emphasis should be placed on improving the education and training of tourism workers on the use of new technologies and the effective application of new technologies.","502",NA
"Ψηφιακή μετάβαση της Αγοράς Ενέργειας - Ενεργειακή Δημοκρατία: Χρειάζεται η ανάπτυξη δράσεων και προγραμμάτων για την εφαρμογή τεχνολογιών εξοικονόμησης και παρακολούθησης κόστους στα σπίτια (π.χ smart home) και στις επιχειρήσεις, εφαρμογή ανοικτών προτύπων σε έξυπνους μετρητές για την αξιοποίηση των δεδομένων κατανάλωσης από τους πολίτες.","Digital Transition of the Energy Market - Energy Democracy: There is a need to develop actions and programmes for the implementation of savings and cost monitoring technologies in homes (e.g. smart home) and businesses, implementation of open standards in smart meters for the use of consumption data by citizens.","416.2",NA
"Επιπλέον, απαιτείται διαφάνεια μέσω ψηφιακών μέσων στην υλοποίηση έργων ΑΠΕ ώστε να μην εμποδίζονται τα ώριμα έργα και να υλοποιούνται με τις ελάχιστες καθυστερήσεις, δίνοντας βάρος στις πραγματικές επενδύσεις.","In addition, transparency through digital means in the implementation of renewable energy projects is required so that mature projects are not hindered and are implemented with minimum delays, giving priority to real investments.","416.2",NA
"Χρειάζονται βάσεις για Ενεργειακή Δημοκρατία μέσα από την ενεργό συμμετοχή των πολιτών, της τοπικής αυτοδιοίκησης και των μικρών και μεσαίων επιχειρήσεων στην παραγωγή ενέργειας ώστε η ενεργειακή μετάβαση να γίνει με όρους αποτελεσματικότητας, διαφάνειας, και κοινωνικής δικαιοσύνης.","A basis for Energy Democracy is needed through the active participation of citizens, local government and small and medium-sized enterprises in energy production so that the energy transition can take place in terms of efficiency, transparency and social justice.","416.2",NA
"Οι παρεμβάσεις πρέπει να υποστηρίζονται παράλληλα από ανοικτές ψηφιακές πλατφόρμες που θα επιτρέπουν την λειτουργία και την κινητοποίηση των πολιτών και την εύκολη δημιουργία ψηφιακών ενεργειακών κοινοτήτων χωρίς γραφειοκρατία.","The interventions should be supported in parallel by open digital platforms that allow citizens to operate and mobilise and easily create digital energy communities without bureaucracy.","303",NA
"Είναι απαραίτητη η χρηματοδότηση/αξιοποίηση ερευνητικών αποτελεσμάτων αναδυόμενων τεχνολογιών ΡΙοοΙ<οή3ίη, ΑΙ, άΓοηοε κ.α για την παρακολούθηση και συντήρηση του δικτύου με όφελος προς τους πολίτες και τις επιχειρήσεις και για την έγκαιρη διαχείριση κρίσεων.","It is essential to fund/utilise research results of emerging technologies RIOI<o3ii, AI, AGOE, etc. to monitor and maintain the grid for the benefit of citizens and businesses and for timely crisis management.","411",NA
"Ψηφιακός μετασχηματισμός του αγροδιατροφικού τομέα με εφαρμογή πρακτικών έξυπνης γεωργίας, ενίσχυση νέων επιχειρηματιών και δημιουργίας περιφερειακών κέντρων ψηφιακών δεξιοτήτων.","Digital transformation of the agri-food sector by implementing smart agriculture practices, supporting young entrepreneurs and creating regional digital skills centres.","703.1",NA
"Λειτουργία ψηφιακών πλατφορμών σε θεματικό και γεωγραφικό επίπεδο για την σύνδεση με τον τουρισμό και την προώθηση της εξωστρέφειας των ελληνικών προϊόντων.","Operation of digital platforms at thematic and geographical level to link with tourism and promote the extroversion of Greek products.","408",NA
"Υποστήριξη στην χρήση καινοτόμων τεχνολογιών και πρακτικών π.χ ΙΟΤ, άΓοηοε, Επεξεργασίας δεδομένων, ΡΙοοΙ<οή3ίη κ.α μέσω λειτουργίας κέντρων καινοτομίας σε περιφερειακό επίπεδο και περαιτέρω ενίσχυση για την αξιοποίηση προγραμμάτων και αποτελεσμάτων έρευνας.","Support the use of innovative technologies and practices, e.g. IOT, AGOE, Data Processing, RIOI, etc. through the operation of innovation centres at regional level and further support for the exploitation of research programmes and results.","411",NA
"Σημαντικό σε αυτό το σημείο είναι και η διάθεση ανοικτών δεδομένων από κεντρικά πληροφοριακά συστήματα του Υπουργείου π.χ ΟΠΕΚΕΠΕ κ.α για την μείωση της γραφειοκρατίας και του κόστους για τις υπηρεσίες προς αγρότες.","Important at this point is also the availability of open data from central information systems of the Ministry e.g. OPEKEPE etc. to reduce bureaucracy and costs for services to farmers.","703.1",NA
"Ψηφιακός μετασχηματισμός της υγείας “ΕΣΥ 2.0”:","Digital transformation of health ""NHS 2.0"":","504",NA
"Αξιοποίηση των τεχνολογικών υποδομών της ηλεκτρονικής συνταγογράφησης που υλοποιήθηκε από το ΠΑΣΟΚ το 2010 και στόχευε σε αναβαθμισμένες παροχές, διαφάνεια, εξοικονόμηση φαρμακευτικής δαπάνης, και βελτίωση των υπηρεσιών υγείας.","utilization of the technological infrastructure of electronic prescription implemented by PASOK in 2010 and aimed at upgraded benefits, transparency, savings in pharmaceutical costs, and improvement of health services.","504",NA
"Η υποδομή μπορεί σήμερα να λειτουργήσει ως μοχλός για τον δραστικό εκσυγχρονισμό του εθνικού δημόσιου συστήματος υγείας.","The infrastructure can now serve as a lever for the drastic modernization of the national public health system.","504",NA
"Επιδιώκουμε την απλοποίηση των διαδικασιών και των ροών εργασίας σε όλο το φάσμα των υπηρεσιών υγείας, με στόχο τον έλεγχο του κόστους, την αύξηση της διαφάνειας, και την ταχύτερη παροχή ποιοτικών υπηρεσιών προς τους πολίτες.","We seek to simplify processes and workflows across the entire spectrum of health services, with the aim of controlling costs, increasing transparency, and delivering quality services to citizens faster.","504",NA
"Έχουμε επίσης την ευκαιρία να αξιοποιήσουμε το εγχώριο ερευνητικό και επιχειρηματικό δυναμικό για νέες καινοτόμες εφαρμογές εξατομικευμένης ιατρικής ακρίβειας, σε τομείς όπως οι διευρυμένοι ψηφιακοί φάκελοι υγείας, οι ψηφιακοί βοηθοί, η ψηφιακή κάρτα υγείας, τα στοχευμένα προληπτικά προγράμματα με εφαρμογή καινοτόμων πρακτικών τεχνητής νοημοσύνης και ανάλυσης δεδομένων.","We also have the opportunity to leverage the domestic research and business potential for new innovative applications of personalised medical precision, in areas such as expanded digital health records, digital assistants, digital health card, targeted preventive programmes applying innovative artificial intelligence and data analysis practices.","504",NA
"Η διαλειτουργικότητα των υφιστάμενων εφαρμογών και συστημάτων είναι απαραίτητη συνθήκη για την συγκέντρωση και διατήρηση των ψηφιακών δεδομένων και για την αξιοποίησή τους στην ανάπτυξη νέων καινοτόμων διαγνωστικών και θεραπευτικών μεθοδολογιών.","The interoperability of existing applications and systems is a necessary condition for the collection and preservation of digital data and their use in the development of new innovative diagnostic and therapeutic methodologies.","504",NA
"Ιδιαίτερη έμφαση θα πρέπει να δοθεί στην βελτίωση της εκπαίδευσης και της κατάρτισης των στελεχών του συστήματος υγείας σχετικά με την αξιοποίηση των νέων τεχνολογιών και την αποτελεσματική εφαρμογή τους στην καθημερινή ιατρική πρακτική.","Particular emphasis should be placed on improving the education and training of health system managers in the use of new technologies and their effective application in everyday medical practice.","504",NA
"Κάθε επαγγελματίας του δημόσιου συστήματος υγείας θα εφοδιαστεί με μία ατομική ταμπλέτα υψηλών προδιαγραφών, μέσω της οποίας θα έχει ασύρματη πρόσβαση σε εφαρμογές και σε όλα τα αποθηκευμένα δεδομένα των ασθενών που επιβλέπει, με βάση τον ΑΜΚΑ του κάθε ασθενούς.","Each public health care professional will be provided with a high quality individual tablet, through which he/she will have wireless access to applications and all stored data of the patients he/she supervises, based on each patient's social security number.","504",NA
"Η διατήρηση των σχετικών ιατρικών δεδομένων όλων των πολιτών σε ένα ασφαλές αποθετήριο αποτελεί προϋπόθεση για την απλοποίηση των διαδικασιών, για την μείωση του κόστους, και για την ποιοτική αναβάθμιση των παρεχόμενων υπηρεσιών προς όλους τους πολίτες.","Maintaining the relevant medical data of all citizens in a secure repository is a prerequisite for simplifying procedures, reducing costs, and improving the quality of services provided to all citizens.","504",NA
"Επιμέρους κατευθύνσεις:","Individual guidelines:","H",NA
"Οι ασθενείς μπορούν να έχουν πρόσβαση σε πιο προσιτή ιατρική φροντίδα μέσω προηγμένων εφαρμογών τηλεϊατρικής","Patients can have access to more affordable medical care through advanced telemedicine applications","504",NA
"Η έρευνα, η ανάπτυξη φαρμάκων, η ανάπτυξη θεραπείας, κ.λπ., εξαρτώνται σε μεγάλο βαθμό από δεδομένα και γΓ αυτό η διατήρησή τους είναι ένα ζωτικό βήμα για τη βελτίωση της ποιότητας της ιατρικής περίθαλψης.","Research, drug development, treatment development, etc., are heavily dependent on data and therefore its preservation is a vital step to improve the quality of healthcare.","504",NA
"Υποστήριξη αποφάσεων για διοικητική αναδιοργάνωση των νοσοκομείων και επανασχεδιασμό του τρόπου παροχής των υπηρεσιών υγείας (π.χ. οργάνωση-ανάπτυξη κλινικών, συμπράξεις δημοσίου ιδιωτικού τομέα, οργάνωση πόρων κ.ά.) μέσω εφαρμογών επιχειρησιακής ευφυΐας","Supporting decisions on administrative reorganisation of hospitals and redesign of the way health services are delivered (e.g. organisation-development of clinics, public-private partnerships, organisation of resources, etc.).) through business intelligence applications","504",NA
"Πλήρης ιχνηλασιμότητα των φαρμάκων και αναλωσίμων, ο έλεγχος αντενδείξεων πριν από τη χορήγηση φαρμάκων με βάση τα δεδομένα του Ατομικού Ηλεκτρονικού Φακέλου Υγείας","Full traceability of medicines and consumables, checking of contraindications before the administration of medicines based on the data of the Individual Electronic Health Record (EHR","504",NA
"Υπηρεσίες υποστήριξης ηλικιωμένων και μοναχικών ατόμων (e-inclusion – active ageing), υποστήριξης ΑμΕΑ, ασθενών με χρόνιες παθήσεις και άλλων ειδικών ομάδων πληθυσμού, υπηρεσίες κινητής τηλεϊατρικής, παρακολούθησης κρίσιμων δεδομένων με χρήση κινητών συσκευών",") Support services for elderly and lonely people (e-inclusion - active ageing), support for people with disabilities, patients with chronic diseases and other special population groups, mobile telemedicine services, monitoring of critical data using mobile devices","504",NA
"Στην εργασία:","At work:","H",NA
"Αναβάθμιση κεντρικών πληροφοριακών συστημάτων π.χ. Εργάνη για τη μείωση της γραφειοκρατίας με τη διάθεση ανοικτών διεπαφών (ΑΡΙs), Ψηφιακή Κάρτα Εργαζομένου με πρόσβαση σε υπηρεσίες και γνώση και πρακτικές που διασφαλίζουν τα δικαιώματα, εκσυγχρονισμός των παρωχημένων προσεγγίσεων κατάρτισης (νουchers κλπ) με σύγχρονες πλατφόρμες ανοικτού και ελεύθερου περιεχομένου για την ανάπτυξη δεξιοτήτων για υρδΙσΙΙΐης και γθ δΚίΙΙίης εργαζομένων, εφαρμογή πλατφορμών προσφοράς και ζήτησης εργασίας σε περιφερειακό και θεματικό επίπεδο (π.χ υπηρεσίες υγείας, εστίαση, αγροτικός τομέας κ.α) Ενθάρρυνση απομακρυσμένης εργασίας και εργασίας από την περιφέρεια με παράλληλη προστασία των εργασιακών δικαιωμάτων.","Upgrading central information systems e.g. Project to reduce bureaucracy by providing open interfaces (APIs), Digital Employee Card with access to services and knowledge and rights-securing practices, modernisation of outdated training approaches (noochers etc.) with modern open and free content platforms to develop skills for hired and employed workers, implementation of labour supply and demand platforms at regional and thematic level (e.g.e.g. health services, catering, rural sector, etc.) Encourage remote and peripheral work while protecting labour rights.","701",NA
"Μικρές και Μεσαίες Επιχειρήσεις:","Small and Medium Enterprises:","H",NA
"Διαμόρφωση Ψηφιακών Κόμβων (digital hubs for non-tech SMEs) και υποδομών εκπαίδευσης/κατάρτισης, επίδειξης και πιλοτικής χρήσης νέων ψηφιακών τεχνολογιών που θα παρέχουν πρόσβαση σε τεχνολογικές υποδομές και εργαλεία για ΜμΕ επιχειρήσεις χαμηλής και μέσης έντασης τεχνολογίας, Δημιουργία κόμβου καλών πρακτικών αξιοποίησης τεχνολογιών σε τομείς της οικονομίας, απλοποίηση διαδικασιών στην επιδότηση δράσεων ψηφιακού μετασχηματισμού και μείωση της γραφειοκρατίας και του σημερινού Γολγοθά των δικαιολογητικών.","Formation of Digital Hubs (digital hubs for non-tech SMEs) and education/training, demonstration and piloting infrastructures for new digital technologies that will provide access to technological infrastructure and tools for low and medium technology-intensive SMEs; Creation of a hub of good practices of technology exploitation in sectors of the economy, simplification of procedures in subsidizing digital transformation actions and reduction of bureaucracy and the current Golgotha of documentation.","402",NA
"Τηλεπικοινωνίες:","Telecommunications:","H",NA
"Τόνωση του ανταγωνισμού με την ενθάρρυνση της εισόδου νέων παικτών στην αγορά ηλεκτρονικών επικοινωνιών, με άμεσες επενδύσεις σε νεες και καινοτόμες τεχνολογικές υποδομές.","Stimulate competition by encouraging the entry of new players in the electronic communications market, with direct investments in new and innovative technological infrastructures.","411",NA
"Να μην αφήνονται περιθώρια για την κατάχρηση της δεσπόζουσας ή της ολιγοπωλιακής θέσης των πρώην κρατικών μονοπωλίων και των μεγάλων τηλεπικοινωνιακών παρόχων, και παράλληλα να διασφαλίζεται υψηλό επίπεδο ανταγωνισμού που θα επιτρέπει την παροχή όλου του εύρους των ποιοτικών τηλεπικοινωνιακών υπηρεσιών στις καλύτερες δυνατές τιμές.","Ensure that there is no scope for abuse of the dominant or oligopolistic position of former state monopolies and large telecommunications operators, while ensuring a high level of competition that allows the provision of the full range of quality telecommunications services at the best possible prices.","411",NA
"Επιπλέον απαιτείται η ουσιαστικοποίηση του ρόλου των ρυθμιστικών αρχών (Επιτροπή Ανταγωνισμού, Εθνική Επιτροπή Τηλεπικοινωνιών και Ταχυδρομείων ΕΕΤΤ) για την αποτροπή των εναρμονισμένων πρακτικών, της προστασίας των καταναλωτών, και εν γένει την αυστηρή τήρηση του εθνικού και του κοινοτικού νόμου, για την απαγκίστρωση της ' χωράς από τις τελευταίες θέσεις των κατατάξεων της ΕΕ.","In addition, the role of the regulatory authorities (Competition Commission, National Telecommunications and Postal Services Commission, EETT) needs to be strengthened in order to prevent harmonised practices, to protect consumers and, in general, to ensure strict compliance with national and Community law, in order to remove the country from the bottom of the EU rankings.","411",NA
"Οι υψηλές ταχύτητες μετάδοσης δεδομένων από τα σταθερά και ασύρματα δίκτυα διευκολύνουν τον εκσυγχρονισμό των δραστηριοτήτων των πολιτών, των επιχειρήσεων και του κράτους, σε εφαρμογές όπως η τηλεματική, η τηλεργασία, η εκπαίδευση, η ψυχαγωγία, οι έξυπνες κατοικίες/πόλεις, η γεωργία ακρίβειας, οι εφαρμογές στην ιατρική, η ψηφιακή τραπεζική, οι εφαρμογές ασφάλειας κλπ.","High data transmission speeds from fixed and wireless networks facilitate the modernisation of citizen, business and government activities in applications such as telematics, teleworking, education, entertainment, smart homes/cities, precision agriculture, medical applications, digital banking, security applications, etc.","411",NA
"Σε αυτό το πλαίσιο, απαιτούνται εμπροσθοβαρείς δράσεις με στόχο τον εκσυγχρονισμό των δημόσιων ενσύρματων και ασύρματων δικτυακών υποδομών, με έμφαση στην κάλυψη των ακριτικών και απομονωμένων περιοχών, και στην διευκόλυνση των μη προνομιούχων νοικοκυριών.","In this context, forward-looking actions are needed to modernise public wired and wireless network infrastructures, with a focus on covering remote and isolated areas, and on facilitating access for underprivileged households.","411",NA
"Επιπλέον, απαιτείται η προώθηση της καινοτομίας, με την διαφανή ενίσχυση των νεοφυών επιχειρήσεων, την παροχή απρόσκοπτης πρόσβασης σε ανοιχτά δεδομένα μεγάλης κλίμακας, για την ακώλυτη ανάπτυξη υπηρεσιών και εφαρμογών της κατηγορίας ΐηάυεΐΓγ 4.0.","In addition, it is necessary to promote innovation by transparently supporting start-ups, providing seamless access to open large-scale data for the unhindered deployment of services and applications of the 4.0 category.","411",NA
"Άμυνα:","Defence:","H",NA
"Σήμερα πραγματοποιούνται διεθνώς σημαντικές επενδύσεις στο χώρο της Αμυντικής Βιομηχανίας.","Today, significant investments are being made internationally in the defence industry.","104",NA
"Η Χώρα μας μπορεί να κινητοποιήσει το ανθρώπινο δυναμικό της για την υλοποίηση καινοτόμων εφαρμογών και υπηρεσιών στο τομέα.","Our country can mobilize its human resources for the implementation of innovative applications and services in the sector.","104",NA
"Οι εφαρμογές αυτές μπορούν να υποστηρίξουν την επιχειρησιακή μας ικανότητα.","These applications can support our operational capability.","104",NA
"Οι παρεμβάσεις που στηρίζουμε επιβραβεύουν εταιρείες και ερευνητικούς φορείς που δημιουργούν πρωτοποριακές τεχνολογίες, προϊόντα, διαδικασίες ή υπηρεσίες που ισχύουν στον αμυντικό τομέα.","The interventions we support reward companies and research institutions that create innovative technologies, products, processes or services applicable to the defence sector.","104",NA
"Μέσα από τέτοιες διαδικασίες στοχεύεται η τόνωση της αμυντικής καινοτομίας στην Ευρώπη και να προσφέρει στους μη παραδοσιακούς αμυντικούς φορείς (πολιτικές βιομηχανίες, ΜΜΕ, ερευνητικούς οργανισμούς, πανεπιστήμια κ.λπ.) την ευκαιρία να να επιδείξουν την τεχνογνωσία τους σε τομείς που σχετίζονται με την άμυνα.","Through such processes we aim to stimulate defence innovation in Europe and offer non-traditional defence actors (civil industries, SMEs, research organisations, universities, etc.) the opportunity to demonstrate their expertise in defence-related areas.","104",NA
"Ενδεικτικές παρεμβάσεις στον τομέα της άμυνας","Indicative interventions in the field of defence","104",NA
"Υποστήριξη χρηματοδότησης νεοφυών επιχειρήσεων στον τομέα της άμυνας (defence tech innovation fund)","Support for the financing of start-ups in the field of defence (defence tech innovation fund)","104",NA
"Δημιουργία δομής και λειτουργίας καινοτομίας για την τεχνολογική ενίσχυση του Υπουργείου Εθνικής Άμυνας με κύριο μοχλό έναν δυναμικό πυρήνα νέων προγραμματιστών, στελεχών, startup εταιρειών κ.ά.","Creation of an innovation structure and operation for the technological support of the Ministry of National Defence, with the main driver being a dynamic core of young developers, executives, start-up companies etc.","104",NA
"που θα αναπτύσσουν και θα εφαρμόζουν νέες ιδέες, καινοτόμα προϊόντα και υπηρεσίες αλλά και γενικότερα θα συμβάλλουν σε ερευνητικό στάδιο σε καινοτόμες εφαρμογές που αφορούν τα αμυντικά συστήματα.","who will develop and implement new ideas, innovative products and services and, more generally, contribute at the research stage to innovative applications related to defence systems.","104",NA
"Ανάπτυξη καινοτόμων εφαρμογών για τα αμυντικά συστήματα και πιλοτική τους εφαρμογή σε εξοπλισμό και συστήματα.","Development of innovative applications for defence systems and their pilot application in equipment and systems.","104",NA
"Ανάπτυξη συνεργασιών με επιχειρηματικούς επιταχυντές, οικοσυστήματα νεοφυών επιχειρήσεων και παρεμφερείς κόμβους συμμαχικών χωρών","Develop partnerships with business accelerators, start-up ecosystems and similar hubs in allied countries","104",NA
"Ενίσχυση επικοινωνίας των βασικών αξιών, με ιδιαίτερη έμφαση στους άξονες της καινοτομίας, της επιχειρηματικότητας και της στήριξης των νέων και δυναμική συνεργασία με στρατευμένους που προέρχονται από θετικές σχολές.",". Strengthen communication of core values, with particular emphasis on the axes of innovation, entrepreneurship and youth support and dynamic cooperation with recruits from science schools.","104",NA
"Δημιουργία προοπτικών και διεξόδων επαγγελματικού προσανατολισμού με δράσεις ανάπτυξης και ενίσχυσης δεξιοτήτων στο στράτευμα, upskilling - reskilling","Creating prospects and outlets for career guidance with actions to develop and strengthen skills in the army, upskilling - reskilling","104",NA
"Δράσεις και παρεμβάσεις τομέα ψηφιακής πολιτικής:","Digital policy actions and interventions:","H",NA
"Δίκαιη Ψηφιακή Μετάβαση και Διαφάνεια, η απάντηση στις φιέστες της ΝΔ","Fair Digital Transition and Transparency, the answer to the fiestas of the South West","411",NA
"Από τις φιέστες στην πραγματικότητα: Ουραγός η Ελλάδα σε όλους τους δείκτες της Ε.Ε. για τον ψηφιακό μετασχηματισμό","From fiestas to reality: Greece lagging behind in all EU indicators for digital transformation","411",NA
"Ανοικτή Διακυβέρνηση για την ενδυνάμωση της δημοκρατίας","Open Government for strengthening democracy","202.1",NA
"και Ψηφιακές μεταρρυθμίσεις με σεβασμό στα προσωπικά δεδομένα","and Digital Reforms with respect to personal data","411",NA
"1.000+1 απευθείας αναθέσεις από το Υπουργείο Ψηφιακής Διακυβέρνησης και τους εποπτευόμενους φορείς του","1,000+1 direct assignments by the Ministry of Digital Governance and its supervised bodies","303",NA
"Γιατί δεν λειτουργεί η ΔΙΑΥΓΕΙΑ;","Why doesn't DIAYGEIA work?","303",NA
"Χρηματοδότηση Δήμων για έξυπνες πόλεις: μισό δις ευρώ σε Powerpoint","Municipal funding for smart cities: half a billion euros in Powerpoint","303",NA
"WiFi4GR - 583,26% ακριβότερο το κόστος της δράσης ανά κάτοικο σε σχέση με την δράση WiFi4EU της Ε.Ε.","WiFi4GR - 583.26% more expensive per capita than the EU's WiFi4EU action","411",NA
"Χρηστή διαχείριση των πόρων του Ταμείου “Φαιστός”","Sound management of the resources of the Phaistos Fund","410",NA
ΠΟΛΙΤΙΚΗ ΔΕΣΜΕΥΣΗ (2023): Εγγυημένο εισόδημα για τους συνταξιούχους. - Θεσμοθέτηση αξιοπρεπούς εγγυημένου εισοδήματος για τους χαμηλοσυνταξιούχους με επαναφορά μιας νέας μορφής ΕΚΑΣ που θα καλύπτει περίπου 350.000 δικαιούχους,NA,NA,NA
"ΠΟΛΙΤΙΚΗ ΔΕΣΜΕΥΣΗ (2023): Προάσπιση εργατικών δικαιωμάτων. - Υπερασπιζόμαστε τα δικαιώµατα των εργαζοµένων στην οικονοµία της πλατφόρµας και τη δίκαιη κατανοµή των ωφελειών από την ενίσχυση της παραγωγικότητας και την ανάπτυξη, µε δίκαιους µισθούς, αντάξιους των προσόντων της Νέας Γενιάς.",NA,NA,NA
"ΠΟΛΙΤΙΚΗ ΔΕΣΜΕΥΣΗ (2023): Δημιουργία Εθνικού Απολυτηρίου. - Δημιουργία Εθνικού Απολυτηρίου, το οποίο θα αποκτίεται μέσω εξετάσεων και θα είναι το κύριο προαπαιτούμενο για την πρόσβαση στην Ανώτατη Εκπαίδευση",NA,NA,NA
ΠΟΛΙΤΙΚΗ ΔΕΣΜΕΥΣΗ (2023): Αναβάθμιση ή κατασκευή εθνικών υποδομών. - Αναβάθμιση ή κατασκευή νέων λιμενικών υποδομών και βελτίωση της διασυνδεσιμότητάς τους με οδικούς / σιδηροδρομικούς άξονες και αερολιμένες,NA,NA,NA
"ΠΟΛΙΤΙΚΗ ΔΕΣΜΕΥΣΗ (2023): Εταιρείες σεκιούριτι και είσοδος με κάρτα στα πανεπιστήμια. Επέμβαση της αστυνομίας μόνο για μεμονομένες εγκληματικές ενέργειες. - Ασφαλή πανεπιστήμια με εταιρείες σεκιούριτι. Η είσοδος στο πανεπιστήμιο να γίνεται με κάρτα και εάν υπάρχει κάποια εγκληματική ενέργεια, να ειδοποιούν την αστυνομία και να μπαίνει και να αντιμετωπίζει το φαινόμενο.&nbsp;",NA,NA,NA
"ΠΟΛΙΤΙΚΗ ΔΕΣΜΕΥΣΗ (2023): Ενίσχυση του ΕΣΥ στη περιφέρεια και τις ακριτικές περιοχές. - Κάλυψη των κενών στις περιφερειακές και ακριτικές δοµές: πρόσθετες αµοιβές, επιδοτήσεις ενοικίων προσωπικού και µοριοδότηση.",NA,NA,NA
"ΠΟΛΙΤΙΚΗ ΔΕΣΜΕΥΣΗ (2023): Εκσυγχρονισμός του στόλου των αστικών συγκοινωνιών με έμφαση στην Αθήνα και τη Θεσσαλονίκη. - • Επέκταση των δικτύων των μέσων σταθερής τροχιάς σε Αθήνα και Θεσσαλονίκη. • Αναδιάταξη των δικτύων οδικών αστικών μεταφορών ώστε να λειτουργούν με λογική τροφοδότησης των μέσων σταθερής τροχιάς.• Εκσυγχρονισμός του στόλου των αστικών συγκοινωνιών.• Πλαισίωση των συστημάτων αστικών μεταφορών με έξυπνες τεχνολογίες πληροφόρησης κοινού και διαχείρισης στόλου (συστήματα τηλεματικής κλπ) με στόχο την εξοικονόμηση χρόνου, πόρων και την καλύτερη εξυπηρέτηση των επιβατών.• Ενοποίηση αρμοδιοτήτων σχετικά με τη διαχείριση, συντήρηση και λειτουργία του οδικού δικτύου και απόδοσή τους στους Δήμους.• Άμεση προώθηση της κατάρτισης και υλοποίησης των Σχεδίων Βιώσιμης Αστικής Κινητικότητας (ΣΒΑΚ) σε όλες τις πόλεις.",NA,NA,NA
"ΠΟΛΙΤΙΚΗ ΔΕΣΜΕΥΣΗ (2023): Δημιουργία του θεσμού του «Εθνικού Πτυχίου» , το οποίο θα πιστοποιεί την ακαδημαϊκά προσόντα όλων των αποφοίτων παρεμφερών σχολών και τμημάτων της τριτοβάθμιας εκπαίδευσης - Στόχος μεταρρύθμισης: Η αντιμετώπιση του μεγάλου προβλήματος του ελληνικού εκπαιδευτικού συστήματος να μην διαθέτει βάση σύγκρισης προσόντων και γνώσεων μεταξύ ομοειδών αποφοίτων από διαφορετικά ιδρύματα. Με την σειρά της αυτή η έλλειψη σύγκρισης προκαλεί σύγχυση στην αγορά εργασίας και οδηγεί σε λανθασμένες αποφάσεις επιλογής προσωπικού στον δημόσιο και ιδιωτικό τομέα.",NA,NA,NA
ΠΟΛΙΤΙΚΗ ΔΕΣΜΕΥΣΗ (2023): Στήριξη του ΕΣΥ μέσα από τον επανακαθορισμό των κονδυλίων του Ταμείου Ανάκαμψης (Χρήση του 10% της χρηματοδότησης του στην Υγεία) και την ενίσχυσή του και από τον δημόσιο προϋπολογισμό. - Στόχοι: • Ένα επαρκώς στελεχωµένο σύστηµα Πρωτοβάθµιας Φροντίδας Υγείας. Υπηρεσίες Οικογενειακής Ιατρικής • Μονάδες περίθαλψης εκτός νοσηλευτικών ιδρυµάτων. • Αύξηση των κλινικών ηµερήσιας φροντίδας και Κέντρα Χρόνιων Παθήσεων• Με ολοήµερη λειτουργία στον χειρουργικό τοµέα και στις επεµβατικές µονάδες,NA,NA,NA
"ΠΟΛΙΤΙΚΗ ΔΕΣΜΕΥΣΗ (2023): Παροχή επιδότησης στους ενοικιαστές, κατασκευή κοινωνικών κατοικιών και παροχή κινήτρων σε ιδιοκτήτες αναξιοποίητων ακινήτων. Παράλληλα, έμφαση στη δημιουργία πλαισίου για την εκμετάλλευση των ακινήτων. - • Επιδότηση ενοικίου• Κίνητρα σε ιδιοκτήτες αναξιοποίητων ακινήτων για χρήση • Περιορισµοί και κανόνες εκµετάλλευσης ακινήτων µέσω πλατφόρµας",NA,NA,NA
"ΠΟΛΙΤΙΚΗ ΔΕΣΜΕΥΣΗ (2023): Ενίσχυση της επιχειρησιακής ικανότητας της Πολιτικής Προστασίας για την αντιμετώπιση πολλαπλών κρίσεων. - • Συντονισµός για την αντιµετώπιση περιβαλλοντικών, γεωπολιτικών, και τεχνολογικών απειλών.• Μηχανισµοί έκτακτης ανάγκης και αντίστοιχες δοµές κράτους και αυτοδιοίκησης σε εγρήγορση ανάληψης δράσης στο πρότυπο των Ενόπλων Δυνάµεων.",NA,NA,NA
"ΠΟΛΙΤΙΚΗ ΔΕΣΜΕΥΣΗ (2023): Δημιουργία πλατφόρμας social.gov - • Υλοποίηση δράσης social.gov για την πρόσβαση του πολίτη σε δικαιώµατα, κοινωνικές παροχές και δυνατότητες",NA,NA,NA
"ΠΟΛΙΤΙΚΗ ΔΕΣΜΕΥΣΗ (2023): Ευθύνη, λογοδοσία και διαφάνεια στις πολιτικές διαδικασίες. - • Διαφανής χρηµατοδότηση κοινοβουλίου και κοµµάτων, • Επανεξέταση για τα ασυµβίβαστα • Επέκταση του θεσµού ΔΙΑΥΓΕΙΑ 2.0 για οικονοµικά στοιχεία και δαπάνες, για ΌΛΟΥΣ που λαµβάνουν & διαχειρίζονται δηµόσιους πόρους • Ριζική αλλαγή ΠΟΘΕΝ ΕΣΧΕΣ αιρετών & διορισµένων σε Οργανισµούς, ΝΠΔΔ & ΙΔ. Εξοµοίωση διαδικασίας ποινικής ευθύνης πολιτικών-πολιτών",NA,NA,NA
"ΠΟΛΙΤΙΚΗ ΔΕΣΜΕΥΣΗ (2023): Στόχος η διαμόρφωση ενός δικαιότερου φορολογικού συστήματος. - • Γενίκευση ηλεκτρονικών πληρωµών με στόχο τη µείωση φοροδιαφυγής,• Αύξηση εσόδων και Μείωση ΦΠΑ • Νέα φορολογικά µέτρα για µείωση των ανισοτήτων: ○ Αύξηση φορολογίας µερισµάτων και κληρονοµιών • Εντοπισµός & Φορολόγηση Μεγάλου Καθαρού Πλούτου (Περιουσία – Δανεισµός) • Μείωση αναλογίας Έµµεσων/Άµεσων Φόρων",NA,NA,NA
"ΠΟΛΙΤΙΚΗ ΔΕΣΜΕΥΣΗ (2023): Ένα Σύγχρονο Πλαίσιο για την ΕΛ.ΑΣ.. - • Εκπαίδευση προσωπικού σε επιχειρησιακά θέµατα αλλά και στα δικαιώµατα του πολίτη.• Έµφαση στην πρόληψη και όχι σε αποσπασµατικές δράσεις.• Πλήρης αναθεώρηση κατανοµής προσωπικού. • Προστασία πολιτών και φτωχότερων περιοχών.• Διαφάνεια και Λογοδοσία, ανταπόκριση σε ευαίσθητες κοινωνικές οµάδες (µετανάστες, ροµά κλπ). Σχέδιο για την αντιµετώπιση της έµφυλης βίας",NA,NA,NA
"ΠΟΛΙΤΙΚΗ ΔΕΣΜΕΥΣΗ (2023): Εξασφάλιση ενός αποτελεσματικού κράτους με διαφανείς και δίκαιες διαδικασίες προσλήψεων στον δημόσιο τομέα. Θεμελίωση ανθρωπίνων δικαιωμάτων κατά τα ευρωπαϊκά πρότυπα και αναβάθμιση της Δικαιοσύνης. - • Κατάργηση των διορισµένων Συµβουλίων σε ΔΕΚΟ & Νοσοκοµεία.• Περιορισµός µελών ΔΣ και διενέργεια ανοικτών διαγωνισµών µε κριτήρια • Ευθυγράµµιση µε ευρωπαϊκά δικαιώµατα για θρησκευτικές µειονότητες, σεξουαλική διαφορετικότητα, θέση της γυναίκας, δικαιώµατα αλλοδαπών/µεταναστών, διαφανής λειτουργία και ανεξαρτησία ΜΜΕ ) • Αναβάθµιση της Δικαιοσύνης µε αναδιοργάνωση, θεσµική ενίσχυση και θωράκιση - Ψηφιακή Δικαιοσύνη",NA,NA,NA
ΠΟΛΙΤΙΚΗ ΔΕΣΜΕΥΣΗ (2023): Διορισμοί στον δημόσιο τομέα με αμιγώς διεθνείς οργανισμούς - •	Αποσύνδεση των διορισμών σε δημόσιους οργανισμούς από τα κόμματα.•	Πραγματοποίηση αμιγώς διεθνών διαγωνισμών για τη κατάληψη των δημοσίων θέσεων ώστε να διαμορφωθεί ένας μηχανισμός που θα είναι υπέρ του δημοσίου συμφέροντος.,NA,NA,NA
"ΠΟΛΙΤΙΚΗ ΔΕΣΜΕΥΣΗ (2023): Επαναφορά της προστασίας της πρώτης κατοικίας, έμφαση στον θεσμό της Κοινωνικής Κατοικίας με παροχή φθηνού ενοικίου σε νέους, οικογένειες και φοιτητές. - • Επαναφορά της προστασίας της πρώτης κατοικίας, με δικαίωμα των δανειοληπτών να διαπραγματεύονται την αγορά του δανείου με τα funds, τα οποία εξακολουθούν να λειτουργούν ασύδοτα χωρίς κανόνες και προϋποθέσεις. • Δημιουργία δημόσιου αποθεματικού κοινωνικών κατοικιών.• Αξιοποίηση των ακινήτων του Δημοσίου.• Κίνητρα σε ιδιώτες ιδιοκτήτες για ανακαίνιση των κενών κατοικιών τους και διάθεση στο πρόγραμμα.• Διεύρυνση της επιδότησης ενοικίου με βάση εισοδηματικά, κοινωνικά και περιουσιακά κριτήρια • Επιπλέον απαιτείται ένα νέο θεσμικό πλαίσιο για τις βραχυχρόνιες μισθώσεις τύπου Airbnb, με σαφείς κανόνες, όρια και περιορισμούς στα αστικά κέντρα αλλά και στις ευκαιριακές επενδύσεις (Golden Visa).• Χρηματοδότηση: Από το Ταμείο Ανάκαμψης, πόρους του πρώην ΟΕΚ άνω του 1,5 δισεκ. ευρώ και την Ευρωπαϊκή Τράπεζα Επενδύσεων.",NA,NA,NA
"ΠΟΛΙΤΙΚΗ ΔΕΣΜΕΥΣΗ (2023): Νέες φοιτητικές εστίες, επιπρόσθετα επιδόματα και φοροελαφρύνσεις για τη στέγαση των φοιτητών. - •	Αξιοπρεπή και οικονομικά φοιτητικά καταλύματα σε χώρους των Πανεπιστημίων. Κατασκευή νέων φοιτητικών εστιών •	Πρόσθετο επίδομα ενοικίου σε κάθε φοιτητή που σπουδάζει σε τουριστική πόλη όπου παρατηρείται•	Άμεση επαναφορά έκπτωσης φόρου ενοικίου για φοιτητές που σπουδάζουν σε άλλη πόλη.",NA,NA,NA
"ΠΟΛΙΤΙΚΗ ΔΕΣΜΕΥΣΗ (2023): Αναστολή των πλειστηριασμών πρώτης κατοικίας για τα ευάλωτα νοικοκυριά, ρύθμιση των χρεών και λήψη μέτρων για την προστασία των οφειλετών. - • Άμεση αναστολή των πλειστηριασμών πρώτης κατοικίας για τα φτωχά και πληττόμενα νοικοκυριά• Προσδιορισμός ευάλωτων νοικοκυριών με βάση συγκεκριμένα και ρεαλιστικά κριτήρια χαμηλού εισοδήματος και μεγέθους κατοικίας, με βάση τον Ν. 3869/2010.• Ρύθμιση 120 δόσεων για χρέη σε εφορία -ΕΦΚΑ, με κίνητρα για όσους τηρούν τη ρύθμιση (30% μείωση του συνολικού χρέους).• Βελτίωση των προτεινόμενων όρων αμοιβαίου διακανονισμού μεταξύ τράπεζας και οφειλέτη και εξάντληση της δυνατότητας για αριθμό δόσεων ως και τος 240, ώστε να λαμβάνεται υπόψη η δυσμενής οικονομική συγκυρία και η συνακόλουθη έλλειψη ρευστότητας, αλλά και να τηρείται η ρύθμιση• Αναβάθμιση του Κώδικα Δεοντολογίας της Τράπεζας της Ελλάδος με τη θέσπιση κινήτρων για ουσιαστική συμμετοχή των τραπεζών και των εταιρειών που αποκτούν τις απαιτήσεις τους (ΕΑΑΔΠ) για παροχή, στο πλαίσιο των αρχών του Κώδικα, αιτιολογημένων και ενδεδειγμένων προτάσεων ρύθμισης.• Πρόβλεψη προσφυγής των δανειοληπτών σε μία ανεξάρτητη βαθμίδα (Συνήγορο του Καταναλωτή, Τραπεζικό Διαμεσολαβητή ή Επιτροπή στο πλαίσιο της Ειδικής Γραμματείας Διαχείρισης του Ιδιωτικού Χρέους) προκειμένου να επιδιωχθεί περαιτέρω η διευθέτηση της οφειλής και να εξεταστεί η βιωσιμότητα ή μη της προτεινόμενης από την τράπεζα ή την ΕΑΑΔΠ ρύθμισης• Σύσταση Φορέα Απόκτησης και Εκμίσθωσης Ακινήτων για υπερχρεωμένα φυσικά πρόσωπα, με διεύρυνση των κριτηρίων ένταξης, ο οποίος δεν θα διασφαλίζει μόνο την παραμονή των υπερχρεωμένων νοικοκυριών στην κατοικία τους, μέσω ενός -επιδοτούμενου μάλιστα για τα ευάλωτα νοικοκυριά- μισθώματος, αλλά και τη μέσω της καταβολής μισθώματος αποπληρωμή της αξίας της και επαναγορά της.• Αντιμετώπιση ιδιαιτέρων προβλημάτων και εστιών υπερχρέωσης, όπως των δανείων σε ελβετικό φράγκο, με την ισομερή και δίκαιη, ανάμεσα στον δανειολήπτη και την τράπεζα, κατανομή του κινδύνου από την απρόβλεπτη ανατροπή της συναλλαγματικής ισοτιμίας.• Παροχή δυνατότητας στον οφειλέτη, πριν πωληθεί το δάνειό του, να το αγοράσει ο ίδιος (δικαίωμα προαίρεσης), σε τιμή που θα λαμβάνει υπόψη τα συμφέροντα και του πιστωτικού ιδρύματος. Η ίδια υποχρέωση θα ισχύσει, μεταβατικά, για εταιρίες απόκτησης απαιτήσεων όσον αφορά τα δάνεια που έχουν ήδη πωληθεί. Παροχή δυνατότητας, επίσης, σε αγρότες-κτηνοτρόφους να διατηρούν ένα ποσοστό της αγροτικής γης που έχει κατασχεθεί, ως μοναδικό μέσο επιβίωσης.",NA,NA,NA
"ΠΟΛΙΤΙΚΗ ΔΕΣΜΕΥΣΗ (2023): Αναβάθμιση της Πρωτοβάθμιας και Δευτεροβάθμιας Εκπαίδευσης με έμφαση στην διαμόρφωση ενός ενοποιημένου προγράμματος μεταξύ των δύο. Αύξηση των Πειραματικών, Μουσικών, Καλλιτεχνικών και Αθλητικών σχολείων. Βελτίωση του τομέα των ξένων γλωσσών και της πρόσβασης σε βιβλιοθήκες στα δημόσια σχολεία. - • Ουσιαστική ενοποίηση των προγραμμάτων της Πρωτοβάθμιας και της υποχρεωτικής Δευτεροβάθμιας Εκπαίδευσης (Νηπιαγωγείο-Δημοτικό-Γυμνάσιο).• Ίδρυση/επαναλειτουργία και εμπλουτισμός των Σχολικών Βιβλιοθηκών σε κάθε σχολική μονάδα ή ανά συγκρότημα σχολικών μονάδων καθώς και της πρόσβασης σε ψηφιακές βιβλιοθήκες.• Αναβάθμιση του τομέα των ξένων γλωσσών με αναμόρφωση προγραμμάτων και διδακτικού υλικού, με στόχο να απαλλαγούν οι οικογένειες από το πρόσθετο κόστος της εκμάθησης και της πιστοποίησής τους, οι οποίες θα ολοκληρώνονται εντός του δημοσίου σχολείου.• Αύξηση του αριθμού και επέκταση της γεωγραφικής κατανομής Πειραματικών Σχολείων όλων των βαθμίδων και Μουσικών, Καλλιτεχνικών και Αθλητικών Γυμνασίων και Λυκείων.",NA,NA,NA
"ΠΟΛΙΤΙΚΗ ΔΕΣΜΕΥΣΗ (2023): Αναβάθμιση της Πρωτοβάθμιας και Δευτεροβάθμιας Εκπαίδευσης με έμφαση στην διαμόρφωση ενός ενοποιημένου προγράμματος μεταξύ των δύο. Αύξηση των Πειραματικών, Μουσικών, Καλλιτεχνικών και Αθλητικών σχολείων. Βελτίωση του τομέα των ξένων γλωσσών και της πρόσβασης σε βιβλιοθήκες στα δημόσια σχολεία. - • Ουσιαστική ενοποίηση των προγραμμάτων της Πρωτοβάθμιας και της υποχρεωτικής Δευτεροβάθμιας Εκπαίδευσης (Νηπιαγωγείο-Δημοτικό-Γυμνάσιο).• Ίδρυση/επαναλειτουργία και εμπλουτισμός των Σχολικών Βιβλιοθηκών σε κάθε σχολική μονάδα ή ανά συγκρότημα σχολικών μονάδων καθώς και της πρόσβασης σε ψηφιακές βιβλιοθήκες.• Αναβάθμιση του τομέα των ξένων γλωσσών με αναμόρφωση προγραμμάτων και διδακτικού υλικού, με στόχο να απαλλαγούν οι οικογένειες από το πρόσθετο κόστος της εκμάθησης και της πιστοποίησής τους, οι οποίες θα ολοκληρώνονται εντός του δημοσίου σχολείου.• Αύξηση του αριθμού και επέκταση της γεωγραφικής κατανομής Πειραματικών Σχολείων όλων των βαθμίδων και Μουσικών, Καλλιτεχνικών και Αθλητικών Γυμνασίων και Λυκείων.",NA,NA,NA
"ΠΟΛΙΤΙΚΗ ΔΕΣΜΕΥΣΗ (2023): Προτεραιότητα η άμεση υλοποίηση επενδύσεων στο σιδηροδρομικό δίκτυο με βάση τα ευρωπαϊκά πρότυπα. Εξασφάλιση της καλής λειτουργίας του ΟΣΕ μέσω της ανασύστασης της Ρυθμιστικής Αρχής Σιδηροδρόμων και προτεραιότητα στην εκπαίδευση και αξιολόγηση του ανθρώπινου δυναμικού του. - •	Προσωρινή επαναφορά της σε κρατικό έλεγχο και την εξεύρεση σύντομα νέου στρατηγικού επενδυτή, που θα διασφαλίζει την υλοποίηση των απαραίτητων επενδύσεων για να αποκτήσουμε σιδηροδρομικές μεταφορές στα βέλτιστα ευρωπαϊκά πρότυπα.•	Ανασύστασή Ρυθμιστικής Αρχής Σιδηροδρόμων με βάση τα διεθνή πρότυπα και την άμεση εμπλοκή της Ευρωπαϊκής Ένωσης και του Ευρωπαϊκού Οργανισμού Σιδηροδρόμων στην παροχή τεχνογνωσίας και εποπτείας .•	Η νέα αυτή Αρχή θα πρέπει να είναι και υπεύθυνη για την εκπαίδευση και πιστοποίηση του προσωπικού του ΟΣΕ, το οποίο δεν μπορεί να προσλαμβάνεται από το παράθυρο, όπως συνέβη με τον εν λόγω Σταθμάρχη, αλλά βάσει αντικειμενικών κριτηρίων και αναγκών.•	Αξιολόγηση και αξιοκρατία στην ενίσχυση του ανθρώπινου δυναμικού του ΟΣΕ•	Έτσι και στην περίπτωση του ΟΣΕ και της ΕΡΓΟΣΕ η επιλογή των διοικήσεων θα πρέπει να γίνεται με ανοιχτό διαγωνισμό, με μια αδιάβλητη και ακομμάτιστη διαδικασία.",NA,NA,NA
"ΠΟΛΙΤΙΚΗ ΔΕΣΜΕΥΣΗ (2023): Πολιτικές στήριξης των ανέργων μέσω επιδομάτων. - • Voucher 600 ευρώ τον μήνα-για ένα χρόνο σε κάθε απολυμένο. Το voucher μπορεί να χρησιμοποιηθεί και ως επιδότηση σε εργοδότη ,για πρόσληψη του ανέργου.• Κάρτα απεριορίστων διαδρομών στα Μέσα Μαζικής Μεταφοράς για ένα μακροχρόνια άνεργο.",NA,NA,NA
"ΠΟΛΙΤΙΚΗ ΔΕΣΜΕΥΣΗ (2023): Έμφαση στην μεγαλύτερη συμμετοχή της Δημόσιας Υπηρεσίας Απασχόλησης στην υλοποίηση προγράμματος κινήτρων στον ιδιωτικό τομέα με στόχο την αύξηση των προσλήψεων - •	Η Δημόσια Υπηρεσία Απασχόλησης, εντός εξαμήνου από την εγγραφή κάθε ανέργου, θα του προτείνει μια θέση εργασίας, ή κατάρτισης ή εργασιακής εμπειρίας. •	Υλοποίηση προγράμματος κινήτρων, το οποίο θα περιλαμβάνει την επιδότηση των εργοδοτικών εισφορών από την Δημόσια Υπηρεσία Απασχόλησης, για 4 χρόνια. Η επιδότηση θα είναι 100% τον πρώτο χρόνο, 75% τον δεύτερο, 50% τον τρίτο και 25% τον τέταρτο χρόνο.",NA,NA,NA
"ΠΟΛΙΤΙΚΗ ΔΕΣΜΕΥΣΗ (2023): Προώθηση των ΜμΕ μέσω της δημιουργίας «Κέντρων Ανάπτυξης Προϊόντων» ,της ενίσχυσης σχημάτων συνεργασίας μεταξύ́ επιχειρήσεων και της ανάπτυξης ειδικών χρηματοδοτικών εργαλείων υποστήριξης και ειδικών ταμείων στοχευμένων κεφαλαίων ενίσχυσης και εγγυήσεων προς αυτές - • Δημιουργία «Κέντρων Ανάπτυξης Προϊόντων» σε συγκεκριμένες γεωγραφικές περιοχές της χώρας, τα οποία θα παρέχουν τεχνική́ βοήθεια σχεδιασμού́, προτυποποίησης και ανάπτυξης νέων προϊόντων, οργάνωσης συστημάτων εφοδιασμού́, διανομής και προώθησης σε κλάδους με δυνατότητες ανάπτυξης προϊόντων και υπηρεσιών υψηλής εγχώριας προστιθέμενης αξίας.• Προώθηση μέτρων διαμόρφωσης και ενίσχυσης σχημάτων συνεργασίας μεταξύ́ επιχειρήσεων (π.χ. συμπράξεις, κοινοπραξίες, δίκτυα) και δημιουργία ενός Δικτύου Συνεργασίας που θα συμβάλλουν στην ωρίμανση πρωτοβουλιών κάθετου και οριζόντιου συντονισμού́, στη διαμόρφωση «μικρο-αλυσίδων αξίας», στον επιμερισμό́ στοιχείων κόστους (π.χ. από́ κοινού́ παραγγελίες πρώτων υλών) και στην ανάπτυξη κοινών έργων και δράσεων επιχειρηματικής ανάπτυξης (π.χ. νέα προϊόντα και υπηρεσίες). • Σχεδιασμός και ανάπτυξη ειδικών χρηματοδοτικών εργαλείων υποστήριξης και ειδικών ταμείων στοχευμένων κεφαλαίων ενίσχυσης και εγγυήσεων, με έμφαση στις ΜμΕ, τον παραγωγικό́ τους μετασχηματισμό́, την ανάπτυξη νέων ή βελτιωμένων ποιοτικών προϊόντων και υπηρεσιών καθώς και ενεργειών διείσδυσης σε νέες θεματικές και γεωγραφικές αγορές.• Διαμόρφωση κόμβων με σκοπό την πρόσβαση των ΜμΕ σε σύγχρονο εξειδικευμένο εξοπλισμό́ (π.χ. CNC, 3D printers) και συναφείς τεχνολογίες (π.χ. εξειδικευμένο λογισμικό́) σε μια σειρά́ από́ κλάδους όπου εντοπίζονται τάσεις και δυναμικές μετασχηματισμού́ (π.χ. δημιουργική́ οικονομία και σχέδιο, αγροδιατροφή́ και νέες τεχνολογίες).",NA,NA,NA
"ΠΟΛΙΤΙΚΗ ΔΕΣΜΕΥΣΗ (2023): Θεσμοθέτηση της Κοινωνικής Κατοικίας με παροχή φθηνού ενοικίου σε νέους, οικογένειες και φοιτητές. - •	Δημιουργία δημόσιου αποθεματικού κοινωνικών κατοικιών•	Αξιοποίηση των ακινήτων του Δημοσίου•	Κίνητρα σε ιδιώτες ιδιοκτήτες για ανακαίνιση των κενών κατοικιών τους και διάθεση στο πρόγραμμα",NA,NA,NA
"ΠΟΛΙΤΙΚΗ ΔΕΣΜΕΥΣΗ (2023): Προώθηση του Ναυτικού Τουρισμού στα νησιά (Yachting). - •	Αναβάθμιση / επέκταση κατάλληλων υποδομών για ελλιμενισμό σκαφών αναψυχής. Η χώρα διαθέτει περισσότερες από 250 εν δυνάμει μαρίνες από τις οποίες, οι λογιζόμενες σήμερα ως υφιστάμενες ή μελλοντικές μαρίνες, δεν υπερβαίνουν τις 50. •	Στοχευμένη προώθηση, προβολή και ανάδειξη του yachting από την ανάπτυξη λειτουργικού δικτύου μαρινών, με σύγχρονες υποδομές.•	Αξιοποίηση ψηφιακών εργαλείων και υπηρεσιών με Δημιουργία σύγχρονης και εύχρηστης ολοκληρωμένης ψηφιακής πύλης Ναυτικού Τουρισμού, εφαρμογή ψηφιακών τεχνολογιών για την βέλτιστη λειτουργία των τουριστικών λιμένων / μαρίνων",NA,NA,NA
"ΠΟΛΙΤΙΚΗ ΔΕΣΜΕΥΣΗ (2023): Έμφαση στην προστασία του φυσικού πλούτου σε συνδυασμό με την αποτελεσματική διαχείριση αποβλήτων. Υιοθέτηση Νέας Κλιματικής Νομοθεσίας και ενίσχυση δράσεων κοινωνικής ευθύνης των πολιτών απέναντι στο περιβάλλον. - •	Ένα νέο οίκο-αναπτυξιακό πρότυπο με προστασία της βιοποικιλότητας και γεωποικιλότητας καθώς των ιδιαίτερων φυσικών και πολιτιστικών στοιχείων των προστατευόμενων περιοχών. Στήριξη ήπιων αναπτυξιακών δραστηριοτήτων οικοτουρισμού και παραγωγής τοπικών προϊόντων.•	Ολοκλήρωση των δασικών χαρτών και του Δασολογίου•	Πολυετή Σχέδια Διαχείρισης των δασών, μέσα από ένα ολοκληρωμένο χωροταξικό σχέδιο •	Να συσταθεί μια Κλιματική Κοινωνική Συνέλευση, που θα ανοίξει τον διάλογο στην κοινωνία, με συμμετοχή ιδίως των νέων, καθώς και η δημιουργία ενός Ανεξάρτητου Εθνικού Επιστημονικού Συμβουλίου, με ισχυρές και ουσιαστικές αρμοδιότητες.•	Ηλεκτρονικές Εφαρμογές που θα δίνουν τη δυνατότητα στους πολίτες να ενημερώνουν σε πραγματικό χρόνο τις αρμόδιες αρχές για περιβαλλοντικές παραβάσεις. •	Κλιματική ουδετερότητα στην Ελλάδα έως το 2050. Θεσμοθέτηση ποσοτικών δεσμεύσεων για τη μείωση των εκπομπών των αερίων του θερμοκηπίου, την εξοικονόμηση ενέργειας και τις ανανεώσιμες πηγές ενέργειας για το 2030, το 2040 και το 2050 σε σύγκριση με τα ποσοστά εκπομπών του 1990.",NA,NA,NA
"ΠΟΛΙΤΙΚΗ ΔΕΣΜΕΥΣΗ (2023): Παραπομπή των υπουργών στο Ειδικό Δικαστήριο, στην Εισαγγελία του Αρείου Πάγου, ώστε να διερευνηθούν εκεί τυχόν ποινικές ευθύνες. Επανεξέταση και αξιολόγηση του ασυμβιβάστου για τους βουλευτές που είναι ταυτόχρονα και ελεύθεροι επαγγελματίες. - •	Ποινική ευθύνη υπουργών: μεταφορά της αρμοδιότητας της Βουλής για παραπομπή των υπουργών στο Ειδικό Δικαστήριο, στην Εισαγγελία του Αρείου Πάγου. Και τούτο, προκειμένου να εξομοιωθούν με τους κοινούς πολίτες, όταν παραβιάζουν τον νόμο.•	Επανεξέταση και αξιολόγηση του ασυμβιβάστου για τους βουλευτές που είναι ταυτόχρονα και ελεύθεροι επαγγελματίες, όπως π.χ. οι δικηγόροι, στους οποίους πρέπει να απαγορευθεί να παρίστανται σε δικαστήρια που εδρεύουν στην εκλογική τους περιφέρεια. Ανάλογες προβλέψεις θα γίνουν και για άλλες επαγγελματικές δραστηριότητες που εμπλέκονται με ζητήματα βουλευτικής δεοντολογίας, καθώς και με υποθέσεις της περιφέρειας των βουλευτών.",NA,NA,NA
"ΠΟΛΙΤΙΚΗ ΔΕΣΜΕΥΣΗ (2023): Τα εγκαταλελειμμένα και ετοιμόρροπα κτίρια «βόμβες» επικινδυνότητας για τη ζωή των πολιτών. - Εκπόνηση ενός σύγχρονου και καινοτόμου θεσμικού πλαισίου για τα εγκαταλελειμμένα κτίρια, με στόχο να χτυπήσει το πρόβλημα «στη ρίζα του» και να παρακάμψει με αμεσότητα και ταχύτητα γραφειοκρατικές αγκυλώσεις.",NA,NA,NA
"ΠΟΛΙΤΙΚΗ ΔΕΣΜΕΥΣΗ (2023): Αναβαθμισμένος εμπορικός στόλος ενεργειακής αυτονομίας και τεχνολογικής πρωτοπορίας. Παράλληλα, προσαρμογή της λιμενικής πολιτικής στην σύγχρονη συνδεσιμότητα, στις περιβαλλοντικές απαιτήσεις και την ανάπτυξη του τουρισμού. - • Η ανανέωση των δρομολογημένων και μη ακτοπλοϊκών πλοίων όλων των κατηγοριών σε ορίζοντα δεκαετίας, με νέα πλοία μειωμένου περιβαλλοντικού αποτυπώματος, κατ’ εφαρμογή των αποφάσεων του Διεθνούς Ναυτιλιακού Οργανισμού (ΙΜΟ) για την κλιματική αλλαγή, με τελικό στόχο την εκμηδένιση των αέριων ρύπων που εκλύονται από τα πλοία αυτά.• Φορολογικά κίνητρα για την αξιοποίηση των ελληνικών ναυπηγικών εγκαταστάσεων και του εγχώριου ανθρώπινου δυναμικού.• Αναβάθμιση του θαλάσσιου τουρισμού, των λιμενικών υποδομών και υπηρεσιών και των λειτουργιών του δημόσιου τομέα• Προσέλκυση αλλοδαπών σκαφών αναψυχής για μόνιμο ελλιμενισμό στις ελληνικές μαρίνες. Εκσυγχρονισμός και αναβάθμιση μέσω ΣΔΙΤ των υφιστάμενων και η κατασκευή νέων μαρινών.• Ψηφιοποίηση και εκσυγχρονισμός των διαδικασιών νηολόγησης, ναύλωσης και άλλων που αφορούν τη σχέση με τον δημόσιο τομέα, στην ψηφιακή εποχή.",NA,NA,NA
"ΠΟΛΙΤΙΚΗ ΔΕΣΜΕΥΣΗ (2023): Συνέχιση του προγράμματος εκσυγχρονισμού και βελτίωσης των υποδομών και ουσιαστική αναβάθμιση των προσφερόμενων υπηρεσιών. Εφαρμογή ψηφιακών τεχνολογιών στους τρόπους πρόσβασης στα μνημεία και νέο πλαίσιο για τη πολιτιστική χορηγία από εταιρείες ή ιδιώτες. - •	Πιστοποίηση και δραστική βελτίωση υποδομών του συνόλου των αρχαιολογικών μας χώρων.•	Δημιουργία υποδομών σε αναδυόμενα μνημεία που βρίσκονται υπό αναστήλωση, με ιδιαίτερη έμφαση στα αρχαία θέατρα, ως μνημεία πολυσυλλεκτικά.•	Σύνδεση των μνημείων με τουριστικές διαδρομές βιωματικού χαρακτήρα, όπου θα αναδεικνύεται το σύνολο της τοπικής ταυτότητας και των προϊόντων ενός τόπου.•	Ένα νέο πλαίσιο πολιτιστικής χορηγίας από εταιρείες, ιδιώτες και άλλους φορείς που θέλουν να ενισχύσουν την πολιτιστική δημιουργία.•	Η ψηφιακή αποτύπωση του Πολιτισμού δημιουργεί συνθήκες καθολικής προσβασιμότητας. Η χώρα μας έχει άπειρες δυνατότητες σε αυτό το πεδίο, λόγω μεγάλου πολιτιστικού αποθέματος.",NA,NA,NA
"ΠΟΛΙΤΙΚΗ ΔΕΣΜΕΥΣΗ (2023): Η προστασία της αγροτικής περιουσίας, η αντιμετώπιση της έλλειψης εργατών γης, αναδιάρθρωση του θεσμικού πλαισίου του ΕΛΓΑ και Αναδιάρθρωση των φορέων και δημόσιων υπηρεσιών που σχετίζονται με την αγροτική πολιτική. - •	 Η προστασία της αγροτικής γης,  από κερδοσκοπικές τακτικές εξαγοράς, υψηλών ενοικίων – τιμών, μέσα από συνολικά σχέδια διαχείρισης χρήσεων-ιδιοκτησίας της γης.•	Η αντιμετώπιση της έλλειψης  εργατών  γης (Ελλήνων, υπηκόων  χωρών της Ε.Ε. και τρίτων χωρών) με μακροχρόνιο προγραμματισμό: στην εξασφάλιση  αξιοπρεπούς διαβίωσης, την δίκαιη αμοιβή τους, ασφαλιστική κάλυψή και κοινωνική προστασία. Είναι παράγοντες σημαντικοί τόσο για τον σεβασμό στον άνθρωπο, όσο και για την προστασία της αγροτικής παραγωγής•	Ο επανασχεδιασμός του συστήματος αγροτικών ασφαλίσεων με πλήρη αναδιάρθρωση του  θεσμικού πλαισίου του ΕΛΓΑ. Στελεχιακή επάνδρωση των υπηρεσιών του ΕΛΓΑ, επικαιροποίηση του Κανονισμού Ασφάλισης του ΕΛΓΑ με διεύρυνση και επέκταση της διαχείρισης χρηματοοικονομικών και περιβαλλοντικών-κλιματικών κινδύνων και δημιουργία πραγματικού «διχτυού ασφαλείας» για τον Έλληνα παραγωγό. Καθοριστικής σημασίας για τη βιωσιμότητα των αγροτικών επιχειρήσεων της χώρας είναι η αξιοποίηση εργαλείων διαχείρισης κινδύνων και ασφάλισης εισοδήματος. •	Επαναξιολόγηση του θεσμικού πλαισίου λειτουργίας των Οργανισμών του Υπουργείου Αγροτικής Ανάπτυξης και Τροφίμων (ΟΠΕΚΕΠΕ, ΕΛΓΟ-ΔΗΜΗΤΡΑ) με σκοπό την ταχύτερη και αποτελεσματική διεκπεραίωση του όγκου των αιτημάτων που διαχειρίζονται.•	Η Αναδιάρθρωση των  φορέων και δημόσιων υπηρεσιών που εμπλέκονται με τον σχεδιασμό και την υλοποίηση αγροτικής πολιτικής, σε κεντρικό και περιφερειακό επίπεδο με στόχο την απλούστευση των διαδικασιών και τον περιορισμό της  γραφειοκρατίας. Απαραίτητη είναι η ενίσχυση της μετακίνησης νέων επιστημόνων από το κέντρο στην ύπαιθρο για ενδυνάμωση του δυναμικού παραγωγής.",NA,NA,NA
"ΠΟΛΙΤΙΚΗ ΔΕΣΜΕΥΣΗ (2023): Αφενώς είμαστε απέναντι στην πολιτική ότι δεν υπάρχουν σύνορα στη θάλασσα, αφετέρου θεωρούμε αδιανόητη τη στρατηγική να μην προσπαθεί η χώρα μας να αναθεωρηθεί ο Κανονισμός του Δουβλίνου. - ",NA,NA,NA
ΠΟΛΙΤΙΚΗ ΔΕΣΜΕΥΣΗ (2023): Ενιαία ευρωπαϊκή εξωτερική πολιτική απέναντι στη Τουρκία και να πρωτοστατήσει η Ελλάδα στη δημιουργία του Ευρωστρατο - ,NA,NA,NA
"ΠΟΛΙΤΙΚΗ ΔΕΣΜΕΥΣΗ (2023): Αναγκαία η δημιουργία ευρωστρατού για την θωράκιση, ,μέσα από το ευρωπαϊκό πλαίσιο, της άμυνας και της ασφάλειας της Ελλάδος. - ",NA,NA,NA
"ΠΟΛΙΤΙΚΗ ΔΕΣΜΕΥΣΗ (2023): Περισσότερη ευρωπαϊκή ενοποίηση, εμβάθυνση της συνεργασίας σε μείζονες τομείς πολιτικής όπως την εξωτερική και την μεταναστευτική πολιτική. Δημιουργία ευρωστρατού. - ",NA,NA,NA
"ΠΟΛΙΤΙΚΗ ΔΕΣΜΕΥΣΗ (2023): Κεντρική προτεραιότητα για τον νομό Ξάνθης είναι η προστασία του περιβάλλοντος και η πράσινη ανάπτυξη. - Ανάπτυξη που σέβεται τα δάση μας, τα ποτάμια, το περιβάλλον  κι αυτό έχει ιδιαίτερη αξία εδώ στα ορεινά χωριά του νομού της Ξάνθης, διότι ο σεβασμός στο περιβάλλον μπορεί να φέρει μια ανάπτυξη ισχυρή και μακροπρόθεσμη.",NA,NA,NA
"ΠΟΛΙΤΙΚΗ ΔΕΣΜΕΥΣΗ (2023): Αξιοποίηση των ψηφιακών δυνατοτήτων, εφαρμογή των ευρωπαϊκών δεικτών ποιότητας στα σχολεία και στήριξη του ολοήμερου Νηπιαγωγείου με αναμορφωμένο εκπαιδευτικό πρόγραμμα. - •	Ένας υπολογιστής για κάθε μαθητή και εκπαιδευτικό και ένας διαδραστικός πίνακας με υπολογιστή σε κάθε τάξη.•	Εφαρμογή των ευρωπαϊκών δεικτών ποιότητας και άνοιγμα του σχολείου στην Περιβαλλοντική εκπαίδευση, στη Τέχνη, στην αγωγή υγείας.•	Στήριξη του ολοήμερου Νηπιαγωγείου με αναμορφωμένο εκπαιδευτικό πρόγραμμα.",NA,NA,NA
"ΠΟΛΙΤΙΚΗ ΔΕΣΜΕΥΣΗ (2023): Ενεργειακή δημοκρατία στη Κοζάνη, όχι στην αντικατάσταση του λιγνίτη και του άνθρακα με ξένο φυσικό αέριο, που φέρει ως αποτέλεσμα την κερδοσκοπία των ολιγαρχών. Δίκαιη και σταδιακή πράσινη μετάβαση. - •	Επενδύσεις στο δίκτυο και στην καινοτομία για τη γρήγορη και ισόρροπη ανάπτυξη των ΑΠΕ και της αποθήκευσης.•	Προτεραιότητα σε ενεργειακές κοινότητες και μικρούς παραγωγούς, ώστε να μην γίνει η παραγωγή ενέργειας προνόμιο μόνο των λίγων και ισχυρών αλλά να μπορούν αγρότες, μεταποιητές, μικρομεσαίοι να έχουν χαμηλό κόστος παραγωγής και να προστατεύονται από τις διακυμάνσεις των τιμών της ενέργειας.•	Δίκαιη ενεργειακή μετάβαση των λιγνιτικών περιοχών ώστε η απολιγνιτοποίηση να μην είναι συνώνυμη της ερημοποίησης.•	Διατήρηση Ενεργειακού Brand Name των περιοχών με νέο περιεχόμενο, αυτό της ενεργειακής δημοκρατίας που περιέγραψα παραπάνω.",NA,NA,NA
ΠΟΛΙΤΙΚΗ ΔΕΣΜΕΥΣΗ (2023): Η προστασία των συνόρων στον Έβρο είναι κύρια προτεραιότητα και θα διασφαλιστεί μέσω της δημιουργίας ευρωστρατού. - Οι Ευρωπαίοι έχουν χρέος να δημιουργήσουν τον ευρωστρατό για να ξέρει η Τουρκία ότι δεν περιφρουρούμε εμείς τα σύνορά μας μόνοι μας – γιατί είναι ευρωπαϊκά σύνορα – αλλά με το σύνολο των χωρών της Ευρωπαϊκής Ένωσης και το κόστος δεν το πληρώνει μόνη της η χώρα.,NA,NA,NA
"ΠΟΛΙΤΙΚΗ ΔΕΣΜΕΥΣΗ (2023): Δημιουργία του θεσμού του «Εθνικού Πτυχίου» , το οποίο θα πιστοποιεί την ακαδημαϊκά προσόντα όλων των αποφοίτων παρεμφερών σχολών και τμημάτων της τριτοβάθμιας εκπαίδευσης - Στόχος μεταρρύθμισης: Η αντιμετώπιση του μεγάλου προβλήματος του ελληνικού εκπαιδευτικού συστήματος να μην διαθέτει βάση σύγκρισης προσόντων και γνώσεων μεταξύ ομοειδών αποφοίτων από διαφορετικά ιδρύματα. Με την σειρά της αυτή η έλλειψη σύγκρισης προκαλεί σύγχυση στην αγορά εργασίας και οδηγεί σε λανθασμένες αποφάσεις επιλογής προσωπικού στον δημόσιο και ιδιωτικό τομέα.",NA,NA,NA
"ΠΟΛΙΤΙΚΗ ΔΕΣΜΕΥΣΗ (2023): Αυτός είναι ο µοναδικός δρόµος που εξασφαλίζει την ανάταξη των οικογενειών της µικροµεσαίας τάξης, των «χαµένων» της κρίσης και των νέων «µη προνοµιούχων». - Η ανασύνταξη των µικρών και µεσαίων κοινωνικών τάξεων που φτωχοποιούνται και περιθωριοποιούνται µε επιταχυνόµενο ρυθµό. Το καθήκον αυτό µπορεί να πραγµατοποιηθεί µόνο µε την παραγωγή νέου πλούτου, την αύξηση και τη δικαιότερη κατανοµή του εισοδήµατος, δηλαδή µέσω της αύξησης των θέσεων εργασίας που προέρχονται από την σκληρή αλλά αξιοπρεπή εργασία και την υγιή επιχειρηµατικότητα.",NA,NA,NA
"ΠΟΛΙΤΙΚΗ ΔΕΣΜΕΥΣΗ (2023): Έμφαση στη πρόσληψη νέων και μακροχρόνια ανέργων, μέσω κρατικής επιδότησης εργοδοτικών εισφορών. - • 4ετές πρόγραµµα επιδότησης εργοδοτικών εισφορών για πρόσληψη 50.000 µακροχρόνια ανέργων με χρηματοδότηση από το Ταµείο Ανάκαµψης ΕΣΠΑ (Κοινωνικό Ταµείο) • Εξασφάλιση συνεχούς και συστηματικής κατάρτισης σε νέες τεχνολογίες &amp; δεξιότητες.",NA,NA,NA
ΠΟΛΙΤΙΚΗ ΔΕΣΜΕΥΣΗ (2023): Θεσµοθέτηση αξιοπρεπούς εγγυηµένου εισοδήµατος και έμφαση στην ενίσχυση των χαμηλοσυνταξιούχων. Διευθέτηση προβλημάτων του ΕΦΚΑ σε σχέση με τις εκκρεμείς συντάξεις. - •	Καθιέρωση νέου ΕΚΑΣ για 350.000 χαμηλοσυνταξιούχους•	Αλλαγή των νόμων ΣΥΡΙΖΑ/ΝΔ και ενίσχυση της ανταποδοτικότητας των συντάξεων•	Κατάργηση της προσωπικής διαφοράς από 1/1/2024•	Προώθηση των επαγγελματικών Ταμείων,NA,NA,NA
"ΠΟΛΙΤΙΚΗ ΔΕΣΜΕΥΣΗ (2023): Ενίσχυση της χρηματοδότησης ΜμΕ μέσω ΕΣΠΑ και επαναφορά σε Εθνικό έλεγχο του Υπερταμείου, με στόχο την αξιοποίηση της δημόσιας περιουσίας. - •	Χρηματοδότηση από το ΕΣΠΑ για την μετεγκατάσταση μικρομεσαίων επιχειρήσεων ,σε οργανωμένα βιοτεχνικά πάρκα.•	Επαναφορά σε Εθνικό έλεγχο του Υπερταμείου και μετατροπή του σε Ταμείο Αξιοποίησης δημόσιας περιουσίας•	Ειδικές γραμμές χρηματοδότησης από το Ταμείο Ανάκαμψης ,για επενδύσεις μικρομεσαίων στην καινοτομία, την ενεργειακή προσαρμογή, τον ψηφιακό μετασχηματισμό.",NA,NA,NA
ΠΟΛΙΤΙΚΗ ΔΕΣΜΕΥΣΗ (2023): Έμφαση στην παροχή κινήτρων σε νέους που ξεκινούν την επιχειρηματική ή επαγγελαμτική του δραστηριότητα και αύξηση των προσλήψεν μέσω κρατικής επιδότησης. - 4ετές πρόγραµµα επιδότησης εργοδοτικών εισφορών για πρόσληψη 50.000 νέων με χρηματοδότηση από το Ταµείο Ανάκαµψης ΕΣΠΑ (Κοινωνικό Ταµείο)Φορολογικά κίνητρα σε νέους που ξεκινούν επιχειρηματική ή επαγγελματική δραστηριότητα,NA,NA,NA
"ΠΟΛΙΤΙΚΗ ΔΕΣΜΕΥΣΗ (2023): Πλήρη εργασιακά δικαιώματα σε εργαζόμενους με τηλεργασία & εδραίωση συλλογικών συμβάσεων εργασίας. - Πλήρη δικαιώµατα στους εργαζόµενους µε τηλεργασία στις πλατφόρµες και στις υπηρεσίες delivery.Τήρηση των εργασιακών και ασφαλιστικών δικαιωµάτων τους ως µισθωτοί. Εδραίωση συλλογικών συμβάσεων, οι οποίες στην Ελλάδα αποτελούν μόλις το 25%, όταν στις βόρειες ευρωπαϊκές χώρες είναι πάνω από το 70-80%.",NA,NA,NA
ΠΟΛΙΤΙΚΗ ΔΕΣΜΕΥΣΗ (2023): Περιορισμός του ορίου αφορολόγητων γονικών παροχών και επαναφορά των προγενέστερων συντελεστών φορολογίας για υψηλότερες αξίες. - Περιορισμός του ορίου αφορολόγητων γονικών παροχών κατά 50%&nbsp; ανά διαθέτη κληρονομιάς. Επαναφορά των προγενέστερων συντελεστών φορολογίας για υψηλότερες αξίες.,NA,NA,NA
ΠΟΛΙΤΙΚΗ ΔΕΣΜΕΥΣΗ (2023): Προς ένα δικαιότερο φορολογικό σύστημα. Μείωση ΦΠΑ και αύξηση αγοραστικής δύναμης του διαθέσιμου εισοδήματος. - •	Μείωση των φόρων στην εργασία.•	Μείωση του ΦΠΑ σε βασικά είδη διατροφής . Ουσιαστικοί έλεγχοι για την πάταξη της αισχροκέρδειας.,NA,NA,NA
ΠΟΛΙΤΙΚΗ ΔΕΣΜΕΥΣΗ (2023): Αναβάθμιση της Επαγγελματικής Εκπαίδευσης και σύνδεσή της με την αγορά εργασίας. - •	Η αναβάθμιση και ενίσχυση της επαγγελματικής εκπαίδευσης τόσο με ανθρώπινους και οικονομικούς πόρους αλλά πρωτίστως με αναβαθμισμένα προγράμματα σπουδών και προγράμματα μαθητείας αποτελεί μία κρίσιμη προϋπόθεση για την συνολική βελτίωση του εκπαιδευτικού συστήματος στην χώρα μας και την ανάγκη διάθεσης εξειδικευμένων στελεχών σε σύγχρονους τομείς τεχνολογίας και καινοτομίας.•	Σε κάθε Επαγγελματικό Λύκειο (ΕΠΑ.Λ.) ή συγκροτήματα ΕΠΑ.Λ. ίδρυση «Γραφείων Σύνδεσης με την Αγορά Εργασίας και Σταδιοδρομίας» και στελέχωσή τους με ικανό αριθμό «Συμβούλων Σταδιοδρομίας και Επαγγελματικού Προσανατολισμού».,NA,NA,NA
"ΠΟΛΙΤΙΚΗ ΔΕΣΜΕΥΣΗ (2023): Θεσμοθέτηση του «Εθνικού Απολυτηρίου», το οποίο θα πιστοποιεί τις γνώσεις των μαθητών σε βασικό κορμό μαθημάτων. - • Εθνικό Απολυτήριο: Αποκτάται με πανελλήνιες εξετάσεις σε βασικό κορμό μαθημάτων, στις οποίες συμμετέχουν οι απόφοιτοι Λυκείων. Δεν είναι μόνο το κύριο προαπαιτούμενο για την πρόσβαση στην Ανώτατη Εκπαίδευση αλλά και βασικό εργαλείο για την αναμόρφωση και την διαρκή αξιολόγηση της δευτεροβάθμιας εκπαίδευσης. Στο πλαίσιο αυτό θέτουμε και τον στόχο με το τέλος της υποχρεωτικής εκπαίδευσης οι μαθητές να έχουν πιστοποίηση γνώσεων στην Πληροφορική και σε μία Ξένη Γλώσσα.",NA,NA,NA
"ΠΟΛΙΤΙΚΗ ΔΕΣΜΕΥΣΗ (2023): Κάλυψη των κενών στις περιφερειακές και ακριτικές δοµές: πρόσθετες αµοιβές, επιδοτήσεις ενοικίων προσωπικού και µοριοδότηση. - Κάθε νησί θα έχει είτε επαρκώς στελεχωμένο Νοσοκομείο (για τα μεγάλα), είτε μονάδα Πρωτοβάθμιας Φροντίδας Υγείας σε διασύνδεση με το πλησιέστερο Νοσοκομείο και πλήρη στελέχωση (για τα μικρότερα).Για τα πολύ μικρά νησιά ένα περιφερειακό ιατρείο με μόνιμο ιατρό.Κίνητρα για την εξεύρεση του κατάλληλου επιστημονικού δυναμικού με πρόσθετες αμοιβές, επιδοτήσεις ενοικίων και μοριοδότηση για μόνιμες θέσεις σε Νοσοκομεία επιλογής τους.",NA,NA,NA
"ΠΟΛΙΤΙΚΗ ΔΕΣΜΕΥΣΗ (2023): Καθιέρωση Εθνικού «Αποταμιευτικού Λογαριασμού» και παροχή «κοινωνικής επιταγής» για κάθε παιδί. - • Χορήγηση επί πλέον μηνιαίου επιδόματος 200 ευρώ για κάθε νέο παιδί για άτεκνα ζευγάρια και ζευγάρια με 1 παιδί, που έχουν ετήσιο καθαρό οικογενειακό εισόδημα ως και 20.000 ευρώ.• Καθιέρωση Εθνικού «Αποταμιευτικού Λογαριασμού» για κάθε παιδί με συμμετοχή τόσο του γονέα, όσο και της Πολιτείας. (Η οικογενειακή συμμετοχή θα εκπίπτει από τον ανάλογο φόρο εισοδήματος.)",NA,NA,NA
"ΠΟΛΙΤΙΚΗ ΔΕΣΜΕΥΣΗ (2023): Κοινωνική Κατοικία με φθηνό ενοίκιο, δημιουργία δημόσιου αποθεματικού κοινωνικών κατοικιών. - - Αξιοποίηση των ακινήτων του Δημοσίου- Κίνητρα σε ιδιώτες ιδιοκτήτες για ανακαίνιση των κενών κατοικιών τους και διάθεση στο πρόγραμμα- Αξιοπρεπή και οικονομικά φοιτητικά καταλύματα σε χώρους των Πανεπιστημίων. Κατασκευή νέων φοιτητικών εστιών.",NA,NA,NA
"ΠΟΛΙΤΙΚΗ ΔΕΣΜΕΥΣΗ (2023): Αύξηση οικογενειακών επιδομάτων. - Χορήγηση επί πλέον μηνιαίου επιδόματος 200 ευρώ για κάθε νέο παιδί (και ως την ηλικία των 3 ετών) και ζευγάρια με 1 παιδί, που έχουν ετήσιο καθαρό οικογενειακό εισόδημα ως και 20.000 ευρώ.",NA,NA,NA
"ΠΟΛΙΤΙΚΗ ΔΕΣΜΕΥΣΗ (2023): Διαμόρφωση ενός βιώσιμου Ασφαλιστικού Συστήματος που να συνδυάζει με μια νέα αρχιτεκτονική την αναγκαία ανταποδοτικότητα με την Κοινωνική Δικαιοσύνη και την άρση των αδικιών. - • Θεσμοθέτηση αξιοπρεπούς εγγυημένου εισοδήματος για τους χαμηλοσυνταξιούχους με επαναφορά μιας νέας μορφής ΕΚΑΣ που θα καλύπτει περίπου 350.000 δικαιούχους.• Αντιμετώπιση των άμεσων προβλημάτων του ΕΦΚΑ (προσλήψεις, ψηφιακή επάρκεια) με στόχο την έκδοση όλων των εκκρεμών συντάξεων.",NA,NA,NA
"ΠΟΛΙΤΙΚΗ ΔΕΣΜΕΥΣΗ (2023): Ανάπτυξη Επαγγελματικών Ταμείων. - Ανάπτυξη του δεύτερου πυλώνα της Ασφάλισης, με σύσταση και ανάπτυξη των Επαγγελματικών Ταμείων.",NA,NA,NA
